module	method	path	roles	file
access	GET	/me		backend/src/modules/access/access.routes.ts
access	GET	/pages/my-catalog		backend/src/modules/access/access.routes.ts
access	GET	/rbac-reconciliation	admin	backend/src/modules/access/access.routes.ts
access	GET	/roles/catalog	admin|hr	backend/src/modules/access/access.routes.ts
access	GET	/users	admin|hr|super_admin	backend/src/modules/access/access.routes.ts
access	GET	/roles/:roleKey/summary	admin|hr	backend/src/modules/access/access.routes.ts
access	GET	/roles/:roleKey/permissions	admin	backend/src/modules/access/access.routes.ts
access	PUT	/roles/:roleKey/module-access	admin	backend/src/modules/access/access.routes.ts
access	PUT	/roles/:roleKey/permissions	admin	backend/src/modules/access/access.routes.ts
access	GET	/rbac/status	admin	backend/src/modules/access/access.routes.ts
access	POST	/rbac/sync	admin	backend/src/modules/access/access.routes.ts
access	GET	/activity	admin	backend/src/modules/access/access.routes.ts
access	GET	/roles/user/:userId	admin|hr	backend/src/modules/access/access.routes.ts
access	POST	/roles/assign	admin	backend/src/modules/access/access.routes.ts
access	POST	/roles/revoke	admin	backend/src/modules/access/access.routes.ts
access	GET	/branches	admin|hr	backend/src/modules/access/access.routes.ts
access	GET	/processes	admin|hr	backend/src/modules/access/access.routes.ts
access	GET	/roles/user-scopes/:userId	admin	backend/src/modules/access/access.routes.ts
access	POST	/roles/assign-scope	admin	backend/src/modules/access/access.routes.ts
access	DELETE	/roles/remove-scope/:scopeId	admin	backend/src/modules/access/access.routes.ts
access	GET	/audit-log		backend/src/modules/access/access.routes.ts
access	GET	/page-access	admin	backend/src/modules/access/access.routes.ts
access	GET	/pages/catalog	admin	backend/src/modules/access/access.routes.ts
access	PATCH	/pages/catalog/:pageCode/status	super_admin	backend/src/modules/access/access.routes.ts
access	GET	/users-for-access	admin	backend/src/modules/access/access.routes.ts
access	GET	/user-page-access/:userId	admin	backend/src/modules/access/access.routes.ts
access	GET	/user-page-access/:userId/effective	admin	backend/src/modules/access/access.routes.ts
access	POST	/user-page-access/assign	admin	backend/src/modules/access/access.routes.ts
access	POST	/user-page-access/bulk-assign	admin	backend/src/modules/access/access.routes.ts
access	POST	/user-page-access/revoke	admin	backend/src/modules/access/access.routes.ts
access	GET	/user-page-access-audit	admin	backend/src/modules/access/access.routes.ts
access	GET	/user-page-access-all	admin	backend/src/modules/access/access.routes.ts
access	GET	/role-page-access/:roleKey	admin	backend/src/modules/access/access.routes.ts
access	PUT	/role-page-access	admin	backend/src/modules/access/access.routes.ts
access	DELETE	/role-page-access/:roleKey/:pageCode	admin	backend/src/modules/access/access.routes.ts
access	GET	/designation-role-map	admin	backend/src/modules/access/access.routes.ts
access	POST	/designation-role-map	admin	backend/src/modules/access/access.routes.ts
access	DELETE	/designation-role-map/:id	admin	backend/src/modules/access/access.routes.ts
access	GET	/requests	admin	backend/src/modules/access/access.routes.ts
access	POST	/requests/:id/approve	admin	backend/src/modules/access/access.routes.ts
access	POST	/requests/:id/deny	admin	backend/src/modules/access/access.routes.ts
access	GET	/access-requests	admin	backend/src/modules/access/access.routes.ts
access	POST	/access-requests		backend/src/modules/access/access.routes.ts
access	POST	/access-requests/:id/approve	admin	backend/src/modules/access/access.routes.ts
access	POST	/access-requests/:id/deny	admin	backend/src/modules/access/access.routes.ts
account-control	GET	/forgot-password-info		backend/src/modules/account-control/account.control.routes.ts
account-control	POST	/reset-request	super_admin|admin|hr	backend/src/modules/account-control/account.control.routes.ts
account-control	POST	/force-change	super_admin|admin	backend/src/modules/account-control/account.control.routes.ts
account-control	POST	/lock	super_admin|admin	backend/src/modules/account-control/account.control.routes.ts
account-control	POST	/unlock	super_admin|admin	backend/src/modules/account-control/account.control.routes.ts
account-control	POST	/disable	super_admin|admin	backend/src/modules/account-control/account.control.routes.ts
account-control	POST	/enable	super_admin|admin	backend/src/modules/account-control/account.control.routes.ts
account-control	POST	/revoke-session	super_admin|admin	backend/src/modules/account-control/account.control.routes.ts
account-control	GET	/audit-log/:userId	super_admin|admin|hr	backend/src/modules/account-control/account.control.routes.ts
admin	GET	/agents		backend/src/modules/admin/costEfficiency.routes.ts
admin	GET	/processes		backend/src/modules/admin/costEfficiency.routes.ts
admin	GET	/opportunities		backend/src/modules/admin/costEfficiency.routes.ts
admin	GET	/salary-quality		backend/src/modules/admin/costEfficiency.routes.ts
admin	GET	/forecast		backend/src/modules/admin/costEfficiency.routes.ts
admin	GET	/dashboard		backend/src/modules/admin/costEfficiency.routes.ts
admin	GET	/export/:report		backend/src/modules/admin/costEfficiency.routes.ts
admin	GET	/roles		backend/src/modules/admin/role-assignment.routes.ts
admin	GET	/users/:userId/roles		backend/src/modules/admin/role-assignment.routes.ts
admin	POST	/users/:userId/roles		backend/src/modules/admin/role-assignment.routes.ts
admin	DELETE	/users/:userId/roles/:roleKey		backend/src/modules/admin/role-assignment.routes.ts
admin	GET	/role-audit		backend/src/modules/admin/role-assignment.routes.ts
admin	POST	/users/bulk-assign		backend/src/modules/admin/role-assignment.routes.ts
ai	GET	/providers	super_admin|admin	backend/src/modules/ai/ai-insights.routes.ts
ai	GET	/providers/active		backend/src/modules/ai/ai-insights.routes.ts
ai	GET	/session		backend/src/modules/ai/ai-insights.routes.ts
ai	GET	/briefing		backend/src/modules/ai/ai-insights.routes.ts
ai	GET	/company-knowledge/status		backend/src/modules/ai/ai-insights.routes.ts
ai	POST	/company-knowledge/refresh	super_admin|admin	backend/src/modules/ai/ai-insights.routes.ts
ai	POST	/providers	super_admin|admin	backend/src/modules/ai/ai-insights.routes.ts
ai	PUT	/providers/:id	super_admin|admin	backend/src/modules/ai/ai-insights.routes.ts
ai	POST	/providers/:id/test	super_admin|admin	backend/src/modules/ai/ai-insights.routes.ts
ai	POST	/providers/:id/set-default	super_admin|admin	backend/src/modules/ai/ai-insights.routes.ts
ai	POST	/providers/:id/disable	super_admin|admin	backend/src/modules/ai/ai-insights.routes.ts
ai	GET	/providers/usage	super_admin|admin	backend/src/modules/ai/ai-insights.routes.ts
ai	GET	/analytics/summary	super_admin|admin	backend/src/modules/ai/ai-insights.routes.ts
ai	GET	/analytics/counts	super_admin|admin	backend/src/modules/ai/ai-insights.routes.ts
ai	GET	/analytics/prompt-audit	super_admin|admin	backend/src/modules/ai/ai-insights.routes.ts
ai	POST	/insights		backend/src/modules/ai/ai-insights.routes.ts
ai	POST	/ask		backend/src/modules/ai/ai-insights.routes.ts
ai	POST	/ask/stream		backend/src/modules/ai/ai-insights.routes.ts
ai	POST	/explain		backend/src/modules/ai/ai-insights.routes.ts
ai	GET	/role-insights		backend/src/modules/ai/ai-insights.routes.ts
ai	GET	/supported-contexts		backend/src/modules/ai/ai-insights.routes.ts
ai	POST	/feedback		backend/src/modules/ai/ai-insights.routes.ts
ai	POST	/explain-action		backend/src/modules/ai/ai-insights.routes.ts
ai	POST	/triage/run	super_admin	backend/src/modules/ai/ai-insights.routes.ts
ai	GET	/complaints	super_admin	backend/src/modules/ai/ai-insights.routes.ts
ai	GET	/complaints/stats	super_admin	backend/src/modules/ai/ai-insights.routes.ts
ai	GET	/complaints/:id	super_admin	backend/src/modules/ai/ai-insights.routes.ts
ai	POST	/complaints/:id/retriage	super_admin	backend/src/modules/ai/ai-insights.routes.ts
ai	POST	/transcribe		backend/src/modules/ai/ai-voice.routes.ts
analytics	GET	/outcomes	hr|admin|super_admin|manager	backend/src/modules/analytics/intervention-recommendation.routes.ts
analytics	GET	/summary	qa|operations_manager|hr	backend/src/modules/analytics/top-performers.routes.ts
analytics	GET	/profile	qa|operations_manager|hr	backend/src/modules/analytics/top-performers.routes.ts
analytics	GET	/trait-mastery	qa|operations_manager|hr	backend/src/modules/analytics/top-performers.routes.ts
analytics	GET	/teachability	qa|operations_manager|hr	backend/src/modules/analytics/top-performers.routes.ts
analytics	GET	/profiles	qa|operations_manager|hr	backend/src/modules/analytics/top-performers.routes.ts
apr	GET	/data		backend/src/modules/apr/apr.routes.ts
assets	GET	/	admin|hr	backend/src/modules/assets/assets.routes.ts
assets	POST	/	admin|hr	backend/src/modules/assets/assets.routes.ts
assets	GET	/employee/:employeeId		backend/src/modules/assets/assets.routes.ts
assets	GET	/:id/history	admin|hr	backend/src/modules/assets/assets.routes.ts
assets	GET	/:id	admin|hr	backend/src/modules/assets/assets.routes.ts
assets	PUT	/:id	admin|hr	backend/src/modules/assets/assets.routes.ts
assets	POST	/:id/assign	admin|hr	backend/src/modules/assets/assets.routes.ts
assets	POST	/:id/return	admin|hr	backend/src/modules/assets/assets.routes.ts
assets	POST	/:id/service	admin|hr	backend/src/modules/assets/assets.routes.ts
assets	DELETE	/:id	admin|hr	backend/src/modules/assets/assets.routes.ts
assets	POST	/		backend/src/modules/assets/exit-pass.routes.ts
assets	GET	/		backend/src/modules/assets/exit-pass.routes.ts
assets	GET	/pending/branch-head		backend/src/modules/assets/exit-pass.routes.ts
assets	GET	/pending/admin		backend/src/modules/assets/exit-pass.routes.ts
assets	GET	/admin/branch-head-assignments		backend/src/modules/assets/exit-pass.routes.ts
assets	POST	/admin/branch-head-assignments		backend/src/modules/assets/exit-pass.routes.ts
assets	PATCH	/admin/branch-head-assignments/:id/deactivate		backend/src/modules/assets/exit-pass.routes.ts
assets	GET	/employees/search		backend/src/modules/assets/exit-pass.routes.ts
assets	GET	/verify/token/:token		backend/src/modules/assets/exit-pass.routes.ts
assets	GET	/verify/:passNumber		backend/src/modules/assets/exit-pass.routes.ts
assets	POST	/verify/:passNumber/exit		backend/src/modules/assets/exit-pass.routes.ts
assets	POST	/verify/:passNumber/return		backend/src/modules/assets/exit-pass.routes.ts
assets	GET	/:id		backend/src/modules/assets/exit-pass.routes.ts
assets	PATCH	/:id/cancel		backend/src/modules/assets/exit-pass.routes.ts
assets	POST	/:id/submit		backend/src/modules/assets/exit-pass.routes.ts
assets	POST	/:id/branch-head/decision		backend/src/modules/assets/exit-pass.routes.ts
assets	POST	/:id/admin/decision		backend/src/modules/assets/exit-pass.routes.ts
ats	GET	/candidate-count		backend/src/modules/ats/ats-analytics.routes.ts
ats	GET	/hiring-trends		backend/src/modules/ats/ats-analytics.routes.ts
ats	GET	/source-channel-roi		backend/src/modules/ats/ats-analytics.routes.ts
ats	GET	/recruiter-trends		backend/src/modules/ats/ats-analytics.routes.ts
ats	GET	/predictive		backend/src/modules/ats/ats-analytics.routes.ts
ats	GET	/time-to-hire		backend/src/modules/ats/ats-analytics.routes.ts
ats	POST	/custom-report		backend/src/modules/ats/ats-analytics.routes.ts
ats	GET	/form-config/bootstrap		backend/src/modules/ats/ats-form-config.routes.ts
ats	GET	/form-config/recruiters-by-branch		backend/src/modules/ats/ats-form-config.routes.ts
ats	GET	/form-config	admin|hr	backend/src/modules/ats/ats-form-config.routes.ts
ats	PUT	/form-config/fields	admin|hr	backend/src/modules/ats/ats-form-config.routes.ts
ats	PUT	/form-config/:key	admin|hr	backend/src/modules/ats/ats-form-config.routes.ts
ats	GET	/recruiters	admin|hr	backend/src/modules/ats/ats-form-config.routes.ts
ats	POST	/recruiters	admin|hr	backend/src/modules/ats/ats-form-config.routes.ts
ats	PATCH	/recruiters/:id	admin|hr	backend/src/modules/ats/ats-form-config.routes.ts
ats	DELETE	/recruiters/:id	admin|hr	backend/src/modules/ats/ats-form-config.routes.ts
ats	GET	/branch-aliases	admin|hr	backend/src/modules/ats/ats-form-config.routes.ts
ats	POST	/branch-aliases	admin|hr	backend/src/modules/ats/ats-form-config.routes.ts
ats	PATCH	/branch-aliases/:id	admin|hr	backend/src/modules/ats/ats-form-config.routes.ts
ats	DELETE	/branch-aliases/:id	admin|hr	backend/src/modules/ats/ats-form-config.routes.ts
ats	GET	/		backend/src/modules/ats/ats.joiningDocumentsTracker.routes.ts
ats	POST	/bulk-remind		backend/src/modules/ats/ats.joiningDocumentsTracker.routes.ts
ats	POST	/bulk-generate-checklist		backend/src/modules/ats/ats.joiningDocumentsTracker.routes.ts
ats	POST	/bulk-assign		backend/src/modules/ats/ats.joiningDocumentsTracker.routes.ts
ats	POST	/bulk-set-due-date		backend/src/modules/ats/ats.joiningDocumentsTracker.routes.ts
ats	POST	/bulk-verify		backend/src/modules/ats/ats.joiningDocumentsTracker.routes.ts
ats	POST	/resend-notification		backend/src/modules/ats/ats.joiningDocumentsTracker.routes.ts
ats	POST	/bulk-download		backend/src/modules/ats/ats.joiningDocumentsTracker.routes.ts
ats	GET	/validate-token		backend/src/modules/ats/ats.onboarding.routes.ts
ats	POST	/submit-profile		backend/src/modules/ats/ats.onboarding.routes.ts
ats	GET	/requests	hr|recruiter|admin|super_admin|payroll_hr|branch_hr|payroll_head	backend/src/modules/ats/ats.onboarding.routes.ts
ats	POST	/calculate-salary	hr|recruiter|admin|super_admin|payroll_hr	backend/src/modules/ats/ats.onboarding.routes.ts
ats	POST	/requests/:id/offer	hr|recruiter|admin|super_admin|payroll_hr	backend/src/modules/ats/ats.onboarding.routes.ts
ats	PATCH	/requests/:id/offer	hr|recruiter|admin|super_admin|payroll_hr	backend/src/modules/ats/ats.onboarding.routes.ts
ats	POST	/candidates/:id/send-onboarding-link	recruiter|hr|admin|super_admin	backend/src/modules/ats/ats.onboarding.routes.ts
ats	POST	/candidates/:id/send-reminder	recruiter|hr|admin|super_admin	backend/src/modules/ats/ats.onboarding.routes.ts
ats	PATCH	/candidates/:id/not-joining	admin|super_admin|hr	backend/src/modules/ats/ats.onboarding.routes.ts
ats	PATCH	/candidates/:id/not-joining/clear	admin|super_admin|hr	backend/src/modules/ats/ats.onboarding.routes.ts
ats	GET	/pending-approval	branch_head|admin|super_admin|hr|payroll_hr	backend/src/modules/ats/ats.onboarding.routes.ts
ats	POST	/offers/:id/approve	branch_head|admin|super_admin|hr|payroll_hr	backend/src/modules/ats/ats.onboarding.routes.ts
ats	POST	/offers/:id/reject	branch_head|admin|super_admin|hr|payroll_hr	backend/src/modules/ats/ats.onboarding.routes.ts
ats	POST	/candidates		backend/src/modules/ats/ats.routes.ts
ats	POST	/candidates/:id/upload		backend/src/modules/ats/ats.routes.ts
ats	GET	/candidates	admin|hr|recruiter|manager|super_admin	backend/src/modules/ats/ats.routes.ts
ats	GET	/candidates/:id	admin|hr|recruiter|manager	backend/src/modules/ats/ats.routes.ts
ats	PUT	/candidates/:id	admin|recruiter	backend/src/modules/ats/ats.routes.ts
ats	POST	/candidates/:id/move-stage	admin|recruiter|manager	backend/src/modules/ats/ats.routes.ts
ats	GET	/candidates/:id/stage-logs	admin|hr|recruiter|manager	backend/src/modules/ats/ats.routes.ts
ats	POST	/convert/:candidateId	admin|hr	backend/src/modules/ats/ats.routes.ts
ats	GET	/onboarding-bridge	admin|hr|manager	backend/src/modules/ats/ats.routes.ts
ats	POST	/onboarding-bridge	admin|hr	backend/src/modules/ats/ats.routes.ts
ats	PATCH	/onboarding-bridge/:id	admin|hr	backend/src/modules/ats/ats.routes.ts
ats	GET	/sourcing-channels	admin|hr|recruiter	backend/src/modules/ats/ats.routes.ts
ats	GET	/stats	admin|HR_DASHBOARD|CEO_DASHBOARD|MANAGEMENT_DASHBOARD|SUPER_ADMIN_DASHBOARD|RECRUITER_DASHBOARD|<spread>	backend/src/modules/ats/ats.routes.ts
ats	GET	/walkin-queue	admin|hr|recruiter	backend/src/modules/ats/ats.routes.ts
ats	GET	/waiting-queue	admin|hr|recruiter|manager	backend/src/modules/ats/ats.routes.ts
ats	POST	/queue-tokens	admin|hr|super_admin|recruiter	backend/src/modules/ats/ats.routes.ts
ats	GET	/queue-tokens/candidate/:candidateId	admin|hr|super_admin|recruiter	backend/src/modules/ats/ats.routes.ts
ats	POST	/queue-tokens/:id/walk-out	admin|hr|super_admin|recruiter	backend/src/modules/ats/ats.routes.ts
ats	POST	/queue-tokens/re-entry	admin|hr|super_admin|recruiter	backend/src/modules/ats/ats.routes.ts
ats	PATCH	/queue-tokens/:id/assign-recruiter	admin|hr|super_admin|recruiter	backend/src/modules/ats/ats.routes.ts
ats	PATCH	/queue-tokens/:id/assign-interviewer	admin|hr|super_admin|recruiter	backend/src/modules/ats/ats.routes.ts
ats	PATCH	/queue-tokens/:id/stage	admin|hr|super_admin|recruiter	backend/src/modules/ats/ats.routes.ts
ats	GET	/queue-tokens/active	admin|hr|super_admin|recruiter|manager	backend/src/modules/ats/ats.routes.ts
ats	POST	/recruiter/verify		backend/src/modules/ats/ats.routes.ts
ats	GET	/recruiter/my-candidates	admin|hr|super_admin|recruiter	backend/src/modules/ats/ats.routes.ts
ats	GET	/recruiter/submission-history	admin|hr|super_admin|recruiter	backend/src/modules/ats/ats.routes.ts
ats	GET	/recruiter/daily-stats	admin|hr|super_admin|recruiter	backend/src/modules/ats/ats.routes.ts
ats	GET	/recruiter/my-performance	admin|hr|super_admin|recruiter	backend/src/modules/ats/ats.routes.ts
ats	GET	/recruiter/other-pending	admin|hr|super_admin|recruiter	backend/src/modules/ats/ats.routes.ts
ats	GET	/recruiter-roster/active	admin|hr|super_admin	backend/src/modules/ats/ats.routes.ts
ats	PATCH	/recruiter-roster/:id/deactivate	admin|hr|super_admin	backend/src/modules/ats/ats.routes.ts
ats	PATCH	/candidates/:id/reassign	admin|hr|super_admin	backend/src/modules/ats/ats.routes.ts
ats	GET	/my-onboarding-status		backend/src/modules/ats/ats.routes.ts
ats	POST	/trigger-daily-report	admin|hr_admin|super_admin	backend/src/modules/ats/ats.routes.ts
ats	POST	/test-daily-report		backend/src/modules/ats/ats.routes.ts
ats	POST	/consent		backend/src/modules/ats/bgv-verification.routes.ts
ats	GET	/status		backend/src/modules/ats/bgv-verification.routes.ts
ats	POST	/verify/pan		backend/src/modules/ats/bgv-verification.routes.ts
ats	POST	/verify/bank		backend/src/modules/ats/bgv-verification.routes.ts
ats	POST	/verify/uan		backend/src/modules/ats/bgv-verification.routes.ts
ats	POST	/verify/aadhaar-offline		backend/src/modules/ats/bgv-verification.routes.ts
ats	POST	/verify/address-doc		backend/src/modules/ats/bgv-verification.routes.ts
ats	POST	/verify/education		backend/src/modules/ats/bgv-verification.routes.ts
ats	POST	/verify/court		backend/src/modules/ats/bgv-verification.routes.ts
ats	POST	/digilocker/start		backend/src/modules/ats/bgv-verification.routes.ts
ats	POST	/provider/callback		backend/src/modules/ats/bgv-verification.routes.ts
ats	GET	/queue	admin|hr|recruiter	backend/src/modules/ats/bgv-verification.routes.ts
ats	GET	/candidates	admin|hr|recruiter	backend/src/modules/ats/bgv-verification.routes.ts
ats	GET	/candidates/:candidateId	admin|hr|recruiter	backend/src/modules/ats/bgv-verification.routes.ts
ats	GET	/status/:candidateId	admin|hr|recruiter	backend/src/modules/ats/bgv-verification.routes.ts
ats	POST	/trigger/:candidateId	admin|hr	backend/src/modules/ats/bgv-verification.routes.ts
ats	POST	/retry/:candidateId/:checkType	admin|hr	backend/src/modules/ats/bgv-verification.routes.ts
ats	POST	/candidates/:candidateId/verify/pan	admin|hr	backend/src/modules/ats/bgv-verification.routes.ts
ats	POST	/candidates/:candidateId/verify/bank	admin|hr	backend/src/modules/ats/bgv-verification.routes.ts
ats	POST	/candidates/:candidateId/manual-review	admin|hr|payroll_head	backend/src/modules/ats/bgv-verification.routes.ts
ats	PATCH	/manual-feedback/:candidateId/:checkType	admin|hr	backend/src/modules/ats/bgv-verification.routes.ts
ats	PATCH	/name-match/:candidateId/override	admin|hr	backend/src/modules/ats/bgv-verification.routes.ts
ats	POST	/candidates/:candidateId/waive	admin|hr|payroll_head	backend/src/modules/ats/bgv-verification.routes.ts
ats	GET	/report	admin|hr	backend/src/modules/ats/bgv-verification.routes.ts
ats	POST	/report	admin|hr	backend/src/modules/ats/bgv-verification.routes.ts
ats	GET	/candidates/:candidateId/vendor-dispatches	admin|hr	backend/src/modules/ats/bgv-verification.routes.ts
ats	POST	/candidates/:candidateId/vendor-dispatch	admin|hr	backend/src/modules/ats/bgv-verification.routes.ts
ats	PATCH	/candidates/:candidateId/vendor-dispatch/:dispatchId/result	admin|hr	backend/src/modules/ats/bgv-verification.routes.ts
ats	POST	/report/initiate-portal	admin|hr	backend/src/modules/ats/bgv-verification.routes.ts
ats	GET	/admin/provider-config	admin	backend/src/modules/ats/bgv-verification.routes.ts
ats	PUT	/admin/provider-config	admin	backend/src/modules/ats/bgv-verification.routes.ts
ats	POST	/sync-report	admin|hr	backend/src/modules/ats/bgv-verification.routes.ts
ats	GET	/report/full	admin|hr	backend/src/modules/ats/bgv-verification.routes.ts
ats	GET	/report/digilocker-photo	admin|hr	backend/src/modules/ats/bgv-verification.routes.ts
ats	GET	/provider-status	admin|hr	backend/src/modules/ats/bgv-verification.routes.ts
ats	GET	/api-logs	admin|hr	backend/src/modules/ats/bgv-verification.routes.ts
ats	GET	/api-stats	admin|hr	backend/src/modules/ats/bgv-verification.routes.ts
ats	GET	/api-costs	admin|super_admin|hr	backend/src/modules/ats/bgv-verification.routes.ts
ats	GET	/api-cost-report	admin|super_admin|hr	backend/src/modules/ats/bgv-verification.routes.ts
ats	GET	/api-failures	admin|super_admin|hr	backend/src/modules/ats/bgv-verification.routes.ts
ats	POST	/test-connection	admin|hr	backend/src/modules/ats/bgv-verification.routes.ts
ats	GET	/pending	admin|hr	backend/src/modules/ats/bgv.enhanced.routes.ts
ats	GET	/stats/overview	admin|hr	backend/src/modules/ats/bgv.enhanced.routes.ts
ats	GET	/:candidateId	admin|hr|recruiter|manager|super_admin	backend/src/modules/ats/bgv.enhanced.routes.ts
ats	POST	/initiate	admin|hr	backend/src/modules/ats/bgv.enhanced.routes.ts
ats	POST	/update-status	admin|hr	backend/src/modules/ats/bgv.enhanced.routes.ts
ats	POST	/name-match/run	admin|hr	backend/src/modules/ats/bgv.enhanced.routes.ts
ats	POST	/name-match/override	admin|hr	backend/src/modules/ats/bgv.enhanced.routes.ts
ats	GET	/		backend/src/modules/ats/bmi-benchmark.routes.ts
ats	POST	/manual		backend/src/modules/ats/bmi-benchmark.routes.ts
ats	GET	/pending		backend/src/modules/ats/branch-head-approval.routes.ts
ats	POST	/process		backend/src/modules/ats/branch-head-approval.routes.ts
ats	GET	/history/:candidateId		backend/src/modules/ats/branch-head-approval.routes.ts
ats	GET	/stats		backend/src/modules/ats/branch-head-approval.routes.ts
ats	GET	/decisions		backend/src/modules/ats/branch-head-approval.routes.ts
ats	GET	/journey/:candidateId		backend/src/modules/ats/branch-head-approval.routes.ts
ats	POST	/candidates		backend/src/modules/ats/bulk-import.routes.ts
ats	POST	/preview	admin|super_admin	backend/src/modules/ats/bulk-import.routes.ts
ats	POST	/login		backend/src/modules/ats/candidate-portal.routes.ts
ats	GET	/profile		backend/src/modules/ats/candidate-portal.routes.ts
ats	GET	/tasks		backend/src/modules/ats/candidate-portal.routes.ts
ats	GET	/documents		backend/src/modules/ats/candidate-portal.routes.ts
ats	POST	/upload-document		backend/src/modules/ats/candidate-portal.routes.ts
ats	POST	/complete-task		backend/src/modules/ats/candidate-portal.routes.ts
ats	GET	/metrics		backend/src/modules/ats/command-centre.routes.ts
ats	GET	/sources		backend/src/modules/ats/command-centre.routes.ts
ats	GET	/branches		backend/src/modules/ats/command-centre.routes.ts
ats	GET	/recruiters		backend/src/modules/ats/command-centre.routes.ts
ats	GET	/timeline		backend/src/modules/ats/command-centre.routes.ts
ats	GET	/stages		backend/src/modules/ats/command-centre.routes.ts
ats	GET	/roles		backend/src/modules/ats/command-centre.routes.ts
ats	GET	/experience		backend/src/modules/ats/command-centre.routes.ts
ats	GET	/:candidateId/gate-check	payroll_hr|payroll_head|admin|hr	backend/src/modules/ats/employee-code-gate.routes.ts
ats	POST	/:candidateId/generate	admin|hr|payroll_hr	backend/src/modules/ats/employee-code-gate.routes.ts
ats	GET	/	super_admin|admin|hr|payroll_hr|payroll_head	backend/src/modules/ats/fraud-alerts.routes.ts
ats	GET	/candidate/:candidateId	super_admin|admin|hr|payroll_hr|payroll_head	backend/src/modules/ats/fraud-alerts.routes.ts
ats	PATCH	/:alertId/review	super_admin|admin|hr|payroll_hr|payroll_head	backend/src/modules/ats/fraud-alerts.routes.ts
ats	GET	/stats	super_admin|admin|hr|payroll_hr|payroll_head	backend/src/modules/ats/fraud-alerts.routes.ts
ats	GET	/candidate/:candidateId/comparison	super_admin|admin|hr|payroll_hr|payroll_head	backend/src/modules/ats/fraud-alerts.routes.ts
ats	GET	/documents/face-detect/:documentId	super_admin|admin|hr|payroll_hr|payroll_head	backend/src/modules/ats/fraud-alerts.routes.ts
ats	GET	/documents/digilocker-preview/:candidateId	super_admin|admin|hr|payroll_hr|payroll_head	backend/src/modules/ats/fraud-alerts.routes.ts
ats	GET	/documents/digilocker-face-detect/:candidateId	super_admin|admin|hr|payroll_hr|payroll_head	backend/src/modules/ats/fraud-alerts.routes.ts
ats	GET	/documents/digilocker-face-photo/:candidateId	super_admin|admin|hr|payroll_hr|payroll_head	backend/src/modules/ats/fraud-alerts.routes.ts
ats	GET	/assigned-candidates		backend/src/modules/ats/interview.routes.ts
ats	GET	/candidate/:candidateId		backend/src/modules/ats/interview.routes.ts
ats	POST	/submit-result		backend/src/modules/ats/interview.routes.ts
ats	GET	/history/:candidateId		backend/src/modules/ats/interview.routes.ts
ats	GET	/performance		backend/src/modules/ats/interview.routes.ts
ats	POST	/update-queue-status		backend/src/modules/ats/interview.routes.ts
ats	GET	/:candidateId	payroll_hr|payroll_head|admin|branch_head|hr	backend/src/modules/ats/jclr.routes.ts
ats	POST	/:candidateId	payroll_hr|payroll_head|admin	backend/src/modules/ats/jclr.routes.ts
ats	POST	/:candidateId/approve	branch_head|admin	backend/src/modules/ats/jclr.routes.ts
ats	GET	/queue		backend/src/modules/ats/joining-control-room.routes.ts
ats	GET	/candidates/:candidateId		backend/src/modules/ats/joining-control-room.routes.ts
ats	PUT	/candidates/:candidateId/payroll		backend/src/modules/ats/joining-control-room.routes.ts
ats	PUT	/candidates/:candidateId/jclr		backend/src/modules/ats/joining-control-room.routes.ts
ats	PUT	/candidates/:candidateId/statutory		backend/src/modules/ats/joining-control-room.routes.ts
ats	POST	/candidates/:candidateId/dpdp-consent		backend/src/modules/ats/joining-control-room.routes.ts
ats	POST	/candidates/:candidateId/dpdp-withdrawal		backend/src/modules/ats/joining-control-room.routes.ts
ats	POST	/candidates/:candidateId/readiness		backend/src/modules/ats/joining-control-room.routes.ts
ats	POST	/candidates/:candidateId/salary-register/lock		backend/src/modules/ats/joining-control-room.routes.ts
ats	POST	/candidates/:candidateId/salary-proposal/approve		backend/src/modules/ats/joining-control-room.routes.ts
ats	POST	/candidates/:candidateId/employee-code		backend/src/modules/ats/joining-control-room.routes.ts
ats	GET	/callback		backend/src/modules/ats/mock-digilocker.routes.ts
ats	POST	/:candidateId/recalculate	admin|hr|super_admin	backend/src/modules/ats/name-consistency.routes.ts
ats	GET	/	admin|hr|recruiter	backend/src/modules/ats/name-consistency.routes.ts
ats	GET	/:candidateId		backend/src/modules/ats/name-consistency.routes.ts
ats	POST	/:candidateId/override-request	admin|hr	backend/src/modules/ats/name-consistency.routes.ts
ats	POST	/:candidateId/override-approve	admin|hr	backend/src/modules/ats/name-consistency.routes.ts
ats	POST	/:candidateId/override-reject	admin|hr	backend/src/modules/ats/name-consistency.routes.ts
ats	GET	/validate-token		backend/src/modules/ats/onboarding-full.routes.ts
ats	GET	/status		backend/src/modules/ats/onboarding-full.routes.ts
ats	POST	/employee-details		backend/src/modules/ats/onboarding-full.routes.ts
ats	POST	/bank-details		backend/src/modules/ats/onboarding-full.routes.ts
ats	POST	/qualification		backend/src/modules/ats/onboarding-full.routes.ts
ats	POST	/family		backend/src/modules/ats/onboarding-full.routes.ts
ats	POST	/experience		backend/src/modules/ats/onboarding-full.routes.ts
ats	POST	/final-section		backend/src/modules/ats/onboarding-full.routes.ts
ats	POST	/documents		backend/src/modules/ats/onboarding-full.routes.ts
ats	DELETE	/documents/:documentId		backend/src/modules/ats/onboarding-full.routes.ts
ats	GET	/documents/preview/:documentId		backend/src/modules/ats/onboarding-full.routes.ts
ats	GET	/documents/:documentId/download		backend/src/modules/ats/onboarding-full.routes.ts
ats	POST	/progress		backend/src/modules/ats/onboarding-full.routes.ts
ats	POST	/submit		backend/src/modules/ats/onboarding-full.routes.ts
ats	POST	/statutory		backend/src/modules/ats/onboarding-full.routes.ts
ats	POST	/otp/send		backend/src/modules/ats/onboarding-full.routes.ts
ats	POST	/otp/verify		backend/src/modules/ats/onboarding-full.routes.ts
ats	POST	/autosave		backend/src/modules/ats/onboarding-full.routes.ts
ats	GET	/autosave/:candidateId	admin|hr	backend/src/modules/ats/onboarding-full.routes.ts
ats	POST	/privacy-consent		backend/src/modules/ats/onboarding-full.routes.ts
ats	POST	/digilocker/initiate		backend/src/modules/ats/onboarding-full.routes.ts
ats	POST	/esign/initiate		backend/src/modules/ats/onboarding-full.routes.ts
ats	POST	/digilocker/sync		backend/src/modules/ats/onboarding-full.routes.ts
ats	POST	/languages		backend/src/modules/ats/onboarding-full.routes.ts
ats	GET	/requests	admin|super_admin|hr|manager|payroll_hr	backend/src/modules/ats/onboarding-full.routes.ts
ats	GET	/candidate/:candidateId	admin|super_admin|hr|manager|payroll_hr	backend/src/modules/ats/onboarding-full.routes.ts
ats	PATCH	/candidate/:candidateId/review	admin|super_admin|hr	backend/src/modules/ats/onboarding-full.routes.ts
ats	PATCH	/candidate/:candidateId/payroll-review	admin|super_admin|payroll_hr|payroll	backend/src/modules/ats/onboarding-full.routes.ts
ats	GET	/candidate/:candidateId/bgv-readiness	admin|super_admin|hr|payroll_hr|payroll	backend/src/modules/ats/onboarding-full.routes.ts
ats	POST	/candidate/:candidateId/digilocker/initiate	admin|super_admin|hr	backend/src/modules/ats/onboarding-full.routes.ts
ats	POST	/candidate/:candidateId/digilocker/sync	admin|super_admin|hr	backend/src/modules/ats/onboarding-full.routes.ts
ats	POST	/candidate/:candidateId/esign/initiate	admin|super_admin|hr	backend/src/modules/ats/onboarding-full.routes.ts
ats	GET	/provider-status	admin|super_admin|hr	backend/src/modules/ats/onboarding-full.routes.ts
ats	POST	/family-members		backend/src/modules/ats/onboarding-full.routes.ts
ats	POST	/nominees		backend/src/modules/ats/onboarding-full.routes.ts
ats	GET	/blockers		backend/src/modules/ats/onboarding-full.routes.ts
ats	PATCH	/pf-opt-out-consent		backend/src/modules/ats/onboarding-full.routes.ts
ats	PUT	/section-status		backend/src/modules/ats/onboarding-full.routes.ts
ats	GET	/pending-candidates		backend/src/modules/ats/payroll-hr.routes.ts
ats	GET	/validated-candidates		backend/src/modules/ats/payroll-hr.routes.ts
ats	GET	/salary-slabs		backend/src/modules/ats/payroll-hr.routes.ts
ats	GET	/candidate/:candidateId		backend/src/modules/ats/payroll-hr.routes.ts
ats	POST	/validate		backend/src/modules/ats/payroll-hr.routes.ts
ats	POST	/validate-slab		backend/src/modules/ats/payroll-hr.routes.ts
ats	POST	/salary-proposal		backend/src/modules/ats/payroll-hr.routes.ts
ats	POST	/submit-offer		backend/src/modules/ats/payroll-hr.routes.ts
ats	GET	/validation/:candidateId		backend/src/modules/ats/payroll-hr.routes.ts
ats	POST	/notify-branch-head		backend/src/modules/ats/payroll-hr.routes.ts
ats	POST	/calculate-breakdown		backend/src/modules/ats/payroll-hr.routes.ts
ats	GET	/branches		backend/src/modules/ats/queue.routes.ts
ats	GET	/public-display		backend/src/modules/ats/queue.routes.ts
ats	GET	/ops-board		backend/src/modules/ats/queue.routes.ts
ats	GET	/display-stream		backend/src/modules/ats/queue.routes.ts
ats	GET	/ops-round	operations_manager|admin|hr|super_admin	backend/src/modules/ats/queue.routes.ts
ats	GET	/live		backend/src/modules/ats/queue.routes.ts
ats	GET	/metrics		backend/src/modules/ats/queue.routes.ts
ats	GET	/next-candidate		backend/src/modules/ats/queue.routes.ts
ats	POST	/update-status		backend/src/modules/ats/queue.routes.ts
ats	GET	/my-queue		backend/src/modules/ats/queue.routes.ts
ats	POST	/call-next		backend/src/modules/ats/queue.routes.ts
ats	POST	/mark-no-show		backend/src/modules/ats/queue.routes.ts
ats	GET	/position/:candidateId		backend/src/modules/ats/queue.routes.ts
ats	GET	/summary		backend/src/modules/ats/reconciliation.routes.ts
ats	GET	/bgv/auto-approved		backend/src/modules/ats/reconciliation.routes.ts
ats	GET	/bgv/clear-without-checks		backend/src/modules/ats/reconciliation.routes.ts
ats	GET	/bgv/payroll-without-bgv		backend/src/modules/ats/reconciliation.routes.ts
ats	GET	/salary/annual-equals-monthly		backend/src/modules/ats/reconciliation.routes.ts
ats	GET	/salary/joining-before-salary-start		backend/src/modules/ats/reconciliation.routes.ts
ats	GET	/salary/duplicate-assignments		backend/src/modules/ats/reconciliation.routes.ts
ats	GET	/salary/employees-without-salary		backend/src/modules/ats/reconciliation.routes.ts
ats	GET	/lifecycle/onboarded-without-employee		backend/src/modules/ats/reconciliation.routes.ts
ats	GET	/lifecycle/offer-approved-no-employee		backend/src/modules/ats/reconciliation.routes.ts
ats	GET	/lifecycle/employee-before-bgv-clear		backend/src/modules/ats/reconciliation.routes.ts
ats	GET	/lifecycle/active-before-joining		backend/src/modules/ats/reconciliation.routes.ts
ats	GET	/lifecycle/employees-without-provisioning		backend/src/modules/ats/reconciliation.routes.ts
ats	GET	/provisioning/missing-mandatory-tasks		backend/src/modules/ats/reconciliation.routes.ts
ats	GET	/provisioning/email-sync-gap		backend/src/modules/ats/reconciliation.routes.ts
ats	GET	/provisioning/tasks-done-employee-inactive		backend/src/modules/ats/reconciliation.routes.ts
ats	GET	/provisioning/duplicate-tasks		backend/src/modules/ats/reconciliation.routes.ts
ats	GET	/duplication/candidate-multiple-employees		backend/src/modules/ats/reconciliation.routes.ts
ats	GET	/duplication/employee-code-mismatch		backend/src/modules/ats/reconciliation.routes.ts
ats	GET	/interviewers		backend/src/modules/ats/recruiter-hiring.routes.ts
ats	GET	/recruiter/hiring-activity/bootstrap		backend/src/modules/ats/recruiter-hiring.routes.ts
ats	GET	/recruiter/hiring-activity		backend/src/modules/ats/recruiter-hiring.routes.ts
ats	POST	/recruiter/hiring-activity		backend/src/modules/ats/recruiter-hiring.routes.ts
ats	GET	/recruiter/hiring-activity/analytics		backend/src/modules/ats/recruiter-hiring.routes.ts
ats	POST	/recruiter/hiring-activity/backfill-from-candidates		backend/src/modules/ats/recruiter-hiring.routes.ts
ats	GET	/recruiter/hiring-activity/report		backend/src/modules/ats/recruiter-hiring.routes.ts
ats	GET	/recruiter/hiring-activity/:id		backend/src/modules/ats/recruiter-hiring.routes.ts
ats	PUT	/recruiter/hiring-activity/:id		backend/src/modules/ats/recruiter-hiring.routes.ts
ats	DELETE	/recruiter/hiring-activity/:id		backend/src/modules/ats/recruiter-hiring.routes.ts
ats	POST	/recruiter/hiring-activity/import		backend/src/modules/ats/recruiter-hiring.routes.ts
ats	GET	/recruiter/hiring-activity/import/:batchId		backend/src/modules/ats/recruiter-hiring.routes.ts
ats	GET	/recruiter/hiring-activity/import/:batchId/errors		backend/src/modules/ats/recruiter-hiring.routes.ts
ats	GET	/recruiter/hiring-dashboard		backend/src/modules/ats/recruiter-hiring.routes.ts
ats	GET	/recruiter/calling-dashboard		backend/src/modules/ats/recruiter-hiring.routes.ts
ats	POST	/recruiter/hiring-activity/:id/create-candidate		backend/src/modules/ats/recruiter-hiring.routes.ts
ats	POST	/recruiter/hiring-activity/:id/generate-token		backend/src/modules/ats/recruiter-hiring.routes.ts
ats	POST	/recruiter/hiring-activity/:id/send-onboarding		backend/src/modules/ats/recruiter-hiring.routes.ts
ats	POST	/recruiter/hiring-activity/:id/set-followup		backend/src/modules/ats/recruiter-hiring.routes.ts
ats	POST	/recruiter/hiring-activity/:id/log-followup-call		backend/src/modules/ats/recruiter-hiring.routes.ts
ats	POST	/test-daily-report		backend/src/modules/ats/registration.enhanced.routes.ts
ats	GET	/branch-aliases		backend/src/modules/ats/registration.enhanced.routes.ts
ats	GET	/recruiters/:branchName		backend/src/modules/ats/registration.enhanced.routes.ts
ats	POST	/submit-enhanced		backend/src/modules/ats/registration.enhanced.routes.ts
ats	POST	/parse-resume		backend/src/modules/ats/registration.enhanced.routes.ts
ats	POST	/:candidateId/consent		backend/src/modules/ats/registration.enhanced.routes.ts
ats	GET	/:candidateId	payroll_hr|payroll_head|admin|hr	backend/src/modules/ats/salary-component-assignment.routes.ts
ats	POST	/:candidateId	payroll_hr|payroll_head|admin	backend/src/modules/ats/salary-component-assignment.routes.ts
ats	GET	/candidates/:candidateId/documents		backend/src/modules/ats/secure-documents.routes.ts
ats	GET	/documents/:documentId/metadata		backend/src/modules/ats/secure-documents.routes.ts
ats	GET	/documents/:documentId/preview-url		backend/src/modules/ats/secure-documents.routes.ts
ats	GET	/documents/:documentId/audit		backend/src/modules/ats/secure-documents.routes.ts
ats	GET	/documents/:documentId/stream		backend/src/modules/ats/secure-documents.routes.ts
ats	GET	/documents/:documentId/download		backend/src/modules/ats/secure-documents.routes.ts
ats	POST	/documents/:documentId/verify		backend/src/modules/ats/secure-documents.routes.ts
ats	POST	/documents/:documentId/reject		backend/src/modules/ats/secure-documents.routes.ts
ats	POST	/documents/:documentId/request-reupload		backend/src/modules/ats/secure-documents.routes.ts
ats	GET	/modules		backend/src/modules/ats/super-admin.routes.ts
ats	GET	/module-access		backend/src/modules/ats/super-admin.routes.ts
ats	GET	/employees-with-access		backend/src/modules/ats/super-admin.routes.ts
ats	POST	/grant-access		backend/src/modules/ats/super-admin.routes.ts
ats	POST	/revoke-access		backend/src/modules/ats/super-admin.routes.ts
ats	POST	/bulk-grant		backend/src/modules/ats/super-admin.routes.ts
ats	POST	/bulk-revoke		backend/src/modules/ats/super-admin.routes.ts
ats	GET	/check-access		backend/src/modules/ats/super-admin.routes.ts
ats	GET	/employee-modules/:employeeCode		backend/src/modules/ats/super-admin.routes.ts
ats	GET	/search-employees		backend/src/modules/ats/super-admin.routes.ts
ats	POST	/trigger	<spread>	backend/src/modules/ats/test-daily-report.routes.ts
ats-assessment	GET	/assessment/health		backend/src/modules/ats-assessment/assessment.routes.ts
ats-assessment	GET	/assessment/session/:token		backend/src/modules/ats-assessment/assessment.routes.ts
ats-assessment	POST	/assessment/session/:token/start		backend/src/modules/ats-assessment/assessment.routes.ts
ats-assessment	PUT	/assessment/session/:token/responses/:questionId		backend/src/modules/ats-assessment/assessment.routes.ts
ats-assessment	POST	/assessment/session/:token/integrity		backend/src/modules/ats-assessment/assessment.routes.ts
ats-assessment	POST	/assessment/session/:token/typing/start		backend/src/modules/ats-assessment/assessment.routes.ts
ats-assessment	POST	/assessment/session/:token/typing/:typingAttemptId/submit		backend/src/modules/ats-assessment/assessment.routes.ts
ats-assessment	POST	/assessment/session/:token/submit		backend/src/modules/ats-assessment/assessment.routes.ts
ats-assessment	POST	/assessment/session/:token/identity/otp		backend/src/modules/ats-assessment/assessment.routes.ts
ats-assessment	POST	/assessment/session/:token/identity/verify		backend/src/modules/ats-assessment/assessment.routes.ts
ats-assessment	GET	/assessment/session/:token/result		backend/src/modules/ats-assessment/assessment.routes.ts
ats-assessment	GET	/assessment-admin/dashboard		backend/src/modules/ats-assessment/assessment.routes.ts
ats-assessment	GET	/assessment-admin/candidates/search		backend/src/modules/ats-assessment/assessment.routes.ts
ats-assessment	GET	/assessment-admin/candidates/:candidateId/summary		backend/src/modules/ats-assessment/assessment.routes.ts
ats-assessment	POST	/assessment-admin/candidates/:candidateId/assign		backend/src/modules/ats-assessment/assessment.routes.ts
ats-assessment	GET	/assessment-admin/attempts		backend/src/modules/ats-assessment/assessment.routes.ts
ats-assessment	GET	/assessment-admin/attempts/:attemptId		backend/src/modules/ats-assessment/assessment.routes.ts
ats-assessment	POST	/assessment-admin/attempts/:attemptId/review		backend/src/modules/ats-assessment/assessment.routes.ts
ats-assessment	POST	/assessment-admin/attempts/:attemptId/cancel		backend/src/modules/ats-assessment/assessment.routes.ts
ats-assessment	GET	/assessment-admin/templates		backend/src/modules/ats-assessment/assessment.routes.ts
ats-assessment	POST	/assessment-admin/templates/sync-defaults		backend/src/modules/ats-assessment/assessment.routes.ts
ats-assessment	PATCH	/assessment-admin/templates/:templateId/active		backend/src/modules/ats-assessment/assessment.routes.ts
ats-assessment	POST	/assessment-admin/templates		backend/src/modules/ats-assessment/assessment.routes.ts
ats-assessment	GET	/assessment-admin/mappings		backend/src/modules/ats-assessment/assessment.routes.ts
ats-assessment	POST	/assessment-admin/mappings		backend/src/modules/ats-assessment/assessment.routes.ts
ats-assessment	PATCH	/assessment-admin/mappings/:mappingId/active		backend/src/modules/ats-assessment/assessment.routes.ts
ats-assessment	GET	/assessment-template-builder	admin|super_admin|hr|recruitment_hr	backend/src/modules/ats-assessment/assessment.template-builder.routes.ts
ats-assessment	GET	/question-bank/stats		backend/src/modules/ats-assessment/question-bank.routes.ts
ats-assessment	GET	/question-bank/questions		backend/src/modules/ats-assessment/question-bank.routes.ts
ats-assessment	GET	/question-bank/passages		backend/src/modules/ats-assessment/question-bank.routes.ts
ats-assessment	POST	/question-bank/questions/import		backend/src/modules/ats-assessment/question-bank.routes.ts
ats-assessment	POST	/question-bank/passages/import		backend/src/modules/ats-assessment/question-bank.routes.ts
ats-assessment	DELETE	/question-bank/questions/:code		backend/src/modules/ats-assessment/question-bank.routes.ts
ats-assessment	DELETE	/question-bank/passages/:code		backend/src/modules/ats-assessment/question-bank.routes.ts
ats-extensions	POST	/offers/:id/respond		backend/src/modules/ats-extensions/ats-ext.routes.ts
ats-extensions	GET	/requisitions	admin|hr	backend/src/modules/ats-extensions/ats-ext.routes.ts
ats-extensions	POST	/requisitions	admin|hr	backend/src/modules/ats-extensions/ats-ext.routes.ts
ats-extensions	POST	/requisitions/:id/approve	admin|hr	backend/src/modules/ats-extensions/ats-ext.routes.ts
ats-extensions	GET	/candidates/:id/bgv	admin|hr	backend/src/modules/ats-extensions/ats-ext.routes.ts
ats-extensions	POST	/candidates/:id/bgv/initiate	admin|hr	backend/src/modules/ats-extensions/ats-ext.routes.ts
ats-extensions	PATCH	/candidates/:id/bgv	admin|hr	backend/src/modules/ats-extensions/ats-ext.routes.ts
ats-extensions	POST	/candidates/:id/bgv	admin|hr	backend/src/modules/ats-extensions/ats-ext.routes.ts
ats-extensions	GET	/offers	admin|hr	backend/src/modules/ats-extensions/ats-ext.routes.ts
ats-extensions	POST	/offers	admin|hr	backend/src/modules/ats-extensions/ats-ext.routes.ts
ats-extensions	PATCH	/offers/:id/status	admin|hr	backend/src/modules/ats-extensions/ats-ext.routes.ts
ats-extensions	GET	/duplicates	<spread>	backend/src/modules/ats-extensions/ats-ext.routes.ts
ats-extensions	POST	/duplicates/:id/resolve	<spread>	backend/src/modules/ats-extensions/ats-ext.routes.ts
ats-extensions	GET	/analytics/funnel	<spread>	backend/src/modules/ats-extensions/ats-ext.routes.ts
ats-extensions	GET	/analytics/stages	<spread>	backend/src/modules/ats-extensions/ats-ext.routes.ts
ats-full-parity	POST	/intake		backend/src/modules/ats-full-parity/atsFullParity.routes.ts
ats-full-parity	POST	/candidate-confirmation		backend/src/modules/ats-full-parity/atsFullParity.routes.ts
ats-full-parity	POST	/bgv		backend/src/modules/ats-full-parity/atsFullParity.routes.ts
ats-full-parity	POST	/doc-upload-response		backend/src/modules/ats-full-parity/atsFullParity.routes.ts
ats-full-parity	POST	/recruiter-devices		backend/src/modules/ats-full-parity/atsFullParity.routes.ts
ats-full-parity	GET	/web-data	admin|hr|recruiter|manager|branch_head|process_manager|ceo	backend/src/modules/ats-full-parity/atsFullParity.routes.ts
ats-full-parity	GET	/command-center	admin|hr|recruiter|manager|branch_head|process_manager|ceo	backend/src/modules/ats-full-parity/atsFullParity.routes.ts
ats-full-parity	GET	/queue	admin|hr|recruiter|manager|branch_head|process_manager|ceo	backend/src/modules/ats-full-parity/atsFullParity.routes.ts
ats-full-parity	GET	/submissions	admin|hr|recruiter|manager|branch_head|process_manager|ceo	backend/src/modules/ats-full-parity/atsFullParity.routes.ts
ats-full-parity	GET	/journey	admin|hr|recruiter|manager|branch_head|process_manager|ceo	backend/src/modules/ats-full-parity/atsFullParity.routes.ts
ats-full-parity	POST	/recruiter-submission	admin|hr|recruiter|manager	backend/src/modules/ats-full-parity/atsFullParity.routes.ts
ats-full-parity	POST	/jobs/sla-check	admin|hr	backend/src/modules/ats-full-parity/atsFullParity.routes.ts
ats-full-parity	POST	/jobs/recruiters/reset-load	admin|hr	backend/src/modules/ats-full-parity/atsFullParity.routes.ts
ats-full-parity	POST	/jobs/repair	admin|hr	backend/src/modules/ats-full-parity/atsFullParity.routes.ts
ats-full-parity	GET	/daily-report/snapshot	admin|hr|branch_head|process_manager|ceo	backend/src/modules/ats-full-parity/atsFullParity.routes.ts
ats-full-parity	POST	/daily-report/send	admin|hr	backend/src/modules/ats-full-parity/atsFullParity.routes.ts
ats-full-parity	GET	/health	admin|hr|ceo	backend/src/modules/ats-full-parity/atsFullParity.routes.ts
attendance	GET	/disputes		backend/src/modules/attendance/attendance.dispute.routes.ts
attendance	GET	/disputes/:id		backend/src/modules/attendance/attendance.dispute.routes.ts
attendance	POST	/disputes/:id/manager-action		backend/src/modules/attendance/attendance.dispute.routes.ts
attendance	POST	/disputes/:id/hr-action		backend/src/modules/attendance/attendance.dispute.routes.ts
attendance	POST	/disputes/:id/payroll-action		backend/src/modules/attendance/attendance.dispute.routes.ts
attendance	POST	/manual-overrides		backend/src/modules/attendance/attendance.manual-override.routes.ts
attendance	GET	/manual-overrides		backend/src/modules/attendance/attendance.manual-override.routes.ts
attendance	GET	/manual-overrides/:id		backend/src/modules/attendance/attendance.manual-override.routes.ts
attendance	POST	/manual-overrides/:id/approve		backend/src/modules/attendance/attendance.manual-override.routes.ts
attendance	POST	/manual-overrides/:id/reject		backend/src/modules/attendance/attendance.manual-override.routes.ts
attendance	GET	/:id	finance_head|super_admin|admin	backend/src/modules/attendance/billing-config.routes.ts
attendance	POST	/	finance_head|super_admin	backend/src/modules/attendance/billing-config.routes.ts
attendance	PATCH	/:id	finance_head|super_admin	backend/src/modules/attendance/billing-config.routes.ts
attendance	DELETE	/:id	super_admin	backend/src/modules/attendance/billing-config.routes.ts
attendance	GET	/resolve/:employeeId	finance_head|super_admin|admin|payroll	backend/src/modules/attendance/billing-config.routes.ts
audit	GET	/log		backend/src/modules/audit/audit.log.routes.ts
audit	POST	/export		backend/src/modules/audit/audit.log.routes.ts
auth	GET	/email-config		backend/src/modules/auth/auth-launch.routes.ts
auth	POST	/email-config/test		backend/src/modules/auth/auth-launch.routes.ts
auth	GET	/launch-readiness		backend/src/modules/auth/auth-launch.routes.ts
auth	GET	/launch-readiness/employees		backend/src/modules/auth/auth-launch.routes.ts
auth	POST	/bootstrap-existing-users		backend/src/modules/auth/auth-launch.routes.ts
auth	POST	/send-invites		backend/src/modules/auth/auth-launch.routes.ts
auth	POST	/login		backend/src/modules/auth/auth.routes.ts
auth	POST	/register		backend/src/modules/auth/auth.routes.ts
auth	POST	/invite-user	admin|hr|super_admin	backend/src/modules/auth/auth.routes.ts
auth	POST	/refresh		backend/src/modules/auth/auth.routes.ts
auth	POST	/logout		backend/src/modules/auth/auth.routes.ts
auth	POST	/forgot-password		backend/src/modules/auth/auth.routes.ts
auth	POST	/forgot-password-otp		backend/src/modules/auth/auth.routes.ts
auth	POST	/verify-otp-reset		backend/src/modules/auth/auth.routes.ts
auth	POST	/reset-password		backend/src/modules/auth/auth.routes.ts
auth	POST	/change-password		backend/src/modules/auth/auth.routes.ts
auth	POST	/2fa/send		backend/src/modules/auth/auth.routes.ts
auth	POST	/2fa/verify		backend/src/modules/auth/auth.routes.ts
auth	POST	/2fa/exchange		backend/src/modules/auth/auth.routes.ts
auth	POST	/admin-reset-password		backend/src/modules/auth/auth.routes.ts
auth	GET	/sessions		backend/src/modules/auth/auth.routes.ts
auth	DELETE	/sessions/:sessionId		backend/src/modules/auth/auth.routes.ts
auth	DELETE	/sessions/all/others		backend/src/modules/auth/auth.routes.ts
benefits	GET	/plans		backend/src/modules/benefits/benefits.routes.ts
benefits	POST	/plans	admin|hr	backend/src/modules/benefits/benefits.routes.ts
benefits	GET	/enrollments/:employeeId		backend/src/modules/benefits/benefits.routes.ts
benefits	POST	/enrollments	admin|hr	backend/src/modules/benefits/benefits.routes.ts
benefits	PATCH	/enrollments/:id	admin|hr	backend/src/modules/benefits/benefits.routes.ts
benefits	GET	/claims		backend/src/modules/benefits/benefits.routes.ts
benefits	POST	/claims		backend/src/modules/benefits/benefits.routes.ts
benefits	PATCH	/claims/:id/review	admin|hr	backend/src/modules/benefits/benefits.routes.ts
benefits	POST	/claims/:id/pay	admin|hr	backend/src/modules/benefits/benefits.routes.ts
benefits	PATCH	/plans/:id	admin|hr|super_admin	backend/src/modules/benefits/benefits.routes.ts
break-management	GET	/bootstrap		backend/src/modules/break-management/break-desk.routes.ts
break-management	GET	/employees		backend/src/modules/break-management/break-desk.routes.ts
break-management	GET	/live-status		backend/src/modules/break-management/break-desk.routes.ts
break-management	POST	/start-break		backend/src/modules/break-management/break-desk.routes.ts
break-management	POST	/punch-in		backend/src/modules/break-management/break-desk.routes.ts
break-management	POST	/punch-out		backend/src/modules/break-management/break-desk.routes.ts
break-management	POST	/end-break		backend/src/modules/break-management/break-desk.routes.ts
break-management	POST	/bulk-start-break		backend/src/modules/break-management/break-desk.routes.ts
break-management	POST	/bulk-end-break		backend/src/modules/break-management/break-desk.routes.ts
break-management	POST	/bulk-punch-in		backend/src/modules/break-management/break-desk.routes.ts
break-management	POST	/bulk-punch-out		backend/src/modules/break-management/break-desk.routes.ts
break-management	GET	/dashboard		backend/src/modules/break-management/break-management.routes.ts
break-management	GET	/reports		backend/src/modules/break-management/break-management.routes.ts
break-management	GET	/reports/daily-summary		backend/src/modules/break-management/break-management.routes.ts
break-management	GET	/settings		backend/src/modules/break-management/break-management.routes.ts
break-management	POST	/settings		backend/src/modules/break-management/break-management.routes.ts
break-management	GET	/kiosks		backend/src/modules/break-management/break-management.routes.ts
break-management	GET	/kiosks/export		backend/src/modules/break-management/break-management.routes.ts
break-management	POST	/kiosks		backend/src/modules/break-management/break-management.routes.ts
break-management	PUT	/kiosks/:id		backend/src/modules/break-management/break-management.routes.ts
break-management	POST	/kiosks/:id/rotate-token		backend/src/modules/break-management/break-management.routes.ts
break-management	DELETE	/kiosks/:id		backend/src/modules/break-management/break-management.routes.ts
break-management	GET	/exceptions		backend/src/modules/break-management/break-management.routes.ts
break-management	POST	/sync-biometric-now		backend/src/modules/break-management/break-management.routes.ts
bulk-upload	GET	/approvals/pending		backend/src/modules/bulk-upload/bulk-approval.routes.ts
bulk-upload	GET	/approvals/history		backend/src/modules/bulk-upload/bulk-approval.routes.ts
bulk-upload	GET	/approvals/batches/:id/preview		backend/src/modules/bulk-upload/bulk-approval.routes.ts
bulk-upload	POST	/approvals/batches/:id/approve		backend/src/modules/bulk-upload/bulk-approval.routes.ts
bulk-upload	POST	/approvals/batches/:id/reject		backend/src/modules/bulk-upload/bulk-approval.routes.ts
bulk-upload	GET	/templates	admin|hr|super_admin|wfm|wfm_analyst|payroll|payroll_hr	backend/src/modules/bulk-upload/bulk-upload.routes.ts
bulk-upload	GET	/batches	admin|hr|super_admin|wfm|wfm_analyst|payroll|payroll_hr	backend/src/modules/bulk-upload/bulk-upload.routes.ts
bulk-upload	GET	/batches/:id/rows	admin|hr|super_admin|wfm|wfm_analyst|payroll|payroll_hr	backend/src/modules/bulk-upload/bulk-upload.routes.ts
bulk-upload	POST	/batches	admin|hr|super_admin|wfm|wfm_analyst|payroll|payroll_hr	backend/src/modules/bulk-upload/bulk-upload.routes.ts
bulk-upload	POST	/batches/:id/rows	admin|hr|super_admin|wfm|wfm_analyst|payroll|payroll_hr	backend/src/modules/bulk-upload/bulk-upload.routes.ts
bulk-upload	POST	/batches/:id/import	admin|hr|super_admin|wfm|wfm_analyst|payroll|payroll_hr	backend/src/modules/bulk-upload/bulk-upload.routes.ts
business-actions	GET	/summary		backend/src/modules/business-actions/business-actions.routes.ts
business-actions	POST	/sync-signals		backend/src/modules/business-actions/business-actions.routes.ts
business-actions	POST	/sync-signals/people-experience		backend/src/modules/business-actions/business-actions.routes.ts
business-actions	POST	/sync-signals/support		backend/src/modules/business-actions/business-actions.routes.ts
business-actions	POST	/sync-signals/grievance		backend/src/modules/business-actions/business-actions.routes.ts
business-actions	POST	/sync-signals/payroll		backend/src/modules/business-actions/business-actions.routes.ts
business-actions	POST	/sync-signals/attendance		backend/src/modules/business-actions/business-actions.routes.ts
business-actions	POST	/sync-signals/onboarding		backend/src/modules/business-actions/business-actions.routes.ts
business-actions	POST	/sync-signals/roster		backend/src/modules/business-actions/business-actions.routes.ts
business-actions	GET	/		backend/src/modules/business-actions/business-actions.routes.ts
business-actions	GET	/:id		backend/src/modules/business-actions/business-actions.routes.ts
business-actions	POST	/		backend/src/modules/business-actions/business-actions.routes.ts
business-actions	PATCH	/:id		backend/src/modules/business-actions/business-actions.routes.ts
business-actions	POST	/:id/assign		backend/src/modules/business-actions/business-actions.routes.ts
business-actions	POST	/:id/escalate		backend/src/modules/business-actions/business-actions.routes.ts
business-actions	POST	/:id/complete		backend/src/modules/business-actions/business-actions.routes.ts
business-actions	POST	/:id/comments		backend/src/modules/business-actions/business-actions.routes.ts
business-command	GET	/overview		backend/src/modules/business-command/business-command.routes.ts
business-command	GET	/revenue-risk/options		backend/src/modules/business-command/business-command.routes.ts
business-command	GET	/revenue-risk/contracts		backend/src/modules/business-command/business-command.routes.ts
business-command	POST	/revenue-risk/contracts		backend/src/modules/business-command/business-command.routes.ts
business-command	GET	/revenue-risk/snapshot		backend/src/modules/business-command/business-command.routes.ts
business-command	POST	/revenue-risk/generate-daily		backend/src/modules/business-command/business-command.routes.ts
business-command	GET	/workforce-mandates		backend/src/modules/business-command/business-command.routes.ts
business-command	POST	/workforce-mandates		backend/src/modules/business-command/business-command.routes.ts
business-intelligence	GET	/daily-operations-pulse	<spread>	backend/src/modules/business-intelligence/bi.routes.ts
business-intelligence	GET	/attrition-risk-signal	hr|<spread>	backend/src/modules/business-intelligence/bi.routes.ts
business-intelligence	GET	/payroll-exposure-summary	<spread>	backend/src/modules/business-intelligence/bi.routes.ts
business-intelligence	GET	/training-readiness-pulse	hr|trainer|process_manager|<spread>	backend/src/modules/business-intelligence/bi.routes.ts
business-intelligence	GET	/revenue-at-risk	super_admin|admin|ceo|coo|manager|process_manager|branch_head|operations_manager|finance_head	backend/src/modules/business-intelligence/bi.routes.ts
business-intelligence	GET	/quality-intervention	qa|quality_analyst|<spread>	backend/src/modules/business-intelligence/bi.routes.ts
call-master	GET	/kpis		backend/src/modules/call-master/call-master.routes.ts
call-master	GET	/quality-trend		backend/src/modules/call-master/call-master.routes.ts
call-master	GET	/calls-by-client		backend/src/modules/call-master/call-master.routes.ts
call-master	GET	/calls-by-day		backend/src/modules/call-master/call-master.routes.ts
call-master	GET	/top-agents		backend/src/modules/call-master/call-master.routes.ts
call-master	GET	/agent-audit-summary		backend/src/modules/call-master/call-master.routes.ts
call-master	GET	/sales-funnel		backend/src/modules/call-master/call-master.routes.ts
call-master	GET	/cx-parameters		backend/src/modules/call-master/call-master.routes.ts
call-master	GET	/fatal-by-day		backend/src/modules/call-master/call-master.routes.ts
call-master	GET	/fatal-agent-summary		backend/src/modules/call-master/call-master.routes.ts
call-master	GET	/scenario-detail		backend/src/modules/call-master/call-master.routes.ts
call-master	GET	/active-agents-list		backend/src/modules/call-master/call-master.routes.ts
call-master	GET	/clients		backend/src/modules/call-master/call-master.routes.ts
call-master	GET	/export		backend/src/modules/call-master/call-master.routes.ts
call-master	GET	/outbound/summary		backend/src/modules/call-master/call-master.routes.ts
call-master	GET	/outbound/daily-trend		backend/src/modules/call-master/call-master.routes.ts
call-master	GET	/outbound/hourly		backend/src/modules/call-master/call-master.routes.ts
call-master	GET	/outbound/agents		backend/src/modules/call-master/call-master.routes.ts
call-master	GET	/outbound/agent-daily		backend/src/modules/call-master/call-master.routes.ts
call-master	GET	/outbound/disposition		backend/src/modules/call-master/call-master.routes.ts
call-master	GET	/outbound/products		backend/src/modules/call-master/call-master.routes.ts
call-master	GET	/outbound/not-interested		backend/src/modules/call-master/call-master.routes.ts
call-master	GET	/outbound/quality-params		backend/src/modules/call-master/call-master.routes.ts
call-master	GET	/opening-intelligence/executive-summary		backend/src/modules/call-master/call-master.routes.ts
call-master	GET	/opening-intelligence/opening-categories		backend/src/modules/call-master/call-master.routes.ts
call-master	GET	/opening-intelligence/opening-raw		backend/src/modules/call-master/call-master.routes.ts
call-master	GET	/opening-intelligence/opening-trend		backend/src/modules/call-master/call-master.routes.ts
call-master	GET	/opening-intelligence/opening-by-dim		backend/src/modules/call-master/call-master.routes.ts
call-master	GET	/opening-intelligence/context-categories		backend/src/modules/call-master/call-master.routes.ts
call-master	GET	/opening-intelligence/context-trend		backend/src/modules/call-master/call-master.routes.ts
call-master	GET	/opening-intelligence/context-by-dim		backend/src/modules/call-master/call-master.routes.ts
call-master	GET	/opening-intelligence/opening-vs-sales		backend/src/modules/call-master/call-master.routes.ts
call-master	GET	/opening-intelligence/leaderboard		backend/src/modules/call-master/call-master.routes.ts
call-master	GET	/opening-intelligence/ai-insights		backend/src/modules/call-master/call-master.routes.ts
call-master	GET	/customer-intelligence/executive-summary		backend/src/modules/call-master/call-master.routes.ts
call-master	GET	/customer-intelligence/sentiment		backend/src/modules/call-master/call-master.routes.ts
call-master	GET	/customer-intelligence/sentiment-trend		backend/src/modules/call-master/call-master.routes.ts
call-master	GET	/customer-intelligence/feedback-categories		backend/src/modules/call-master/call-master.routes.ts
call-master	GET	/customer-intelligence/feedback-subcats		backend/src/modules/call-master/call-master.routes.ts
call-master	GET	/customer-intelligence/top-objections		backend/src/modules/call-master/call-master.routes.ts
call-master	GET	/customer-intelligence/journey		backend/src/modules/call-master/call-master.routes.ts
call-master	GET	/customer-intelligence/client-comparison		backend/src/modules/call-master/call-master.routes.ts
call-master	GET	/customer-intelligence/campaign-comparison		backend/src/modules/call-master/call-master.routes.ts
call-master	GET	/customer-intelligence/agent-ranking		backend/src/modules/call-master/call-master.routes.ts
call-master	GET	/customer-intelligence/agent-nps-csat		backend/src/modules/call-master/call-master.routes.ts
call-master	GET	/customer-intelligence/product-feedback		backend/src/modules/call-master/call-master.routes.ts
call-master	GET	/customer-intelligence/offering-funnel		backend/src/modules/call-master/call-master.routes.ts
call-master	GET	/customer-intelligence/ai-insights		backend/src/modules/call-master/call-master.routes.ts
call-master	GET	/summary		backend/src/modules/call-master/inbound.routes.ts
call-master	GET	/today		backend/src/modules/call-master/inbound.routes.ts
call-master	GET	/trend		backend/src/modules/call-master/inbound.routes.ts
call-master	GET	/consolidated-trend		backend/src/modules/call-master/inbound.routes.ts
call-master	GET	/projects		backend/src/modules/call-master/inbound.routes.ts
call-master	GET	/project/:key		backend/src/modules/call-master/inbound.routes.ts
call-master	GET	/project/:key/trend		backend/src/modules/call-master/inbound.routes.ts
call-master	GET	/project/:key/hourly		backend/src/modules/call-master/inbound.routes.ts
candidate-onboarding	POST	/start		backend/src/modules/candidate-onboarding/candidate-onboarding.routes.ts
candidate-onboarding	POST	/send-otp		backend/src/modules/candidate-onboarding/candidate-onboarding.routes.ts
candidate-onboarding	POST	/verify-otp		backend/src/modules/candidate-onboarding/candidate-onboarding.routes.ts
candidate-onboarding	GET	/resume		backend/src/modules/candidate-onboarding/candidate-onboarding.routes.ts
candidate-onboarding	POST	/refresh-session		backend/src/modules/candidate-onboarding/candidate-onboarding.routes.ts
candidate-onboarding	POST	/logout		backend/src/modules/candidate-onboarding/candidate-onboarding.routes.ts
career	GET	/career/:employeeId		backend/src/modules/career/career.routes.ts
career	POST	/career/:employeeId	admin|hr	backend/src/modules/career/career.routes.ts
career	GET	/succession	admin|hr	backend/src/modules/career/career.routes.ts
career	GET	/pip		backend/src/modules/career/career.routes.ts
career	POST	/pip	admin|hr	backend/src/modules/career/career.routes.ts
career	GET	/pip/:id	admin|hr	backend/src/modules/career/career.routes.ts
career	PATCH	/pip/:id	admin|hr	backend/src/modules/career/career.routes.ts
career	POST	/pip/:id/checkpoints	admin|hr	backend/src/modules/career/career.routes.ts
client-billing	POST	/proformas	<spread>	backend/src/modules/client-billing/client-billing.routes.ts
client-billing	GET	/proformas	<spread>	backend/src/modules/client-billing/client-billing.routes.ts
client-billing	GET	/proformas/export	<spread>	backend/src/modules/client-billing/client-billing.routes.ts
client-billing	GET	/summary	<spread>	backend/src/modules/client-billing/client-billing.routes.ts
client-billing	GET	/proformas/:id	<spread>	backend/src/modules/client-billing/client-billing.routes.ts
client-billing	GET	/proformas/:id/pdf	<spread>	backend/src/modules/client-billing/client-billing.routes.ts
client-billing	POST	/invoices/:id/approve	<spread>	backend/src/modules/client-billing/client-billing.routes.ts
client-billing	POST	/invoices/:id/reject	<spread>	backend/src/modules/client-billing/client-billing.routes.ts
client-billing	GET	/invoices/:id/audit-log	<spread>	backend/src/modules/client-billing/client-billing.routes.ts
client-billing	GET	/invoices/:id/pdf	<spread>	backend/src/modules/client-billing/client-billing.routes.ts
client-billing	POST	/credit-notes	<spread>	backend/src/modules/client-billing/client-billing.routes.ts
client-billing	POST	/credit-notes/:id/approve	<spread>	backend/src/modules/client-billing/client-billing.routes.ts
client-billing	GET	/credit-notes	<spread>	backend/src/modules/client-billing/client-billing.routes.ts
client-billing	GET	/credit-notes/export	<spread>	backend/src/modules/client-billing/client-billing.routes.ts
client-billing	GET	/credit-notes/:id	<spread>	backend/src/modules/client-billing/client-billing.routes.ts
client-billing	GET	/credit-notes/:id/pdf	<spread>	backend/src/modules/client-billing/client-billing.routes.ts
communication	GET	/config	admin|super_admin	backend/src/modules/communication/communication.routes.ts
communication	GET	/config/:channel	admin|super_admin	backend/src/modules/communication/communication.routes.ts
communication	PUT	/config/:channel	admin|super_admin	backend/src/modules/communication/communication.routes.ts
communication	POST	/config/:channel/enable	admin|super_admin	backend/src/modules/communication/communication.routes.ts
communication	POST	/config/:channel/disable	admin|super_admin	backend/src/modules/communication/communication.routes.ts
communication	POST	/config/:channel/test	admin|super_admin	backend/src/modules/communication/communication.routes.ts
communication	GET	/preferences		backend/src/modules/communication/communication.routes.ts
communication	PATCH	/preferences		backend/src/modules/communication/communication.routes.ts
communication	GET	/templates	admin|hr|super_admin|process_manager|manager	backend/src/modules/communication/communication.routes.ts
communication	GET	/templates/:id	admin|hr|super_admin	backend/src/modules/communication/communication.routes.ts
communication	POST	/templates	admin|hr|super_admin	backend/src/modules/communication/communication.routes.ts
communication	PUT	/templates/:id	admin|hr|super_admin	backend/src/modules/communication/communication.routes.ts
communication	DELETE	/templates/:id	admin|super_admin	backend/src/modules/communication/communication.routes.ts
communication	GET	/templates/variable-schema/:category	admin|hr|super_admin	backend/src/modules/communication/communication.routes.ts
communication	POST	/dispatch/send	admin|hr|super_admin|process_manager|manager	backend/src/modules/communication/communication.routes.ts
communication	POST	/dispatch/bulk-send	admin|hr|super_admin	backend/src/modules/communication/communication.routes.ts
communication	POST	/dispatch/retry/:id	admin|hr|super_admin	backend/src/modules/communication/communication.routes.ts
communication	GET	/dispatch/logs	admin|hr|super_admin	backend/src/modules/communication/communication.routes.ts
communication	GET	/dispatch/stats	admin|hr|super_admin	backend/src/modules/communication/communication.routes.ts
communication	GET	/catalogue		backend/src/modules/communication/notification-admin.routes.ts
communication	PATCH	/catalogue/:eventCode		backend/src/modules/communication/notification-admin.routes.ts
communication	POST	/recipients/preview		backend/src/modules/communication/notification-admin.routes.ts
communication	GET	/claims		backend/src/modules/communication/notification-admin.routes.ts
communication	GET	/analytics		backend/src/modules/communication/notification-admin.routes.ts
communication	GET	/subscriptions		backend/src/modules/communication/notification-admin.routes.ts
communication	GET	/report-codes		backend/src/modules/communication/notification-admin.routes.ts
communication	GET	/templates		backend/src/modules/communication/notification-admin.routes.ts
communication	POST	/templates/preview		backend/src/modules/communication/notification-admin.routes.ts
compliance	GET	/bonus	admin|hr|finance	backend/src/modules/compliance/compliance.routes.ts
compliance	POST	/bonus/calculate	admin|finance	backend/src/modules/compliance/compliance.routes.ts
compliance	PATCH	/bonus/:id/approve	admin|finance	backend/src/modules/compliance/compliance.routes.ts
compliance	GET	/posh/complaints	admin|hr	backend/src/modules/compliance/compliance.routes.ts
compliance	POST	/posh/complaints	admin|hr	backend/src/modules/compliance/compliance.routes.ts
compliance	PATCH	/posh/complaints/:id	admin|hr	backend/src/modules/compliance/compliance.routes.ts
compliance	GET	/posh/annual-report/:year	admin|hr	backend/src/modules/compliance/compliance.routes.ts
compliance	GET	/maternity		backend/src/modules/compliance/compliance.routes.ts
compliance	POST	/maternity		backend/src/modules/compliance/compliance.routes.ts
compliance	POST	/maternity/:id/approve	admin|hr	backend/src/modules/compliance/compliance.routes.ts
compliance	PATCH	/maternity/:id	admin|hr	backend/src/modules/compliance/compliance.routes.ts
compliance	GET	/maternity/:id		backend/src/modules/compliance/compliance.routes.ts
control-tower	GET	/events		backend/src/modules/control-tower/control-tower.routes.ts
control-tower	POST	/events	admin|hr|wfm|process_manager|branch_head|qa|trainer|recruiter	backend/src/modules/control-tower/control-tower.routes.ts
control-tower	GET	/inbox		backend/src/modules/control-tower/control-tower.routes.ts
control-tower	POST	/inbox	admin|hr|wfm|process_manager|branch_head|qa|trainer|recruiter	backend/src/modules/control-tower/control-tower.routes.ts
control-tower	PATCH	/inbox/:id/complete		backend/src/modules/control-tower/control-tower.routes.ts
control-tower	GET	/master-data-health	admin|hr|ceo|wfm|process_manager|branch_head	backend/src/modules/control-tower/control-tower.routes.ts
control-tower	GET	/employee-360/:employeeId		backend/src/modules/control-tower/control-tower.routes.ts
control-tower	GET	/risks	admin|hr|ceo|wfm|process_manager|branch_head|qa	backend/src/modules/control-tower/control-tower.routes.ts
control-tower	GET	/my-team		backend/src/modules/control-tower/control-tower.routes.ts
control-tower	GET	/team/:managerId	admin|hr|ceo|wfm|process_manager|branch_head	backend/src/modules/control-tower/control-tower.routes.ts
customization	GET	/rules	admin|hr	backend/src/modules/customization/customization.routes.ts
customization	POST	/rules	admin	backend/src/modules/customization/customization.routes.ts
customization	GET	/rules/:id	admin|hr	backend/src/modules/customization/customization.routes.ts
customization	PATCH	/rules/:id	admin	backend/src/modules/customization/customization.routes.ts
customization	DELETE	/rules/:id	admin	backend/src/modules/customization/customization.routes.ts
customization	POST	/rules/:id/toggle	admin	backend/src/modules/customization/customization.routes.ts
customization	GET	/effective		backend/src/modules/customization/customization.routes.ts
customization	GET	/applied/:employeeId	admin|hr	backend/src/modules/customization/customization.routes.ts
customization	POST	/preview	admin	backend/src/modules/customization/customization.routes.ts
customization	POST	/bulk-apply	admin	backend/src/modules/customization/customization.routes.ts
dashboards	GET	/		backend/src/modules/dashboards/dashboard-target.routes.ts
dashboards	POST	/	<spread>	backend/src/modules/dashboards/dashboard-target.routes.ts
dashboards	DELETE	/:id	<spread>	backend/src/modules/dashboards/dashboard-target.routes.ts
dashboards	GET	/access-registry		backend/src/modules/dashboards/dashboard.routes.ts
dashboards	GET	/employee/summary		backend/src/modules/dashboards/dashboard.routes.ts
dashboards	GET	/PAYROLL_HR_DASHBOARD/operational-summary		backend/src/modules/dashboards/dashboard.routes.ts
dashboards	GET	/:dashboardCode/summary		backend/src/modules/dashboards/dashboard.routes.ts
dashboards	GET	/:dashboardCode/metric-values		backend/src/modules/dashboards/dashboard.routes.ts
dashboards	GET	/:dashboardCode/metrics		backend/src/modules/dashboards/dashboard.routes.ts
dashboards	GET	/:dashboardCode/good-bad-insights		backend/src/modules/dashboards/dashboard.routes.ts
dashboards	GET	/:dashboardCode/metric/:metricCode/drilldown		backend/src/modules/dashboards/dashboard.routes.ts
dashboards	GET	/:dashboardCode/metric/:metricCode/trend		backend/src/modules/dashboards/dashboard.routes.ts
dashboards	GET	/:dashboardCode/filters		backend/src/modules/dashboards/dashboard.routes.ts
dashboards	GET	/:dashboardCode/root-causes		backend/src/modules/dashboards/dashboard.routes.ts
dashboards	GET	/:dashboardCode/owner-accountability		backend/src/modules/dashboards/dashboard.routes.ts
discard	GET	/preview/leave/:id		backend/src/modules/discard/discard.routes.ts
discard	GET	/preview/regularization/:id		backend/src/modules/discard/discard.routes.ts
discard	GET	/preview/dispute/:id		backend/src/modules/discard/discard.routes.ts
discard	POST	/leave/:id		backend/src/modules/discard/discard.routes.ts
discard	POST	/regularization/:id		backend/src/modules/discard/discard.routes.ts
email-templates	GET	/import/sample		backend/src/modules/email-templates/email-templates.routes.ts
email-templates	POST	/import/preview		backend/src/modules/email-templates/email-templates.routes.ts
email-templates	POST	/import/confirm		backend/src/modules/email-templates/email-templates.routes.ts
email-templates	GET	/		backend/src/modules/email-templates/email-templates.routes.ts
email-templates	PUT	/:templateKey		backend/src/modules/email-templates/email-templates.routes.ts
email-templates	POST	/test-render		backend/src/modules/email-templates/email-templates.routes.ts
email-templates	GET	/import/history		backend/src/modules/email-templates/email-templates.routes.ts
employees	GET	/	admin|super_admin	backend/src/modules/employees/branchPayrollHrSignatory.routes.ts
employees	POST	/:branchId	admin|super_admin	backend/src/modules/employees/branchPayrollHrSignatory.routes.ts
employees	GET	/:branchId/signature	admin|super_admin	backend/src/modules/employees/branchPayrollHrSignatory.routes.ts
employees	GET	/	admin|super_admin|hr	backend/src/modules/employees/companySeal.routes.ts
employees	POST	/	admin|super_admin	backend/src/modules/employees/companySeal.routes.ts
employees	GET	/preview	admin|super_admin|hr	backend/src/modules/employees/companySeal.routes.ts
employees	DELETE	/:asset	admin|super_admin	backend/src/modules/employees/companySeal.routes.ts
employees	GET	/me		backend/src/modules/employees/employee-bgv.routes.ts
employees	GET	/me/digilocker-photo		backend/src/modules/employees/employee-bgv.routes.ts
employees	GET	/:employeeId	admin|super_admin|hr|payroll_hr|branch_head	backend/src/modules/employees/employee-bgv.routes.ts
employees	GET	/:employeeId/digilocker-photo	admin|super_admin|hr|payroll_hr|branch_head	backend/src/modules/employees/employee-bgv.routes.ts
employees	GET	/reactivation/pending		backend/src/modules/employees/employee-reactivation.routes.ts
employees	GET	/reactivation/all		backend/src/modules/employees/employee-reactivation.routes.ts
employees	GET	/reactivation/:id	hr|admin|super_admin|branch_head	backend/src/modules/employees/employee-reactivation.routes.ts
employees	POST	/reactivation/initiate	hr|admin|super_admin	backend/src/modules/employees/employee-reactivation.routes.ts
employees	POST	/reactivation/:id/branch-action	branch_head|hr|admin|super_admin	backend/src/modules/employees/employee-reactivation.routes.ts
employees	POST	/reactivation/:id/hr-action	hr|admin|super_admin	backend/src/modules/employees/employee-reactivation.routes.ts
employees	POST	/:employeeId/joining-documents/esign/webhook/luckpay		backend/src/modules/employees/employee.compliance.routes.ts
employees	GET	/:employeeId/joining-documents		backend/src/modules/employees/employee.compliance.routes.ts
employees	POST	/:employeeId/joining-documents/generate-checklist		backend/src/modules/employees/employee.compliance.routes.ts
employees	POST	/:employeeId/joining-documents/checklist/:checklistId/upload		backend/src/modules/employees/employee.compliance.routes.ts
employees	POST	/:employeeId/joining-documents/:checklistId/upload		backend/src/modules/employees/employee.compliance.routes.ts
employees	PATCH	/:employeeId/joining-documents/checklist/:checklistId/review		backend/src/modules/employees/employee.compliance.routes.ts
employees	PATCH	/:employeeId/joining-documents/:checklistId/verify		backend/src/modules/employees/employee.compliance.routes.ts
employees	PATCH	/:employeeId/joining-documents/:checklistId/status		backend/src/modules/employees/employee.compliance.routes.ts
employees	POST	/:employeeId/joining-documents/checklist/:checklistId/esign-link		backend/src/modules/employees/employee.compliance.routes.ts
employees	POST	/:employeeId/joining-documents/:checklistId/esign/initiate		backend/src/modules/employees/employee.compliance.routes.ts
employees	GET	/:employeeId/joining-documents/files/:fileId/preview		backend/src/modules/employees/employee.compliance.routes.ts
employees	GET	/:employeeId/joining-documents/files/:fileId/download		backend/src/modules/employees/employee.compliance.routes.ts
employees	GET	/:employeeId/joining-documents/:checklistId/preview		backend/src/modules/employees/employee.compliance.routes.ts
employees	GET	/:employeeId/joining-documents/:checklistId/download		backend/src/modules/employees/employee.compliance.routes.ts
employees	GET	/:employeeId/joining-documents/checklist/:checklistId/review		backend/src/modules/employees/employee.compliance.routes.ts
employees	PUT	/:employeeId/joining-documents/checklist/:checklistId/review		backend/src/modules/employees/employee.compliance.routes.ts
employees	POST	/:employeeId/joining-documents/checklist/:checklistId/generate-draft		backend/src/modules/employees/employee.compliance.routes.ts
employees	GET	/:employeeId/joining-documents/checklist/:checklistId/acroform/inspect		backend/src/modules/employees/employee.compliance.routes.ts
employees	GET	/:employeeId/joining-documents/:checklistId/esign/status		backend/src/modules/employees/employee.compliance.routes.ts
employees	POST	/:employeeId/joining-documents/:checklistId/esign/sync		backend/src/modules/employees/employee.compliance.routes.ts
employees	DELETE	/:employeeId/joining-documents/:checklistId/files/:fileId		backend/src/modules/employees/employee.compliance.routes.ts
employees	GET	/:employeeId/epf-compliance		backend/src/modules/employees/employee.compliance.routes.ts
employees	GET	/:employeeId/epf-compliance/consent-receipt		backend/src/modules/employees/employee.compliance.routes.ts
employees	PUT	/:employeeId/epf-compliance/profile		backend/src/modules/employees/employee.compliance.routes.ts
employees	PUT	/:employeeId/epf-compliance/nominees		backend/src/modules/employees/employee.compliance.routes.ts
employees	POST	/:employeeId/epf-compliance/submit		backend/src/modules/employees/employee.compliance.routes.ts
employees	POST	/:employeeId/epf-compliance/review-link		backend/src/modules/employees/employee.compliance.routes.ts
employees	GET	/document-templates		backend/src/modules/employees/employee.compliance.routes.ts
employees	PUT	/document-templates		backend/src/modules/employees/employee.compliance.routes.ts
employees	POST	/document-templates/:templateId/upload		backend/src/modules/employees/employee.compliance.routes.ts
employees	GET	/document-templates/:templateId/field-map		backend/src/modules/employees/employee.compliance.routes.ts
employees	PUT	/document-templates/:templateId/field-map		backend/src/modules/employees/employee.compliance.routes.ts
employees	GET	/esign/:token		backend/src/modules/employees/employee.compliance.routes.ts
employees	GET	/esign/:token/download		backend/src/modules/employees/employee.compliance.routes.ts
employees	POST	/esign/:token/epf-kyc		backend/src/modules/employees/employee.compliance.routes.ts
employees	POST	/esign/:token		backend/src/modules/employees/employee.compliance.routes.ts
employees	POST	/esign/webhook/luckpay		backend/src/modules/employees/employee.compliance.routes.ts
employees	POST	/esign/:token/start		backend/src/modules/employees/employee.compliance.routes.ts
employees	GET	/epf-compliance		backend/src/modules/employees/employee.compliance.routes.ts
employees	POST	/epf-compliance/:employeeId/review		backend/src/modules/employees/employee.compliance.routes.ts
employees	POST	/statutory-numbers/bulk-upload	admin|super_admin|hr|hr_head|payroll|payroll_head	backend/src/modules/employees/employee.compliance.routes.ts
employees	GET	/:employeeId		backend/src/modules/employees/employee.documents.routes.ts
employees	POST	/:employeeId/upload		backend/src/modules/employees/employee.documents.routes.ts
employees	POST	/:employeeId	admin|hr	backend/src/modules/employees/employee.documents.routes.ts
employees	PATCH	/:employeeId/:docId/verify	admin|hr|super_admin|payroll_head	backend/src/modules/employees/employee.documents.routes.ts
employees	GET	/:employeeId/:docId/download		backend/src/modules/employees/employee.documents.routes.ts
employees	DELETE	/:employeeId/:docId	admin|hr	backend/src/modules/employees/employee.documents.routes.ts
employees	GET	/directory-masters	admin|hr|manager	backend/src/modules/employees/employee.photo.compat.routes.ts
employees	GET	/my-team		backend/src/modules/employees/employee.photo.compat.routes.ts
employees	POST	/me/photo		backend/src/modules/employees/employee.photo.compat.routes.ts
employees	POST	/:id/photo	admin|hr	backend/src/modules/employees/employee.photo.compat.routes.ts
employees	DELETE	/:id/photo	admin|hr	backend/src/modules/employees/employee.photo.compat.routes.ts
employees	GET	/directory-masters		backend/src/modules/employees/employee.report-master.routes.ts
employees	GET	/me		backend/src/modules/employees/employee.routes.ts
employees	PATCH	/me		backend/src/modules/employees/employee.routes.ts
employees	GET	/me/journey		backend/src/modules/employees/employee.routes.ts
employees	GET	/me/${path}		backend/src/modules/employees/employee.routes.ts
employees	GET	/me/bank-change-status		backend/src/modules/employees/employee.routes.ts
employees	POST	/me/bank-change-request		backend/src/modules/employees/employee.routes.ts
employees	PUT	/me/bank-details		backend/src/modules/employees/employee.routes.ts
employees	PUT	/me/statutory-details		backend/src/modules/employees/employee.routes.ts
employees	PUT	/me/emergency-contact		backend/src/modules/employees/employee.routes.ts
employees	PUT	/me/nominee		backend/src/modules/employees/employee.routes.ts
employees	PUT	/:employeeId/bank-details		backend/src/modules/employees/employee.routes.ts
employees	PUT	/:employeeId/statutory-details		backend/src/modules/employees/employee.routes.ts
employees	PUT	/:employeeId/emergency-contact		backend/src/modules/employees/employee.routes.ts
employees	PUT	/:employeeId/nominee		backend/src/modules/employees/employee.routes.ts
employees	GET	/:employeeId/education		backend/src/modules/employees/employee.routes.ts
employees	POST	/:employeeId/education		backend/src/modules/employees/employee.routes.ts
employees	DELETE	/:employeeId/education/:educationId		backend/src/modules/employees/employee.routes.ts
employees	GET	/:employeeId/experience		backend/src/modules/employees/employee.routes.ts
employees	PUT	/:employeeId/experience		backend/src/modules/employees/employee.routes.ts
employees	POST	/:employeeId/bgv/start		backend/src/modules/employees/employee.routes.ts
employees	GET	/org-tree		backend/src/modules/employees/employee.routes.ts
employees	GET	/stats	admin|hr|manager|ceo|branch_head|finance_head|it_head	backend/src/modules/employees/employee.routes.ts
employees	GET	/hr-hub/filter-options	super_admin|admin|hr|payroll_head|payroll_admin|wfm	backend/src/modules/employees/employee.routes.ts
employees	GET	/hr-hub/today-summary	super_admin|admin|hr|payroll_head|payroll_admin|wfm|branch_head	backend/src/modules/employees/employee.routes.ts
employees	GET	/hr-hub	super_admin|admin|hr|payroll_head|payroll_admin|wfm	backend/src/modules/employees/employee.routes.ts
employees	GET	/	super_admin|admin|hr|manager|ceo|branch_head|process_manager|wfm|payroll_head|payroll_admin|payroll|finance_head|it_head|tq_head	backend/src/modules/employees/employee.routes.ts
employees	POST	/	admin|hr	backend/src/modules/employees/employee.routes.ts
employees	GET	/:id	super_admin|admin|hr|manager|branch_head|process_manager|wfm|payroll_head|payroll_admin|payroll|finance_head|it_head	backend/src/modules/employees/employee.routes.ts
employees	PATCH	/:id	super_admin|admin|hr	backend/src/modules/employees/employee.routes.ts
employees	DELETE	/:id	admin	backend/src/modules/employees/employee.routes.ts
employees	GET	/:id/journey	admin|hr|manager	backend/src/modules/employees/employee.routes.ts
employees	POST	/:id/journey	admin|hr	backend/src/modules/employees/employee.routes.ts
employees	GET	/:id/stat-card		backend/src/modules/employees/employee.routes.ts
employees	GET	/bank-quality/corrupt	hr|hr_admin|super_admin|payroll|finance	backend/src/modules/employees/employee.routes.ts
employees	POST	/bank-quality/:employeeId/request-resubmission	hr|hr_admin|super_admin	backend/src/modules/employees/employee.routes.ts
employees	GET	/stats		backend/src/modules/employees/employee.secure.routes.ts
employees	GET	/directory-masters		backend/src/modules/employees/employee.secure.routes.ts
employees	GET	/options/search		backend/src/modules/employees/employee.secure.routes.ts
employees	GET	${UUID_ROUTE}/stat-card		backend/src/modules/employees/employee.secure.routes.ts
employees	GET	${UUID_ROUTE}/ctc		backend/src/modules/employees/employee.secure.routes.ts
employees	GET	/appointment/:token		backend/src/modules/employees/employee.verify.routes.ts
employees	GET	/emp/:employeeCode		backend/src/modules/employees/employee.verify.routes.ts
employees	GET	/payslip/:employeeCode/:monthYear		backend/src/modules/employees/employee.verify.routes.ts
employees	GET	/esign/:token		backend/src/modules/employees/joiningKit.routes.ts
employees	GET	/esign/:token/download		backend/src/modules/employees/joiningKit.routes.ts
employees	POST	/esign/:token/start		backend/src/modules/employees/joiningKit.routes.ts
employees	GET	/:employeeId/joining-kit/preview		backend/src/modules/employees/joiningKit.routes.ts
employees	POST	/:employeeId/joining-kit/send		backend/src/modules/employees/joiningKit.routes.ts
employees	GET	/:employeeId/joining-kit		backend/src/modules/employees/joiningKit.routes.ts
employees	GET	/search-managers		backend/src/modules/employees/rm-change.routes.ts
employees	GET	/my-requests		backend/src/modules/employees/rm-change.routes.ts
employees	GET	/pending	admin|hr|wfm|payroll_hr	backend/src/modules/employees/rm-change.routes.ts
employees	POST	/		backend/src/modules/employees/rm-change.routes.ts
employees	POST	/:id/action	admin|hr|wfm|payroll_hr	backend/src/modules/employees/rm-change.routes.ts
employees	GET	/pending	<spread>	backend/src/modules/employees/statutory-approval.routes.ts
employees	PATCH	/:id	<spread>	backend/src/modules/employees/statutory-approval.routes.ts
engagement	GET	/command-center	admin|hr|manager|process_manager|ceo	backend/src/modules/engagement/engagement-intelligence.routes.ts
engagement	GET	/filter-options	admin|hr|manager|process_manager|ceo	backend/src/modules/engagement/engagement-intelligence.routes.ts
engagement	POST	/scan	admin|hr	backend/src/modules/engagement/engagement-intelligence.routes.ts
engagement	GET	/health/me		backend/src/modules/engagement/engagement-intelligence.routes.ts
engagement	GET	/health/:employeeId		backend/src/modules/engagement/engagement-intelligence.routes.ts
engagement	GET	/actions		backend/src/modules/engagement/engagement-intelligence.routes.ts
engagement	POST	/actions	admin|hr|manager|process_manager	backend/src/modules/engagement/engagement-intelligence.routes.ts
engagement	PATCH	/actions/:id		backend/src/modules/engagement/engagement-intelligence.routes.ts
engagement	POST	/kudos/:kudosId/reactions		backend/src/modules/engagement/engagement-intelligence.routes.ts
engagement	POST	/kudos/:kudosId/moderate	admin|hr	backend/src/modules/engagement/engagement-intelligence.routes.ts
engagement	GET	/me		backend/src/modules/engagement/engagement.routes.ts
engagement	GET	/badges		backend/src/modules/engagement/engagement.routes.ts
engagement	POST	/badges/award	admin|hr|super_admin|payroll_hr|process_manager|team_leader|manager	backend/src/modules/engagement/engagement.routes.ts
engagement	GET	/badges/:employeeId		backend/src/modules/engagement/engagement.routes.ts
engagement	GET	/leaderboard		backend/src/modules/engagement/engagement.routes.ts
engagement	POST	/points/adjust	admin|hr	backend/src/modules/engagement/engagement.routes.ts
engagement	GET	/points/:employeeId		backend/src/modules/engagement/engagement.routes.ts
engagement	GET	/tiers		backend/src/modules/engagement/engagement.routes.ts
engagement	GET	/tiers/:employeeId		backend/src/modules/engagement/engagement.routes.ts
engagement	GET	/kudos/templates		backend/src/modules/engagement/engagement.routes.ts
engagement	GET	/kudos/limit/me		backend/src/modules/engagement/engagement.routes.ts
engagement	GET	/kudos/wall		backend/src/modules/engagement/engagement.routes.ts
engagement	POST	/kudos		backend/src/modules/engagement/engagement.routes.ts
engagement	GET	/kudos/:employeeId		backend/src/modules/engagement/engagement.routes.ts
engagement	GET	/surveys		backend/src/modules/engagement/engagement.routes.ts
engagement	POST	/surveys	admin|hr	backend/src/modules/engagement/engagement.routes.ts
engagement	GET	/surveys/:id/results	admin|hr	backend/src/modules/engagement/engagement.routes.ts
engagement	GET	/surveys/:id/enps/:questionId	admin|hr	backend/src/modules/engagement/engagement.routes.ts
engagement	GET	/surveys/:id		backend/src/modules/engagement/engagement.routes.ts
engagement	POST	/surveys/:id/respond		backend/src/modules/engagement/engagement.routes.ts
engagement	GET	/pulse/me		backend/src/modules/engagement/engagement.routes.ts
engagement	GET	/pulse/summary	admin|hr	backend/src/modules/engagement/engagement.routes.ts
engagement	POST	/pulse		backend/src/modules/engagement/engagement.routes.ts
engagement	POST	/company-posts/upload		backend/src/modules/engagement/engagement.routes.ts
engagement	GET	/company-posts/feed		backend/src/modules/engagement/engagement.routes.ts
engagement	GET	/company-posts/today-celebrations		backend/src/modules/engagement/engagement.routes.ts
engagement	POST	/company-posts		backend/src/modules/engagement/engagement.routes.ts
engagement	GET	/company-posts/mine		backend/src/modules/engagement/engagement.routes.ts
engagement	GET	/company-posts/approvals		backend/src/modules/engagement/engagement.routes.ts
engagement	GET	/company-posts/manage		backend/src/modules/engagement/engagement.routes.ts
engagement	POST	/company-posts/:id/approve		backend/src/modules/engagement/engagement.routes.ts
engagement	POST	/company-posts/:id/reject		backend/src/modules/engagement/engagement.routes.ts
engagement	DELETE	/company-posts/:id		backend/src/modules/engagement/engagement.routes.ts
engagement	POST	/company-posts/:id/react		backend/src/modules/engagement/engagement.routes.ts
engagement	GET	/company-posts/:id/comments		backend/src/modules/engagement/engagement.routes.ts
engagement	POST	/company-posts/:id/comments		backend/src/modules/engagement/engagement.routes.ts
engagement	DELETE	/company-posts/:id/comments/:cid		backend/src/modules/engagement/engagement.routes.ts
engagement	GET	/mention-search		backend/src/modules/engagement/engagement.routes.ts
engagement	GET	/company-post-creators	super_admin	backend/src/modules/engagement/engagement.routes.ts
engagement	POST	/company-post-creators/:employeeId/grant	super_admin	backend/src/modules/engagement/engagement.routes.ts
engagement	POST	/company-post-creators/:employeeId/revoke	super_admin	backend/src/modules/engagement/engagement.routes.ts
engagement	POST	/daily-login/claim		backend/src/modules/engagement/engagement.routes.ts
engagement	GET	/daily-login/status		backend/src/modules/engagement/engagement.routes.ts
engagement	GET	/daily-login/history		backend/src/modules/engagement/engagement.routes.ts
engagement	GET	/daily-login/leaderboard		backend/src/modules/engagement/engagement.routes.ts
engagement	GET	/tips/today		backend/src/modules/engagement/engagement.routes.ts
engagement	POST	/tips/:tipId/read		backend/src/modules/engagement/engagement.routes.ts
engagement	GET	/tips/archive		backend/src/modules/engagement/engagement.routes.ts
engagement	GET	/tips/my-history		backend/src/modules/engagement/engagement.routes.ts
engagement	POST	/tips	admin|hr|super_admin	backend/src/modules/engagement/engagement.routes.ts
engagement	PUT	/tips/:tipId	admin|hr|super_admin	backend/src/modules/engagement/engagement.routes.ts
engagement	DELETE	/tips/:tipId	admin|hr|super_admin	backend/src/modules/engagement/engagement.routes.ts
engagement	GET	/tips/stats	admin|hr|super_admin	backend/src/modules/engagement/engagement.routes.ts
engagement	GET	/trivia/today		backend/src/modules/engagement/engagement.routes.ts
engagement	POST	/trivia/answer		backend/src/modules/engagement/engagement.routes.ts
engagement	GET	/trivia/leaderboard		backend/src/modules/engagement/engagement.routes.ts
engagement	GET	/trivia/questions	admin|hr|super_admin	backend/src/modules/engagement/engagement.routes.ts
engagement	POST	/trivia/questions	admin|hr|super_admin	backend/src/modules/engagement/engagement.routes.ts
engagement	GET	/brain-teaser/today		backend/src/modules/engagement/engagement.routes.ts
engagement	POST	/brain-teaser/hint		backend/src/modules/engagement/engagement.routes.ts
engagement	POST	/brain-teaser/answer		backend/src/modules/engagement/engagement.routes.ts
engagement	GET	/brain-teaser/bank	admin|hr|super_admin	backend/src/modules/engagement/engagement.routes.ts
engagement	POST	/brain-teaser/bank	admin|hr|super_admin	backend/src/modules/engagement/engagement.routes.ts
engagement	GET	/word-puzzle/today		backend/src/modules/engagement/engagement.routes.ts
engagement	POST	/word-puzzle/guess		backend/src/modules/engagement/engagement.routes.ts
engagement	GET	/word-puzzle/bank	admin|hr|super_admin	backend/src/modules/engagement/engagement.routes.ts
engagement	POST	/word-puzzle/bank	admin|hr|super_admin	backend/src/modules/engagement/engagement.routes.ts
engagement	GET	/polls		backend/src/modules/engagement/engagement.routes.ts
engagement	GET	/polls/all	admin|hr|super_admin	backend/src/modules/engagement/engagement.routes.ts
engagement	POST	/polls	admin|hr|super_admin	backend/src/modules/engagement/engagement.routes.ts
engagement	GET	/polls/:pollId		backend/src/modules/engagement/engagement.routes.ts
engagement	POST	/polls/:pollId/vote		backend/src/modules/engagement/engagement.routes.ts
engagement	POST	/polls/:pollId/approve	admin|hr|super_admin	backend/src/modules/engagement/engagement.routes.ts
engagement	POST	/polls/:pollId/close	admin|hr|super_admin	backend/src/modules/engagement/engagement.routes.ts
engagement	GET	/admin/export/csv	admin|hr|super_admin	backend/src/modules/engagement/engagement.routes.ts
erp	GET	/vendors	admin|hr|finance|finance_head|accounts_head|branch_head|branch_admin	backend/src/modules/erp/erp.routes.ts
erp	POST	/vendors/sync-from-ispark	admin|finance	backend/src/modules/erp/erp.routes.ts
erp	POST	/vendors	admin|hr|finance|finance_head|super_admin|branch_admin	backend/src/modules/erp/erp.routes.ts
erp	GET	/vendors/:id	admin|hr|finance|finance_head|accounts_head|branch_head|branch_admin	backend/src/modules/erp/erp.routes.ts
erp	PUT	/vendors/:id	admin|hr|finance|finance_head|super_admin|branch_admin	backend/src/modules/erp/erp.routes.ts
erp	GET	/contracts	admin|hr|finance	backend/src/modules/erp/erp.routes.ts
erp	POST	/contracts	admin|hr|finance	backend/src/modules/erp/erp.routes.ts
erp	GET	/contracts/:id	admin|hr|finance	backend/src/modules/erp/erp.routes.ts
erp	PATCH	/contracts/:id	admin|hr|finance	backend/src/modules/erp/erp.routes.ts
erp	GET	/expenses		backend/src/modules/erp/erp.routes.ts
erp	POST	/expenses		backend/src/modules/erp/erp.routes.ts
erp	PATCH	/expenses/:id/review	admin|hr|finance	backend/src/modules/erp/erp.routes.ts
erp	GET	/procurement		backend/src/modules/erp/erp.routes.ts
erp	POST	/procurement		backend/src/modules/erp/erp.routes.ts
erp	PATCH	/procurement/:id/approve	admin|hr|finance	backend/src/modules/erp/erp.routes.ts
erp	GET	/billing-units	admin|finance	backend/src/modules/erp/erp.routes.ts
erp	POST	/billing-units	admin|finance	backend/src/modules/erp/erp.routes.ts
erp	GET	/invoices	admin|finance	backend/src/modules/erp/erp.routes.ts
erp	POST	/invoices/generate	admin|finance	backend/src/modules/erp/erp.routes.ts
erp	PATCH	/invoices/:id	admin|finance	backend/src/modules/erp/erp.routes.ts
erp	GET	/expense-policies		backend/src/modules/erp/erp.routes.ts
erp	PUT	/expense-policies/:category	admin|finance	backend/src/modules/erp/erp.routes.ts
exit	PATCH	/:id/status	admin|hr|manager	backend/src/modules/exit/exit-status-guard.compat.routes.ts
exit	PATCH	/:id/status		backend/src/modules/exit/exit.compat.routes.ts
exit	GET	/command-center	admin|hr|manager|finance|payroll|ceo	backend/src/modules/exit/exit.routes.ts
exit	GET	/stats	admin|hr|manager	backend/src/modules/exit/exit.routes.ts
exit	GET	/	admin|hr|manager	backend/src/modules/exit/exit.routes.ts
exit	POST	/		backend/src/modules/exit/exit.routes.ts
exit	GET	/:id/clearance	admin|hr|manager|finance|payroll|wfm	backend/src/modules/exit/exit.routes.ts
exit	POST	/:id/clearance/generate	admin|hr	backend/src/modules/exit/exit.routes.ts
exit	PATCH	/:id/clearance/:taskId	admin|hr|manager|finance|payroll|wfm	backend/src/modules/exit/exit.routes.ts
exit	GET	/:id/health	admin|hr|manager	backend/src/modules/exit/exit.routes.ts
exit	POST	/:id/retention	admin|hr|manager	backend/src/modules/exit/exit.routes.ts
exit	POST	/:id/interview	admin|hr|manager	backend/src/modules/exit/exit.routes.ts
exit	GET	/ff/:exitRequestId	admin|hr|finance|payroll	backend/src/modules/exit/exit.routes.ts
exit	POST	/ff/:exitRequestId	admin|hr|finance|payroll	backend/src/modules/exit/exit.routes.ts
exit	POST	/ff/:id/paid	admin|finance|payroll	backend/src/modules/exit/exit.routes.ts
exit	POST	/ff/:id/verify	admin|hr|finance|payroll	backend/src/modules/exit/exit.routes.ts
exit	GET	/:id		backend/src/modules/exit/exit.routes.ts
exit	GET	/:id/full	admin|hr|manager|finance|payroll	backend/src/modules/exit/exit.routes.ts
exit	GET	/ff/:exitRequestId/outstanding-advances	admin|hr|finance|payroll	backend/src/modules/exit/exit.routes.ts
exit	GET	/ff/:exitRequestId/compute	admin|hr|finance|payroll	backend/src/modules/exit/exit.routes.ts
exit	GET	/stats		backend/src/modules/exit/exit.secure.routes.ts
exit	GET	/		backend/src/modules/exit/exit.secure.routes.ts
exit	PATCH	/:id/status		backend/src/modules/exit/exit.secure.routes.ts
exit	POST	/:id/status		backend/src/modules/exit/exit.secure.routes.ts
exit	POST	/ff/:id/approve	admin|finance|payroll	backend/src/modules/exit/ff-approval-guard.compat.routes.ts
exit	POST	/		backend/src/modules/exit/resignation.routes.ts
exit	POST	/:exitId/discussion	admin|hr|manager	backend/src/modules/exit/resignation.routes.ts
exit	GET	/:exitId/discussions	admin|hr|manager	backend/src/modules/exit/resignation.routes.ts
exit	POST	/:exitId/discussion/:discId/note	admin|hr|manager	backend/src/modules/exit/resignation.routes.ts
exit	POST	/:exitId/manager-discussion	admin|hr|manager	backend/src/modules/exit/resignation.routes.ts
exit	POST	/:exitId/hr-discussion	admin|hr	backend/src/modules/exit/resignation.routes.ts
exit	POST	/:exitId/retention-offer	admin|hr|manager	backend/src/modules/exit/resignation.routes.ts
exit	GET	/:exitId/retention-offers	admin|hr|manager	backend/src/modules/exit/resignation.routes.ts
exit	PATCH	/:exitId/retention-offer/:offerId/respond		backend/src/modules/exit/resignation.routes.ts
exit	POST	/:exitId/accept	admin|hr|branch_head	backend/src/modules/exit/resignation.routes.ts
exit	POST	/:exitId/withdraw		backend/src/modules/exit/resignation.routes.ts
exit	POST	/:exitId/mark-clearance-pending	admin|hr	backend/src/modules/exit/resignation.routes.ts
exit	POST	/:exitId/mark-fnf-pending	admin|hr|finance|payroll	backend/src/modules/exit/resignation.routes.ts
exit	POST	/:exitId/close	admin|hr	backend/src/modules/exit/resignation.routes.ts
exit	GET	/:exitId/audit	admin|hr|manager	backend/src/modules/exit/resignation.routes.ts
exit	GET	/my		backend/src/modules/exit/resignation.routes.ts
exit	GET	/	admin|hr|branch_head|operations_head	backend/src/modules/exit/resignation.routes.ts
expenses	GET	/categories		backend/src/modules/expenses/expense.routes.ts
expenses	POST	/categories	admin|hr	backend/src/modules/expenses/expense.routes.ts
expenses	PUT	/categories/:id	admin|hr	backend/src/modules/expenses/expense.routes.ts
expenses	DELETE	/categories/:id	admin|hr	backend/src/modules/expenses/expense.routes.ts
expenses	GET	/claims/my-claims		backend/src/modules/expenses/expense.routes.ts
expenses	GET	/claims/pending-approval	manager|admin|hr|branch_head|process_manager	backend/src/modules/expenses/expense.routes.ts
expenses	GET	/claims/finance-queue	finance|admin	backend/src/modules/expenses/expense.routes.ts
expenses	GET	/claims/export-for-payment	finance|admin	backend/src/modules/expenses/expense.routes.ts
expenses	GET	/claims/:claimId		backend/src/modules/expenses/expense.routes.ts
expenses	POST	/claims		backend/src/modules/expenses/expense.routes.ts
expenses	POST	/claims/:claimId/items		backend/src/modules/expenses/expense.routes.ts
expenses	DELETE	/claims/:claimId/items/:itemId		backend/src/modules/expenses/expense.routes.ts
expenses	POST	/claims/:claimId/items/:itemId/receipt		backend/src/modules/expenses/expense.routes.ts
expenses	POST	/claims/:claimId/items/:itemId/receipt-upload		backend/src/modules/expenses/expense.routes.ts
expenses	POST	/claims/:claimId/submit		backend/src/modules/expenses/expense.routes.ts
expenses	POST	/claims/:claimId/manager-approve	manager	backend/src/modules/expenses/expense.routes.ts
expenses	POST	/claims/:claimId/reject	manager|finance	backend/src/modules/expenses/expense.routes.ts
expenses	POST	/claims/:claimId/finance-approve	finance|admin	backend/src/modules/expenses/expense.routes.ts
expenses	POST	/claims/:claimId/mark-paid	finance|admin	backend/src/modules/expenses/expense.routes.ts
expenses	GET	/reports/summary	finance|admin	backend/src/modules/expenses/expense.routes.ts
expenses	GET	/reports/monthly-trends	finance|admin	backend/src/modules/expenses/expense.routes.ts
expenses	GET	/reports/top-spenders	finance|admin	backend/src/modules/expenses/expense.routes.ts
external-db	GET	/	admin	backend/src/modules/external-db/external-db.routes.ts
external-db	GET	/:key	admin	backend/src/modules/external-db/external-db.routes.ts
external-db	PUT	/:key	admin	backend/src/modules/external-db/external-db.routes.ts
external-db	POST	/:key/test	admin	backend/src/modules/external-db/external-db.routes.ts
files	GET	/candidate/:fileId		backend/src/modules/files/files.routes.ts
files	GET	/employee-photos/:filename		backend/src/modules/files/files.routes.ts
files	POST	/upload	admin|hr|super_admin|wfm|wfm_analyst|payroll|payroll_hr	backend/src/modules/files/files.routes.ts
files	POST	/download-token		backend/src/modules/files/files.routes.ts
files	GET	/:category/:filename		backend/src/modules/files/files.routes.ts
files	DELETE	/:category/:filename	admin|hr	backend/src/modules/files/files.routes.ts
finance	GET	/invoices	<spread>	backend/src/modules/finance/client-payment-tracking.routes.ts
finance	GET	/trends	<spread>	backend/src/modules/finance/client-payment-tracking.routes.ts
finance	GET	/clients	<spread>	backend/src/modules/finance/client-payment-tracking.routes.ts
finance	GET	/seat-rates	<spread>	backend/src/modules/finance/client-payment-tracking.routes.ts
finance	GET	/predictive-revenue	<spread>	backend/src/modules/finance/client-payment-tracking.routes.ts
finance	GET	/history/:invoiceRefId	<spread>	backend/src/modules/finance/client-payment-tracking.routes.ts
finance	POST	/update	<spread>	backend/src/modules/finance/client-payment-tracking.routes.ts
finance	GET	/	<spread>	backend/src/modules/finance/cost-centre-management.routes.ts
finance	GET	/status-counts	<spread>	backend/src/modules/finance/cost-centre-management.routes.ts
finance	GET	/approval-queue	<spread>	backend/src/modules/finance/cost-centre-management.routes.ts
finance	GET	/:id	<spread>	backend/src/modules/finance/cost-centre-management.routes.ts
finance	GET	/:id/history	<spread>	backend/src/modules/finance/cost-centre-management.routes.ts
finance	POST	/	<spread>	backend/src/modules/finance/cost-centre-management.routes.ts
finance	PUT	/:id	<spread>	backend/src/modules/finance/cost-centre-management.routes.ts
finance	POST	/:id/submit	<spread>	backend/src/modules/finance/cost-centre-management.routes.ts
finance	POST	/:id/approve-l1	<spread>	backend/src/modules/finance/cost-centre-management.routes.ts
finance	POST	/:id/approve-l2	<spread>	backend/src/modules/finance/cost-centre-management.routes.ts
finance	POST	/:id/reject	<spread>	backend/src/modules/finance/cost-centre-management.routes.ts
finance	POST	/:id/request-revision	<spread>	backend/src/modules/finance/cost-centre-management.routes.ts
finance	POST	/:id/activate	<spread>	backend/src/modules/finance/cost-centre-management.routes.ts
finance	POST	/:id/close	<spread>	backend/src/modules/finance/cost-centre-management.routes.ts
finance	GET	/:id/workspace	<spread>	backend/src/modules/finance/grn-smart.routes.ts
finance	PUT	/:id/allocations	<spread>	backend/src/modules/finance/grn-smart.routes.ts
finance	PUT	/:id/invoice-components	<spread>	backend/src/modules/finance/grn-smart.routes.ts
finance	POST	/:id/documents	<spread>	backend/src/modules/finance/grn-smart.routes.ts
finance	POST	/:id/documents/:documentId/analyze	<spread>	backend/src/modules/finance/grn-smart.routes.ts
finance	POST	/:id/extraction/confirm	<spread>	backend/src/modules/finance/grn-smart.routes.ts
finance	POST	/:id/revalidate	<spread>	backend/src/modules/finance/grn-smart.routes.ts
finance	POST	/:id/validations/:validationCode/override	<spread>	backend/src/modules/finance/grn-smart.routes.ts
finance	POST	/:id/validations/:validationCode/revoke	<spread>	backend/src/modules/finance/grn-smart.routes.ts
finance	GET	/:id/documents/:documentId/file	<spread>	backend/src/modules/finance/grn-smart.routes.ts
finance	POST	/:id/link-budget	<spread>	backend/src/modules/finance/grn-smart.routes.ts
finance	POST	/:id/submit	<spread>	backend/src/modules/finance/grn-smart.routes.ts
finance	POST	/:id/review	<spread>	backend/src/modules/finance/grn-smart.routes.ts
finance	POST	/:id/cancel	<spread>	backend/src/modules/finance/grn-smart.routes.ts
finance	POST	/:id/reopen	<spread>	backend/src/modules/finance/grn-smart.routes.ts
finance	GET	/expense-masters	<spread>	backend/src/modules/finance/grn.routes.ts
finance	POST	/expense-heads	<spread>	backend/src/modules/finance/grn.routes.ts
finance	POST	/expense-sub-heads	<spread>	backend/src/modules/finance/grn.routes.ts
finance	DELETE	/expense-heads/:id	<spread>	backend/src/modules/finance/grn.routes.ts
finance	DELETE	/expense-sub-heads/:id	<spread>	backend/src/modules/finance/grn.routes.ts
finance	GET	/vendors/:vendorId/expense-mappings	<spread>	backend/src/modules/finance/grn.routes.ts
finance	PUT	/vendors/:vendorId/expense-mappings	<spread>	backend/src/modules/finance/grn.routes.ts
finance	GET	/config/vendor-expense-mapping-enforced	<spread>	backend/src/modules/finance/grn.routes.ts
finance	PATCH	/config/vendor-expense-mapping-enforced	<spread>	backend/src/modules/finance/grn.routes.ts
finance	GET	/vendors/mapping-summary	<spread>	backend/src/modules/finance/grn.routes.ts
finance	GET	/companies	<spread>	backend/src/modules/finance/grn.routes.ts
finance	GET	/grns/:id/approval-history	<spread>	backend/src/modules/finance/grn.routes.ts
finance	GET	/vendors/:vendorId/applicability	<spread>	backend/src/modules/finance/grn.routes.ts
finance	PUT	/vendors/:vendorId/applicability	<spread>	backend/src/modules/finance/grn.routes.ts
finance	GET	/vendors/:vendorId/ship-to	<spread>	backend/src/modules/finance/grn.routes.ts
finance	GET	/expense-selectable	<spread>	backend/src/modules/finance/grn.routes.ts
finance	GET	/grns	<spread>	backend/src/modules/finance/grn.routes.ts
finance	GET	/grns/summary	<spread>	backend/src/modules/finance/grn.routes.ts
finance	GET	/grn-reports/register	<spread>	backend/src/modules/finance/grn.routes.ts
finance	GET	/grn-reports/audit-trail	<spread>	backend/src/modules/finance/grn.routes.ts
finance	GET	/grn-reports/topups	<spread>	backend/src/modules/finance/grn.routes.ts
finance	GET	/grn-reports/filters	<spread>	backend/src/modules/finance/grn.routes.ts
finance	GET	/grns/:id	<spread>	backend/src/modules/finance/grn.routes.ts
finance	DELETE	/grns/:id	<spread>	backend/src/modules/finance/grn.routes.ts
finance	POST	/grns	<spread>	backend/src/modules/finance/grn.routes.ts
finance	PATCH	/grns/:id/billing-cycle	finance_head|accounts_head|super_admin	backend/src/modules/finance/grn.routes.ts
finance	POST	/grns/:id/return	branch_head|finance_head|accounts_head|super_admin	backend/src/modules/finance/grn.routes.ts
finance	POST	/grns/:id/resubmit	<spread>	backend/src/modules/finance/grn.routes.ts
finance	POST	/grns/:id/submit	<spread>	backend/src/modules/finance/grn.routes.ts
finance	POST	/grns/:id/review	<spread>	backend/src/modules/finance/grn.routes.ts
finance	POST	/grns/:id/cancel	<spread>	backend/src/modules/finance/grn.routes.ts
finance	POST	/grns/:id/reverse-consumption	<spread>	backend/src/modules/finance/grn.routes.ts
finance	POST	/grns/:id/attachment	<spread>	backend/src/modules/finance/grn.routes.ts
finance	GET	/grns/:id/attachment	<spread>	backend/src/modules/finance/grn.routes.ts
finance	POST	/grns/:id/debit-note	<spread>	backend/src/modules/finance/grn.routes.ts
finance	GET	/grns/:id/debit-notes	<spread>	backend/src/modules/finance/grn.routes.ts
finance	POST	/debit-notes/:id/approve	<spread>	backend/src/modules/finance/grn.routes.ts
finance	POST	/debit-notes/:id/cancel	<spread>	backend/src/modules/finance/grn.routes.ts
finance	GET	/my		backend/src/modules/finance/imprest.routes.ts
finance	GET	/managers	<spread>	backend/src/modules/finance/imprest.routes.ts
finance	GET	/managers/:id	<spread>	backend/src/modules/finance/imprest.routes.ts
finance	POST	/managers	<spread>	backend/src/modules/finance/imprest.routes.ts
finance	PUT	/managers/:id	<spread>	backend/src/modules/finance/imprest.routes.ts
finance	GET	/manager-candidates	<spread>	backend/src/modules/finance/imprest.routes.ts
finance	GET	/allocations	<spread>	backend/src/modules/finance/imprest.routes.ts
finance	POST	/allocations	<spread>	backend/src/modules/finance/imprest.routes.ts
finance	POST	/allocations/:id/review	finance_head|super_admin	backend/src/modules/finance/imprest.routes.ts
finance	GET	/allocations/:id/approval-history	<spread>	backend/src/modules/finance/imprest.routes.ts
finance	GET	/ledger	<spread>	backend/src/modules/finance/imprest.routes.ts
finance	GET	/reports/balance	<spread>	backend/src/modules/finance/imprest.routes.ts
finance	GET	/reports/details	<spread>	backend/src/modules/finance/imprest.routes.ts
finance	GET	/reports/details/export	<spread>	backend/src/modules/finance/imprest.routes.ts
finance	POST	/sync	<spread>	backend/src/modules/finance/mandate-seat-tracking.routes.ts
finance	GET	/trend/:costCenter	<spread>	backend/src/modules/finance/mandate-seat-tracking.routes.ts
finance	GET	/clients	<spread>	backend/src/modules/finance/mandate-seat-tracking.routes.ts
finance	GET	/client/:clientName	<spread>	backend/src/modules/finance/mandate-seat-tracking.routes.ts
finance	GET	/branches	<spread>	backend/src/modules/finance/mandate-seat-tracking.routes.ts
finance	POST	/multi-trend	<spread>	backend/src/modules/finance/mandate-seat-tracking.routes.ts
finance	PUT	/:costCenter	<spread>	backend/src/modules/finance/mandate-seat-tracking.routes.ts
finance	GET	/runs/:runId/vouchers	<spread>	backend/src/modules/finance/salary-voucher.routes.ts
finance	GET	/runs/:runId/vouchers/export	<spread>	backend/src/modules/finance/salary-voucher.routes.ts
finance	GET	/runs/bill/:period/vouchers	<spread>	backend/src/modules/finance/salary-voucher.routes.ts
finance	POST	/vendor-approval/raise	<spread>	backend/src/modules/finance/vendor-approval.routes.ts
finance	GET	/vendor-approval/requests	<spread>	backend/src/modules/finance/vendor-approval.routes.ts
finance	GET	/vendor-approval/my-requests		backend/src/modules/finance/vendor-approval.routes.ts
finance	PATCH	/vendor-approval/:id/approve	<spread>	backend/src/modules/finance/vendor-approval.routes.ts
finance	PATCH	/vendor-approval/:id/reject	<spread>	backend/src/modules/finance/vendor-approval.routes.ts
finance	GET	/vendors/:vendorId/bank	<spread>	backend/src/modules/finance/vendor-bank.routes.ts
finance	GET	/vendors/:vendorId/bank/log	<spread>	backend/src/modules/finance/vendor-bank.routes.ts
finance	POST	/vendors/:vendorId/bank/requests	<spread>	backend/src/modules/finance/vendor-bank.routes.ts
finance	GET	/vendor-bank/requests	<spread>	backend/src/modules/finance/vendor-bank.routes.ts
finance	POST	/vendor-bank/requests/:id/approve	<spread>	backend/src/modules/finance/vendor-bank.routes.ts
finance	POST	/vendor-bank/requests/:id/reject	<spread>	backend/src/modules/finance/vendor-bank.routes.ts
finance	GET	/vendor-payments/capabilities	<spread>	backend/src/modules/finance/vendor-payment.routes.ts
finance	GET	/banks	<spread>	backend/src/modules/finance/vendor-payment.routes.ts
finance	GET	/vendor-payments	<spread>	backend/src/modules/finance/vendor-payment.routes.ts
finance	GET	/vendor-payments/export	<spread>	backend/src/modules/finance/vendor-payment.routes.ts
finance	GET	/vendor-payments/aging	<spread>	backend/src/modules/finance/vendor-payment.routes.ts
finance	GET	/vendor-payments/:id/transactions	<spread>	backend/src/modules/finance/vendor-payment.routes.ts
finance	GET	/vendor-payments/:id	<spread>	backend/src/modules/finance/vendor-payment.routes.ts
finance	POST	/vendor-payments/:id/dispatch	<spread>	backend/src/modules/finance/vendor-payment.routes.ts
finance	POST	/vendor-payments/:id/hold	<spread>	backend/src/modules/finance/vendor-payment.routes.ts
finance	POST	/vendor-payments/:id/transactions/:transactionRowId/upload-proof	<spread>	backend/src/modules/finance/vendor-payment.routes.ts
finance	POST	/vendor-payments/:id/upload-proof	<spread>	backend/src/modules/finance/vendor-payment.routes.ts
finance	GET	/vendor-payments/:id/proof	<spread>	backend/src/modules/finance/vendor-payment.routes.ts
finance	GET	/vendor-payments/:id/grn-file	<spread>	backend/src/modules/finance/vendor-payment.routes.ts
finance	GET	/vendors/:vendorId/ledger	<spread>	backend/src/modules/finance/vendor-payment.routes.ts
goals	GET	/goals		backend/src/modules/goals/goals.routes.ts
goals	POST	/goals		backend/src/modules/goals/goals.routes.ts
goals	PATCH	/goals/:id		backend/src/modules/goals/goals.routes.ts
goals	GET	/appraisal/cycles	admin|hr	backend/src/modules/goals/goals.routes.ts
goals	POST	/appraisal/cycles	admin|hr	backend/src/modules/goals/goals.routes.ts
goals	PATCH	/appraisal/cycles/:id	admin|hr	backend/src/modules/goals/goals.routes.ts
goals	GET	/appraisal/ratings	admin|hr	backend/src/modules/goals/goals.routes.ts
goals	POST	/appraisal/ratings/:cycleId/:employeeId/self		backend/src/modules/goals/goals.routes.ts
goals	POST	/appraisal/ratings/:cycleId/:employeeId/manager	admin|hr|manager	backend/src/modules/goals/goals.routes.ts
goals	GET	/skills		backend/src/modules/goals/goals.routes.ts
goals	POST	/skills	admin|hr	backend/src/modules/goals/goals.routes.ts
goals	GET	/skills/employee/:employeeId		backend/src/modules/goals/goals.routes.ts
goals	POST	/skills/employee/:employeeId	admin|hr	backend/src/modules/goals/goals.routes.ts
goals	DELETE	/goals/:id		backend/src/modules/goals/goals.routes.ts
goals	DELETE	/appraisal/ratings/:id	admin|hr	backend/src/modules/goals/goals.routes.ts
goals	DELETE	/skills/employee/:employeeId/:skillId		backend/src/modules/goals/goals.routes.ts
governance	GET	/matrix		backend/src/modules/governance/tat.routes.ts
governance	POST	/matrix	admin|hr	backend/src/modules/governance/tat.routes.ts
governance	PUT	/matrix/:id	admin|hr	backend/src/modules/governance/tat.routes.ts
governance	GET	/escalation-matrix		backend/src/modules/governance/tat.routes.ts
governance	POST	/escalation-matrix	admin|hr	backend/src/modules/governance/tat.routes.ts
governance	PUT	/escalation-matrix/:id	admin|hr	backend/src/modules/governance/tat.routes.ts
governance	DELETE	/escalation-matrix/:id	admin|hr	backend/src/modules/governance/tat.routes.ts
governance	GET	/tasks		backend/src/modules/governance/tat.routes.ts
governance	POST	/tasks		backend/src/modules/governance/tat.routes.ts
governance	POST	/tasks/recalculate	admin|hr	backend/src/modules/governance/tat.routes.ts
governance	POST	/tasks/:id/complete		backend/src/modules/governance/tat.routes.ts
governance	GET	/dashboard		backend/src/modules/governance/tat.routes.ts
gst	POST	/exports	<spread>	backend/src/modules/gst/gst-export.routes.ts
gst	GET	/exports	<spread>	backend/src/modules/gst/gst-export.routes.ts
gst	GET	/exports/:id	<spread>	backend/src/modules/gst/gst-export.routes.ts
gst	GET	/exports/:id/exceptions	<spread>	backend/src/modules/gst/gst-export.routes.ts
gst	GET	/exports/:id/csv	<spread>	backend/src/modules/gst/gst-export.routes.ts
gst	POST	/exports/:id/downloaded	<spread>	backend/src/modules/gst/gst-export.routes.ts
helpdesk	GET	/command-center	admin|hr|super_admin|manager|process_manager|it|branch_it|it_admin	backend/src/modules/helpdesk/helpdesk.routes.ts
helpdesk	GET	/dashboard	admin|hr|super_admin|manager|process_manager	backend/src/modules/helpdesk/helpdesk.routes.ts
helpdesk	GET	/sla-summary	admin|hr|super_admin	backend/src/modules/helpdesk/helpdesk.routes.ts
helpdesk	GET	/category-breakdown	admin|hr|super_admin|manager	backend/src/modules/helpdesk/helpdesk.routes.ts
helpdesk	GET	/owner-workload	admin|hr|super_admin	backend/src/modules/helpdesk/helpdesk.routes.ts
helpdesk	GET	/aging	admin|hr|super_admin|manager	backend/src/modules/helpdesk/helpdesk.routes.ts
helpdesk	GET	/root-causes	admin|hr|super_admin	backend/src/modules/helpdesk/helpdesk.routes.ts
helpdesk	GET	/it-analysis	admin|hr|super_admin|it|branch_it|it_admin|manager|process_manager	backend/src/modules/helpdesk/helpdesk.routes.ts
helpdesk	GET	/tickets		backend/src/modules/helpdesk/helpdesk.routes.ts
helpdesk	POST	/tickets		backend/src/modules/helpdesk/helpdesk.routes.ts
helpdesk	GET	/tickets/:id		backend/src/modules/helpdesk/helpdesk.routes.ts
helpdesk	PATCH	/tickets/:id	<spread>	backend/src/modules/helpdesk/helpdesk.routes.ts
helpdesk	POST	/tickets/:id/assign	<spread>	backend/src/modules/helpdesk/helpdesk.routes.ts
helpdesk	POST	/tickets/:id/escalate	<spread>	backend/src/modules/helpdesk/helpdesk.routes.ts
helpdesk	POST	/tickets/:id/resolve	<spread>	backend/src/modules/helpdesk/helpdesk.routes.ts
helpdesk	POST	/tickets/:id/reopen		backend/src/modules/helpdesk/helpdesk.routes.ts
helpdesk	POST	/tickets/:id/rating		backend/src/modules/helpdesk/helpdesk.routes.ts
helpdesk	POST	/tickets/:id/comments		backend/src/modules/helpdesk/helpdesk.routes.ts
helpdesk	GET	/grievances/command-center	admin|hr|super_admin	backend/src/modules/helpdesk/helpdesk.routes.ts
helpdesk	GET	/grievances/dashboard	admin|hr|super_admin	backend/src/modules/helpdesk/helpdesk.routes.ts
helpdesk	GET	/grievances		backend/src/modules/helpdesk/helpdesk.routes.ts
helpdesk	POST	/grievances		backend/src/modules/helpdesk/helpdesk.routes.ts
helpdesk	GET	/grievances/:id		backend/src/modules/helpdesk/helpdesk.routes.ts
helpdesk	GET	/grievances/:id/timeline		backend/src/modules/helpdesk/helpdesk.routes.ts
helpdesk	PATCH	/grievances/:id	admin|hr	backend/src/modules/helpdesk/helpdesk.routes.ts
helpdesk	POST	/grievances/:id/status	admin|hr	backend/src/modules/helpdesk/helpdesk.routes.ts
helpdesk	POST	/grievances/:id/assign	admin|hr	backend/src/modules/helpdesk/helpdesk.routes.ts
helpdesk	POST	/grievances/:id/escalate	admin|hr	backend/src/modules/helpdesk/helpdesk.routes.ts
helpdesk	POST	/grievances/:id/investigation-note	admin|hr	backend/src/modules/helpdesk/helpdesk.routes.ts
helpdesk	POST	/grievances/:id/close	admin|hr	backend/src/modules/helpdesk/helpdesk.routes.ts
helpdesk	POST	/grievances/:id/reopen	admin|hr	backend/src/modules/helpdesk/helpdesk.routes.ts
helpdesk	POST	/grievances/:id/evidence	admin|hr	backend/src/modules/helpdesk/helpdesk.routes.ts
helpdesk	GET	/agents	<spread>	backend/src/modules/helpdesk/helpdesk.routes.ts
helpdesk	POST	/tickets/:id/take	<spread>	backend/src/modules/helpdesk/helpdesk.routes.ts
helpdesk	POST	/tickets/:id/hold	<spread>	backend/src/modules/helpdesk/helpdesk.routes.ts
helpdesk	GET	/kb		backend/src/modules/helpdesk/helpdesk.routes.ts
helpdesk	POST	/kb	<spread>	backend/src/modules/helpdesk/helpdesk.routes.ts
helpdesk	GET	/kb/:id		backend/src/modules/helpdesk/helpdesk.routes.ts
helpdesk	POST	/kb/:id/helpful		backend/src/modules/helpdesk/helpdesk.routes.ts
ijp	POST	/postings	super_admin|hr|hr_admin|recruitment_hr	backend/src/modules/ijp/ijp.routes.ts
ijp	GET	/postings	super_admin|hr|hr_admin|recruitment_hr|branch_head|process_manager|operations_manager	backend/src/modules/ijp/ijp.routes.ts
ijp	GET	/postings/:id		backend/src/modules/ijp/ijp.routes.ts
ijp	PATCH	/postings/:id	super_admin|hr|hr_admin|recruitment_hr	backend/src/modules/ijp/ijp.routes.ts
ijp	POST	/postings/:id/publish	super_admin|hr|hr_admin|recruitment_hr	backend/src/modules/ijp/ijp.routes.ts
ijp	POST	/postings/:id/close	super_admin|hr|hr_admin|recruitment_hr	backend/src/modules/ijp/ijp.routes.ts
ijp	GET	/postings/:id/applications	super_admin|hr|hr_admin|recruitment_hr|branch_head|process_manager|operations_manager	backend/src/modules/ijp/ijp.routes.ts
ijp	PATCH	/applications/:id/status	super_admin|hr|hr_admin|recruitment_hr	backend/src/modules/ijp/ijp.routes.ts
ijp	GET	/stats	super_admin|hr|hr_admin|recruitment_hr	backend/src/modules/ijp/ijp.routes.ts
ijp	GET	/my/eligible		backend/src/modules/ijp/ijp.routes.ts
ijp	GET	/my/applications		backend/src/modules/ijp/ijp.routes.ts
ijp	GET	/postings/:id/eligibility		backend/src/modules/ijp/ijp.routes.ts
ijp	POST	/postings/:id/apply		backend/src/modules/ijp/ijp.routes.ts
ijp	DELETE	/applications/:id		backend/src/modules/ijp/ijp.routes.ts
ijp	PATCH	/applications/:id/manager-action		backend/src/modules/ijp/ijp.routes.ts
inbox	GET	/my-pending		backend/src/modules/inbox/inbox.routes.ts
inbox	GET	/timeline/:referenceType/:referenceId		backend/src/modules/inbox/inbox.routes.ts
inbox	GET	/count		backend/src/modules/inbox/inbox.routes.ts
inbox	GET	/		backend/src/modules/inbox/inbox.routes.ts
inbox	POST	/	admin|hr	backend/src/modules/inbox/inbox.routes.ts
inbox	PATCH	/:id/read		backend/src/modules/inbox/inbox.routes.ts
inbox	PATCH	/:id/actioned		backend/src/modules/inbox/inbox.routes.ts
inbox	POST	/bulk-actioned		backend/src/modules/inbox/inbox.routes.ts
inbox	PATCH	/mark-all-read		backend/src/modules/inbox/inbox.routes.ts
inbox	GET	/mira-fix-draft/:workItemId	super_admin	backend/src/modules/inbox/inbox.routes.ts
inbox	POST	/mira-fix-draft/:workItemId/generate	super_admin	backend/src/modules/inbox/inbox.routes.ts
inbox	POST	/mira-fix-draft/deploy/:draftId	super_admin	backend/src/modules/inbox/inbox.routes.ts
incentives	GET	/masters		backend/src/modules/incentives/incentives.routes.ts
incentives	POST	/masters	admin|hr|finance	backend/src/modules/incentives/incentives.routes.ts
incentives	PUT	/masters/:id	admin|hr|finance	backend/src/modules/incentives/incentives.routes.ts
incentives	DELETE	/masters/:id	admin	backend/src/modules/incentives/incentives.routes.ts
incentives	PATCH	/masters/:id/toggle	admin|hr|finance	backend/src/modules/incentives/incentives.routes.ts
incentives	GET	/upload-template	admin|hr|finance|wfm_spoc|wfm|payroll_hr	backend/src/modules/incentives/incentives.routes.ts
incentives	POST	/bulk-upload	admin|hr|finance|wfm_spoc|wfm|payroll_hr	backend/src/modules/incentives/incentives.routes.ts
incentives	GET	/batches		backend/src/modules/incentives/incentives.routes.ts
incentives	POST	/batches	admin|hr|finance|wfm_spoc|wfm|payroll_hr	backend/src/modules/incentives/incentives.routes.ts
incentives	POST	/batches/single-entry	admin|hr|finance|wfm_spoc|wfm|payroll_hr	backend/src/modules/incentives/incentives.routes.ts
incentives	GET	/batches/:id		backend/src/modules/incentives/incentives.routes.ts
incentives	GET	/batches/:id/lines		backend/src/modules/incentives/incentives.routes.ts
incentives	POST	/batches/:id/lines/import	admin|hr|finance|wfm_spoc|wfm|payroll_hr	backend/src/modules/incentives/incentives.routes.ts
incentives	POST	/batches/:id/submit	admin|hr|finance|wfm_spoc|wfm|payroll_hr	backend/src/modules/incentives/incentives.routes.ts
incentives	POST	/batches/:id/approve	admin|finance	backend/src/modules/incentives/incentives.routes.ts
incentives	POST	/batches/:id/reject	admin|finance	backend/src/modules/incentives/incentives.routes.ts
incentives	POST	/apply-to-run	admin|finance|payroll	backend/src/modules/incentives/incentives.routes.ts
incentives	POST	/batches/:batchId/approval-chain/init	admin|hr|finance|wfm	backend/src/modules/incentives/incentives.routes.ts
incentives	POST	/batches/:batchId/step-approve		backend/src/modules/incentives/incentives.routes.ts
incentives	POST	/batches/:batchId/step-reject		backend/src/modules/incentives/incentives.routes.ts
incentives	GET	/batches/:batchId/approval-steps		backend/src/modules/incentives/incentives.routes.ts
incentives	GET	/approvals/pending		backend/src/modules/incentives/incentives.routes.ts
incentives	POST	/batches/:batchId/register	admin|finance	backend/src/modules/incentives/incentives.routes.ts
incentives	GET	/register	admin|finance|payroll	backend/src/modules/incentives/incentives.routes.ts
integration-hub	GET	/runs		backend/src/modules/integration-hub/integration.routes.ts
integration-hub	GET	/mapping-catalog		backend/src/modules/integration-hub/integration.routes.ts
integration-hub	POST	/field-maps/confirm		backend/src/modules/integration-hub/integration.routes.ts
integration-hub	GET	/db-connectors		backend/src/modules/integration-hub/integration.routes.ts
integration-hub	GET	/stats		backend/src/modules/integration-hub/integration.routes.ts
integration-hub	GET	/		backend/src/modules/integration-hub/integration.routes.ts
integration-hub	POST	/		backend/src/modules/integration-hub/integration.routes.ts
integration-hub	GET	/:key		backend/src/modules/integration-hub/integration.routes.ts
integration-hub	PUT	/:key		backend/src/modules/integration-hub/integration.routes.ts
integration-hub	DELETE	/:key		backend/src/modules/integration-hub/integration.routes.ts
integration-hub	POST	/:key/run		backend/src/modules/integration-hub/integration.routes.ts
integration-hub	GET	/:key/field-maps		backend/src/modules/integration-hub/integration.routes.ts
integration-hub	GET	/:key/table-maps		backend/src/modules/integration-hub/integration.routes.ts
integration-hub	PUT	/:key/table-maps		backend/src/modules/integration-hub/integration.routes.ts
integration-hub	GET	/:key/source-schema		backend/src/modules/integration-hub/integration.routes.ts
integration-hub	GET	/:key/suggestions		backend/src/modules/integration-hub/integration.routes.ts
integration-hub	GET	/:key/data-preview		backend/src/modules/integration-hub/integration.routes.ts
integration-hub	GET	/:key/schedule		backend/src/modules/integration-hub/integration.routes.ts
integration-hub	PUT	/:key/schedule		backend/src/modules/integration-hub/integration.routes.ts
integration-hub	POST	/:key/db-sync		backend/src/modules/integration-hub/integration.routes.ts
integration-hub	GET	/:key/events		backend/src/modules/integration-hub/integration.routes.ts
integration-hub	DELETE	/:key/field-maps/:mapId		backend/src/modules/integration-hub/integration.routes.ts
integration-hub	DELETE	/:key/table-maps/:mapId		backend/src/modules/integration-hub/integration.routes.ts
it-provisioning	GET	/stats	<spread>	backend/src/modules/it-provisioning/it-provisioning.routes.ts
it-provisioning	GET	/requests	<spread>	backend/src/modules/it-provisioning/it-provisioning.routes.ts
it-provisioning	GET	/requests/:id	<spread>	backend/src/modules/it-provisioning/it-provisioning.routes.ts
it-provisioning	PATCH	/requests/:id/action	<spread>	backend/src/modules/it-provisioning/it-provisioning.routes.ts
it-provisioning	PATCH	/tasks/:id	<spread>	backend/src/modules/it-provisioning/it-provisioning.routes.ts
it-provisioning	POST	/tasks/:id/complete	<spread>	backend/src/modules/it-provisioning/it-provisioning.routes.ts
it-provisioning	POST	/tasks/:id/reopen	<spread>	backend/src/modules/it-provisioning/it-provisioning.routes.ts
it-provisioning	PATCH	/requests/:id/waive	<spread>	backend/src/modules/it-provisioning/it-provisioning.routes.ts
it-provisioning	POST	/tasks/:id/waive	<spread>	backend/src/modules/it-provisioning/it-provisioning.routes.ts
it-provisioning	POST	/tasks/:id/block	<spread>	backend/src/modules/it-provisioning/it-provisioning.routes.ts
it-provisioning	GET	/appointment-letters	admin|hr|super_admin	backend/src/modules/it-provisioning/it-provisioning.routes.ts
it-provisioning	POST	/appointment-letters/:id/send	admin|hr|super_admin	backend/src/modules/it-provisioning/it-provisioning.routes.ts
it-provisioning	POST	/appointment-letters/:id/aadhaar-signed	admin|hr|super_admin	backend/src/modules/it-provisioning/it-provisioning.routes.ts
it-provisioning	POST	/appointment-letters/:id/company-signed	admin|hr|super_admin	backend/src/modules/it-provisioning/it-provisioning.routes.ts
it-provisioning	POST	/appointment-letters/:id/complete	admin|hr|super_admin	backend/src/modules/it-provisioning/it-provisioning.routes.ts
it-provisioning	POST	/requests/:id/confirm	admin|hr	backend/src/modules/it-provisioning/it-provisioning.routes.ts
it-provisioning	GET	/tasks/:id/candidate-report	<spread>	backend/src/modules/it-provisioning/it-provisioning.routes.ts
it-provisioning	POST	/tasks/bulk-complete	it|admin|super_admin|hr	backend/src/modules/it-provisioning/it-provisioning.routes.ts
it-provisioning	POST	/tasks/:id/upload-evidence	<spread>	backend/src/modules/it-provisioning/it-provisioning.routes.ts
it-provisioning	GET	/sla/violations	admin|super_admin|hr|it|wfm|branch_admin	backend/src/modules/it-provisioning/it-provisioning.routes.ts
it-provisioning	POST	/sla/bulk-waive	admin|super_admin|hr	backend/src/modules/it-provisioning/it-provisioning.routes.ts
it-provisioning	GET	/sla/summary	admin|super_admin|hr|it|wfm|branch_admin	backend/src/modules/it-provisioning/it-provisioning.routes.ts
it-provisioning	POST	/bulk-sync	it|admin|super_admin|hr	backend/src/modules/it-provisioning/it-provisioning.routes.ts
it-provisioning	GET	/it-dashboard-summary	admin|hr|IT_MANAGER_DASHBOARD|<spread>	backend/src/modules/it-provisioning/it-provisioning.routes.ts
it-provisioning	POST	/redispatch/:employeeId	hr|super_admin|admin	backend/src/modules/it-provisioning/it-provisioning.routes.ts
it-provisioning	GET	/events		backend/src/modules/it-provisioning/notification-recipients.routes.ts
it-provisioning	GET	/branches		backend/src/modules/it-provisioning/notification-recipients.routes.ts
it-provisioning	GET	/:branchId		backend/src/modules/it-provisioning/notification-recipients.routes.ts
it-provisioning	GET	/:branchId/effective		backend/src/modules/it-provisioning/notification-recipients.routes.ts
it-provisioning	POST	/		backend/src/modules/it-provisioning/notification-recipients.routes.ts
it-provisioning	DELETE	/:id		backend/src/modules/it-provisioning/notification-recipients.routes.ts
it-provisioning	GET	/lookup/employees		backend/src/modules/it-provisioning/notification-recipients.routes.ts
job-requisition	GET	/dashboard	<spread>	backend/src/modules/job-requisition/job-requisition.routes.ts
job-requisition	GET	/	<spread>	backend/src/modules/job-requisition/job-requisition.routes.ts
job-requisition	GET	/pending-approvals	super_admin|branch_head	backend/src/modules/job-requisition/job-requisition.routes.ts
job-requisition	GET	/batches/available	<spread>	backend/src/modules/job-requisition/job-requisition.routes.ts
job-requisition	GET	/processes-for-branch/:branchName	super_admin|hr|recruitment_hr|branch_head|operations_manager|process_manager|management|recruiter	backend/src/modules/job-requisition/job-requisition.routes.ts
job-requisition	GET	/open-for-branch/:branchName	super_admin|hr|recruitment_hr|branch_head|operations_manager|process_manager|management|recruiter	backend/src/modules/job-requisition/job-requisition.routes.ts
job-requisition	GET	/aggregate-funnel	<spread>	backend/src/modules/job-requisition/job-requisition.routes.ts
job-requisition	GET	/handover-recipients	super_admin|hr|recruitment_hr|branch_head|operations_manager	backend/src/modules/job-requisition/job-requisition.routes.ts
job-requisition	GET	/:id	<spread>	backend/src/modules/job-requisition/job-requisition.routes.ts
job-requisition	GET	/by-code/:code	<spread>	backend/src/modules/job-requisition/job-requisition.routes.ts
job-requisition	GET	/:id/approval-history	<spread>	backend/src/modules/job-requisition/job-requisition.routes.ts
job-requisition	GET	/:id/candidates	<spread>	backend/src/modules/job-requisition/job-requisition.routes.ts
job-requisition	POST	/	super_admin|hr|recruitment_hr|branch_head|operations_manager|process_manager|assistant_manager	backend/src/modules/job-requisition/job-requisition.routes.ts
job-requisition	PATCH	/:id	super_admin|hr|recruitment_hr|branch_head|operations_manager|process_manager|assistant_manager	backend/src/modules/job-requisition/job-requisition.routes.ts
job-requisition	POST	/:id/submit	super_admin|hr|recruitment_hr|branch_head|operations_manager|process_manager|assistant_manager	backend/src/modules/job-requisition/job-requisition.routes.ts
job-requisition	POST	/:id/approve	super_admin|branch_head	backend/src/modules/job-requisition/job-requisition.routes.ts
job-requisition	POST	/:id/reject	super_admin|branch_head	backend/src/modules/job-requisition/job-requisition.routes.ts
job-requisition	POST	/:id/close	super_admin|branch_head	backend/src/modules/job-requisition/job-requisition.routes.ts
job-requisition	POST	/:id/extend-deadline	super_admin|hr|recruitment_hr|branch_head	backend/src/modules/job-requisition/job-requisition.routes.ts
job-requisition	POST	/:id/link-candidate	super_admin|hr|recruitment_hr|branch_head|operations_manager	backend/src/modules/job-requisition/job-requisition.routes.ts
job-requisition	PATCH	/:id/candidate/:candidateId/outcome	super_admin|hr|recruitment_hr|branch_head|operations_manager	backend/src/modules/job-requisition/job-requisition.routes.ts
job-requisition	GET	/:id/funnel	<spread>	backend/src/modules/job-requisition/job-requisition.routes.ts
job-requisition	POST	/:id/handover	super_admin|hr|recruitment_hr|branch_head|operations_manager	backend/src/modules/job-requisition/job-requisition.routes.ts
job-requisition	GET	/:id/handover-pack	<spread>	backend/src/modules/job-requisition/job-requisition.routes.ts
job-requisition	GET	/:id/joined-employees	<spread>	backend/src/modules/job-requisition/job-requisition.routes.ts
job-requisition	DELETE	/:id	super_admin	backend/src/modules/job-requisition/job-requisition.routes.ts
job-requisition	PATCH	/:id/batch	super_admin|hr|recruitment_hr|branch_head|operations_manager	backend/src/modules/job-requisition/job-requisition.routes.ts
job-requisition	POST	/backfill-candidates	super_admin|hr	backend/src/modules/job-requisition/job-requisition.routes.ts
jobs	GET	/postings		backend/src/modules/jobs/jobs.routes.ts
jobs	POST	/postings	admin|hr	backend/src/modules/jobs/jobs.routes.ts
jobs	PATCH	/postings/:id	admin|hr	backend/src/modules/jobs/jobs.routes.ts
jobs	GET	/walkin	admin|hr|recruiter	backend/src/modules/jobs/jobs.routes.ts
jobs	POST	/walkin		backend/src/modules/jobs/jobs.routes.ts
jobs	PATCH	/walkin/:id/call	admin|hr|recruiter	backend/src/modules/jobs/jobs.routes.ts
jobs	PATCH	/walkin/:id/status	admin|hr|recruiter	backend/src/modules/jobs/jobs.routes.ts
kpi	POST	/inbound	WFM|Quality	backend/src/modules/kpi/conversion-funnel.routes.ts
kpi	POST	/outbound	WFM|Quality	backend/src/modules/kpi/conversion-funnel.routes.ts
kpi	POST	/chat	WFM|Quality	backend/src/modules/kpi/conversion-funnel.routes.ts
kpi	POST	/email	WFM|Quality	backend/src/modules/kpi/conversion-funnel.routes.ts
kpi	GET	/metrics/:processType		backend/src/modules/kpi/conversion-funnel.routes.ts
kpi	GET	/report/summary	WFM|Quality	backend/src/modules/kpi/conversion-funnel.routes.ts
kpi	GET	/report/bottlenecks	WFM|Quality	backend/src/modules/kpi/conversion-funnel.routes.ts
kpi	GET	/	admin|hr|manager|process_manager	backend/src/modules/kpi/kpi-master.routes.ts
kpi	POST	/	admin|hr|process_manager	backend/src/modules/kpi/kpi-master.routes.ts
kpi	GET	/matrix	admin|hr|manager|process_manager	backend/src/modules/kpi/kpi-master.routes.ts
kpi	POST	/matrix/cell	admin|hr|process_manager	backend/src/modules/kpi/kpi-master.routes.ts
kpi	DELETE	/matrix/cell	admin|hr|process_manager	backend/src/modules/kpi/kpi-master.routes.ts
kpi	POST	/matrix/bulk	admin|hr|process_manager	backend/src/modules/kpi/kpi-master.routes.ts
kpi	GET	/team-summary		backend/src/modules/kpi/kpi-master.routes.ts
kpi	DELETE	/:id	admin|hr|process_manager	backend/src/modules/kpi/kpi-master.routes.ts
kpi	GET	/org-units/:type	admin|hr|manager|process_manager	backend/src/modules/kpi/kpi-master.routes.ts
kpi	POST	/resolve/:empId	admin|hr|process_manager	backend/src/modules/kpi/kpi-master.routes.ts
kpi	GET	/my-kpis		backend/src/modules/kpi/kpi-master.routes.ts
kpi	GET	/live		backend/src/modules/kpi/kpi-master.routes.ts
kpi	GET	/live/:empId	admin|hr|manager|process_manager|qa	backend/src/modules/kpi/kpi-master.routes.ts
kpi	POST	/sync	admin|hr|process_manager	backend/src/modules/kpi/kpi-master.routes.ts
kpi	GET	/process-templates	admin|hr|manager|process_manager	backend/src/modules/kpi/kpi.process-role.routes.ts
kpi	POST	/process-templates	admin|hr|process_manager	backend/src/modules/kpi/kpi.process-role.routes.ts
kpi	POST	/process-templates/:id/activate	admin|hr|process_manager	backend/src/modules/kpi/kpi.process-role.routes.ts
kpi	POST	/process-templates/:id/archive	admin|hr	backend/src/modules/kpi/kpi.process-role.routes.ts
kpi	GET	/role-templates	admin|hr|manager|process_manager	backend/src/modules/kpi/kpi.process-role.routes.ts
kpi	POST	/role-templates	admin|hr|process_manager	backend/src/modules/kpi/kpi.process-role.routes.ts
kpi	POST	/role-templates/:id/metrics	admin|hr|process_manager	backend/src/modules/kpi/kpi.process-role.routes.ts
kpi	GET	/source-mappings	admin|hr|manager|process_manager	backend/src/modules/kpi/kpi.process-role.routes.ts
kpi	POST	/source-mappings	admin|hr|process_manager	backend/src/modules/kpi/kpi.process-role.routes.ts
kpi	POST	/assignments/auto-assign	admin|hr	backend/src/modules/kpi/kpi.process-role.routes.ts
kpi	POST	/assignments/manual	admin|hr|process_manager	backend/src/modules/kpi/kpi.process-role.routes.ts
kpi	POST	/score-periods	admin|hr|manager	backend/src/modules/kpi/kpi.process-role.routes.ts
kpi	GET	/score-periods	admin|hr|manager|employee	backend/src/modules/kpi/kpi.process-role.routes.ts
kpi	POST	/score-periods/:id/calculate	admin|hr|manager	backend/src/modules/kpi/kpi.process-role.routes.ts
kpi	POST	/score-periods/:id/review	admin|hr|manager	backend/src/modules/kpi/kpi.process-role.routes.ts
kpi	POST	/score-periods/:id/lock	admin|hr	backend/src/modules/kpi/kpi.process-role.routes.ts
kpi	GET	/scorecards/my	employee|admin|hr|manager	backend/src/modules/kpi/kpi.process-role.routes.ts
kpi	GET	/scorecards/employee/:employeeId	admin|hr|manager|process_manager|branch_head|employee	backend/src/modules/kpi/kpi.process-role.routes.ts
kpi	GET	/scorecards/process	admin|hr|manager|process_manager	backend/src/modules/kpi/kpi.process-role.routes.ts
kpi	POST	/manual-adjustments	admin|hr|manager	backend/src/modules/kpi/kpi.process-role.routes.ts
kpi	POST	/manual-adjustments/:id/approve	admin|hr	backend/src/modules/kpi/kpi.process-role.routes.ts
kpi	POST	/review-actions	admin|hr|manager	backend/src/modules/kpi/kpi.process-role.routes.ts
kpi	GET	/metrics	admin|hr|super_admin|manager|qa|process_manager	backend/src/modules/kpi/kpi.routes.ts
kpi	POST	/metrics	admin|super_admin|manager|process_manager	backend/src/modules/kpi/kpi.routes.ts
kpi	GET	/templates	admin|hr|super_admin|manager|qa|process_manager	backend/src/modules/kpi/kpi.routes.ts
kpi	POST	/templates	admin|super_admin|manager|process_manager	backend/src/modules/kpi/kpi.routes.ts
kpi	GET	/templates/:id/metrics	admin|hr|super_admin|manager|qa|process_manager	backend/src/modules/kpi/kpi.routes.ts
kpi	POST	/templates/:id/metrics	admin|super_admin|manager|process_manager	backend/src/modules/kpi/kpi.routes.ts
kpi	POST	/assignments	admin|super_admin|manager|process_manager	backend/src/modules/kpi/kpi.routes.ts
kpi	GET	/assignments/employee/:employeeId	admin|hr|super_admin|manager|qa	backend/src/modules/kpi/kpi.routes.ts
kpi	POST	/scores/bulk	admin|super_admin|manager|qa	backend/src/modules/kpi/kpi.routes.ts
kpi	POST	/scores	admin|manager|qa	backend/src/modules/kpi/kpi.routes.ts
kpi	GET	/summary/:employeeId/:templateId/:period	admin|hr|super_admin|manager|qa	backend/src/modules/kpi/kpi.routes.ts
kpi	GET	/leaderboard	admin|hr|super_admin|manager|qa|process_manager|branch_head|ceo|team_leader	backend/src/modules/kpi/kpi.routes.ts
kpi	GET	/family-summary/:processId/:period	admin|hr|super_admin|manager	backend/src/modules/kpi/kpi.routes.ts
kpi	GET	/process-config/:processId	admin|hr|super_admin|manager	backend/src/modules/kpi/kpi.routes.ts
kpi	POST	/process-config/:processId	admin|hr|super_admin|process_manager	backend/src/modules/kpi/kpi.routes.ts
kpi	DELETE	/process-config/:processId/:metricId	admin|hr|super_admin	backend/src/modules/kpi/kpi.routes.ts
kpi	GET	/rating-config		backend/src/modules/kpi/kpi.routes.ts
kpi	PUT	/rating-config/:processId	admin|hr	backend/src/modules/kpi/kpi.routes.ts
kpi	GET	/org-summary	admin|hr|CEO_DASHBOARD|SUPER_ADMIN_DASHBOARD|MANAGEMENT_DASHBOARD|<spread>	backend/src/modules/kpi/kpi.routes.ts
kpi	GET	/:processId	<spread>	backend/src/modules/kpi/process-metric-definition.routes.ts
kpi	GET	/:processId/catalog	<spread>	backend/src/modules/kpi/process-metric-definition.routes.ts
kpi	POST	/:processId	<spread>	backend/src/modules/kpi/process-metric-definition.routes.ts
kpi	DELETE	/definition/:id	<spread>	backend/src/modules/kpi/process-metric-definition.routes.ts
leave	GET	/types		backend/src/modules/leave/leave.routes.ts
leave	POST	/types	admin|hr|super_admin	backend/src/modules/leave/leave.routes.ts
leave	PUT	/types/:id	admin|hr|super_admin	backend/src/modules/leave/leave.routes.ts
leave	DELETE	/types/:id	admin	backend/src/modules/leave/leave.routes.ts
leave	POST	/requests		backend/src/modules/leave/leave.routes.ts
leave	GET	/requests/my		backend/src/modules/leave/leave.routes.ts
leave	GET	/balance/:employeeId		backend/src/modules/leave/leave.routes.ts
leave	GET	/balance		backend/src/modules/leave/leave.routes.ts
leave	GET	/holidays		backend/src/modules/leave/leave.routes.ts
leave	POST	/holidays	admin|hr|super_admin	backend/src/modules/leave/leave.routes.ts
leave	POST	/balance/seed	admin|hr|super_admin	backend/src/modules/leave/leave.routes.ts
leave	GET	/eligibility/:employeeId		backend/src/modules/leave/leave.routes.ts
leave	POST	/admin/sync-used-days-from-db-bill	admin|hr|super_admin	backend/src/modules/leave/leave.routes.ts
leave	GET	/requests		backend/src/modules/leave/leave.secure.routes.ts
leave	PATCH	/requests/:id/review		backend/src/modules/leave/leave.secure.routes.ts
leave	PATCH	/requests/:id/cancel		backend/src/modules/leave/leave.secure.routes.ts
legacy	GET	/health		backend/src/modules/legacy/legacy.routes.ts
legacy	GET	/connection-info		backend/src/modules/legacy/legacy.routes.ts
legacy	POST	/analyze/schema		backend/src/modules/legacy/legacy.routes.ts
legacy	GET	/mapping-candidates		backend/src/modules/legacy/legacy.routes.ts
legacy	POST	/mapping-candidates/:id/approve		backend/src/modules/legacy/legacy.routes.ts
legacy	POST	/mapping-candidates/:id/reject		backend/src/modules/legacy/legacy.routes.ts
legacy	GET	/sync-maps		backend/src/modules/legacy/legacy.routes.ts
legacy	GET	/sync/status		backend/src/modules/legacy/legacy.routes.ts
legacy	POST	/sync/trigger		backend/src/modules/legacy/legacy.routes.ts
legacy-reports	GET	/	<spread>	backend/src/modules/legacy-reports/legacy-reports.routes.ts
legacy-reports	GET	/:code	<spread>	backend/src/modules/legacy-reports/legacy-reports.routes.ts
legacy-reports	GET	/:code/export	<spread>	backend/src/modules/legacy-reports/legacy-reports.routes.ts
letters	POST	/appointment/:candidateId/create		backend/src/modules/letters/appointment-esign.routes.ts
letters	POST	/appointment/:requestId/generate	admin|hr	backend/src/modules/letters/appointment-esign.routes.ts
letters	POST	/appointment/:requestId/candidate-esign/initiate	admin|hr	backend/src/modules/letters/appointment-esign.routes.ts
letters	POST	/appointment/:requestId/candidate-esign/complete		backend/src/modules/letters/appointment-esign.routes.ts
letters	POST	/appointment/:requestId/company-sign/initiate	admin|hr	backend/src/modules/letters/appointment-esign.routes.ts
letters	POST	/appointment/:requestId/company-sign/complete	admin|hr	backend/src/modules/letters/appointment-esign.routes.ts
letters	POST	/appointment/:requestId/finalize	admin|hr	backend/src/modules/letters/appointment-esign.routes.ts
letters	POST	/appointment/:requestId/manual-override/request		backend/src/modules/letters/appointment-esign.routes.ts
letters	POST	/appointment/:requestId/manual-override/approve	admin|hr	backend/src/modules/letters/appointment-esign.routes.ts
letters	POST	/appointment/:requestId/manual-override/reject	admin|hr	backend/src/modules/letters/appointment-esign.routes.ts
letters	GET	/appointment/:requestId		backend/src/modules/letters/appointment-esign.routes.ts
letters	GET	/appointment/:requestId/audit	admin|hr	backend/src/modules/letters/appointment-esign.routes.ts
letters	GET	/appointment/by-candidate/:candidateId	admin|hr|super_admin	backend/src/modules/letters/appointment-esign.routes.ts
letters	POST	/appointment/by-candidate/:candidateId/hr-send	admin|hr|super_admin	backend/src/modules/letters/appointment-esign.routes.ts
letters	GET	/appointment/by-candidate/:candidateId/download	admin|hr|super_admin	backend/src/modules/letters/appointment-esign.routes.ts
letters	GET	/appointment-letters/queue	<spread>	backend/src/modules/letters/appointmentLetter.routes.ts
letters	GET	/appointment-letters/eligibility/:employeeId	<spread>	backend/src/modules/letters/appointmentLetter.routes.ts
letters	POST	/appointment-letters/:employeeId/issue	<spread>	backend/src/modules/letters/appointmentLetter.routes.ts
letters	GET	/appointment-letters	<spread>	backend/src/modules/letters/appointmentLetter.routes.ts
letters	GET	/appointment-letters/:issueId/download	<spread>	backend/src/modules/letters/appointmentLetter.routes.ts
letters	GET	/appointment-letters/preview/:employeeId	<spread>	backend/src/modules/letters/appointmentLetter.routes.ts
letters	POST	/appointment-letters/:issueId/revoke	super_admin|admin|payroll_head	backend/src/modules/letters/appointmentLetter.routes.ts
letters	GET	/certificates		backend/src/modules/letters/dscConfig.routes.ts
letters	POST	/certificates/inspect		backend/src/modules/letters/dscConfig.routes.ts
letters	POST	/certificates/upload		backend/src/modules/letters/dscConfig.routes.ts
letters	POST	/certificates/generate		backend/src/modules/letters/dscConfig.routes.ts
letters	POST	/certificates/:id/activate		backend/src/modules/letters/dscConfig.routes.ts
letters	DELETE	/certificates/:id		backend/src/modules/letters/dscConfig.routes.ts
letters	GET	/templates	admin|hr|super_admin	backend/src/modules/letters/letters.routes.ts
letters	POST	/generate	admin|hr|super_admin	backend/src/modules/letters/letters.routes.ts
letters	GET	/all	admin|hr|super_admin	backend/src/modules/letters/letters.routes.ts
letters	GET	/employee/:employeeId	admin|hr|super_admin	backend/src/modules/letters/letters.routes.ts
letters	GET	/:letterId/html		backend/src/modules/letters/letters.routes.ts
letters	GET	/:letterId/download		backend/src/modules/letters/letters.routes.ts
letters	POST	/preview-html	admin|hr|super_admin	backend/src/modules/letters/letters.routes.ts
letters	POST	/:letterId/acknowledge		backend/src/modules/letters/letters.routes.ts
lifecycle	GET	/probation-due	admin|hr	backend/src/modules/lifecycle/lifecycle.routes.ts
lifecycle	POST	/employees/:id/confirm	admin|hr	backend/src/modules/lifecycle/lifecycle.routes.ts
lifecycle	GET	/employees/:id/lifecycle		backend/src/modules/lifecycle/lifecycle.routes.ts
lifecycle	POST	/employees/:id/lifecycle	admin|hr	backend/src/modules/lifecycle/lifecycle.routes.ts
lifecycle	GET	/employees/:id/documents		backend/src/modules/lifecycle/lifecycle.routes.ts
lifecycle	POST	/documents/:id/verify	admin|hr	backend/src/modules/lifecycle/lifecycle.routes.ts
lifecycle	GET	/documents/expiring	<spread>	backend/src/modules/lifecycle/lifecycle.routes.ts
lifecycle	GET	/documents/unverified	<spread>	backend/src/modules/lifecycle/lifecycle.routes.ts
lifecycle	GET	/documents/:id/access-log	<spread>	backend/src/modules/lifecycle/lifecycle.routes.ts
lifecycle	GET	/employees/:id/compliance-report	admin|hr|super_admin	backend/src/modules/lifecycle/lifecycle.routes.ts
lifecycle	GET	/employees/:id/compliance-report/download	admin|hr|super_admin	backend/src/modules/lifecycle/lifecycle.routes.ts
lms	GET	/native/access		backend/src/modules/lms/lms.routes.ts
lms	GET	/native/employee		backend/src/modules/lms/lms.routes.ts
lms	GET	/native/coordinator		backend/src/modules/lms/lms.routes.ts
lms	GET	/native/admin		backend/src/modules/lms/lms.routes.ts
lms	GET	/batch-planner	admin|hr|super_admin|operations_head|trainer	backend/src/modules/lms/lms.routes.ts
lms	GET	/launch-context		backend/src/modules/lms/lms.routes.ts
lms	GET	/launch-urls/me		backend/src/modules/lms/lms.routes.ts
lms	GET	/launch-urls/:employeeId		backend/src/modules/lms/lms.routes.ts
lms	GET	/progress/me		backend/src/modules/lms/lms.routes.ts
lms	GET	/progress/:employeeId		backend/src/modules/lms/lms.routes.ts
lms	GET	/certifications/me		backend/src/modules/lms/lms.routes.ts
lms	GET	/certifications/:employeeId		backend/src/modules/lms/lms.routes.ts
lms	GET	/mapping	admin|hr|trainer	backend/src/modules/lms/lms.routes.ts
lms	POST	/mapping	admin|hr|trainer	backend/src/modules/lms/lms.routes.ts
lms	POST	/mapping/auto-map	admin|hr|trainer	backend/src/modules/lms/lms.routes.ts
lms	GET	/mapping/audit	admin|hr|trainer	backend/src/modules/lms/lms.routes.ts
lms	GET	/sync-log	admin|hr|trainer	backend/src/modules/lms/lms.routes.ts
lms	GET	/connection	admin|hr|super_admin	backend/src/modules/lms/lms.routes.ts
lms	POST	/sync	admin|hr|super_admin	backend/src/modules/lms/lms.routes.ts
lms	GET	/sync/status	admin|hr|super_admin	backend/src/modules/lms/lms.routes.ts
lms	GET	/progress-summary	admin|hr|super_admin|operations_head|branch_head	backend/src/modules/lms/lms.routes.ts
lms	GET	/sso-session		backend/src/modules/lms/lms.routes.ts
lms	GET	/launch-audit	admin|hr|super_admin	backend/src/modules/lms/lms.routes.ts
lms	POST	/config	admin|super_admin	backend/src/modules/lms/lms.routes.ts
lms	GET	/config	admin|hr|super_admin	backend/src/modules/lms/lms.routes.ts
lms	GET	/learner-progress/:employee_id		backend/src/modules/lms/lms.routes.ts
lms	GET	/batch-progress/:batch_no	admin|hr|trainer|operations_head	backend/src/modules/lms/lms.routes.ts
lms	GET	/assessment-history/:employee_id		backend/src/modules/lms/lms.routes.ts
lms-integration	POST	/assign	super_admin|admin|hr|quality|wfm|operations_manager	backend/src/modules/lms-integration/lms-integration.routes.ts
lms-integration	GET	/dashboard-summary	super_admin|admin|ceo|hr	backend/src/modules/lms-integration/lms-integration.routes.ts
lms-integration	GET	/learner-progress/:employeeId	super_admin|admin|hr|manager|process_manager|branch_head|team_leader|tl|assistant_manager|trainer|training_manager|payroll|payroll_head|ceo|coo|employee|agent|trainee|wfm|qa|quality_analyst|operations_manager|recruiter|recruitment_hr	backend/src/modules/lms-integration/lms-integration.routes.ts
lms-integration	GET	/risk-summary	super_admin|admin|ceo|hr|manager	backend/src/modules/lms-integration/lms-integration.routes.ts
lms-integration	GET	/batches	super_admin|admin|ceo|hr|manager|trainer	backend/src/modules/lms-integration/lms-integration.routes.ts
location	POST	/heartbeat		backend/src/modules/location/location.routes.ts
location	GET	/live		backend/src/modules/location/location.routes.ts
location	GET	/history/:employeeId		backend/src/modules/location/location.routes.ts
management	GET	/preview		backend/src/modules/management/daily-brief/daily-brief.routes.ts
management	GET	/runs/last		backend/src/modules/management/daily-brief/daily-brief.routes.ts
management	GET	/team-kpi	admin|hr|manager|branch_head|ceo|process_manager|qa	backend/src/modules/management/management.routes.ts
management	GET	/coaching		backend/src/modules/management/management.routes.ts
management	POST	/coaching	admin|hr|qa|manager|branch_head|process_manager|team_leader|assistant_manager	backend/src/modules/management/management.routes.ts
management	GET	/alerts		backend/src/modules/management/management.routes.ts
management	POST	/alerts/:id/acknowledge	admin|hr|manager|branch_head|ceo|process_manager|qa|team_leader|assistant_manager	backend/src/modules/management/management.routes.ts
management	GET	/dashboard	admin|hr|manager|branch_head|ceo|process_manager|qa	backend/src/modules/management/management.routes.ts
management	GET	/workforce-dashboard	admin|payroll|payroll_hr|payroll_head|finance_head|CEO_DASHBOARD|MANAGEMENT_DASHBOARD|SUPER_ADMIN_DASHBOARD|OPERATIONS_DASHBOARD|QUALITY_DASHBOARD|HR_DASHBOARD|<spread>	backend/src/modules/management/management.routes.ts
management	GET	/system-dashboard	admin|super_admin	backend/src/modules/management/management.routes.ts
management	GET	/team-members		backend/src/modules/management/management.routes.ts
management	GET	/tni	admin|hr|manager|qa	backend/src/modules/management/management.routes.ts
management	POST	/tni	admin|hr|qa	backend/src/modules/management/management.routes.ts
management	PATCH	/tni/:id	admin|hr|qa	backend/src/modules/management/management.routes.ts
management	POST	/coaching/:coachingId/create-tni	admin|hr	backend/src/modules/management/management.routes.ts
management	GET	/attrition-breakdown	admin|hr|ceo|manager|branch_head|process_manager	backend/src/modules/management/management.routes.ts
management	GET	/ceo-metrics	admin|hr|ceo|finance	backend/src/modules/management/management.routes.ts
management	GET	/team-overview		backend/src/modules/management/management.routes.ts
management	GET	/agent-performance		backend/src/modules/management/management.routes.ts
management	GET	/payroll-projection		backend/src/modules/management/management.routes.ts
management	GET	/training-needs	admin|hr|manager|branch_head|ceo|process_manager|qa	backend/src/modules/management/management.routes.ts
management	GET	/team-member/:id		backend/src/modules/management/management.routes.ts
management	GET	/team-hygiene		backend/src/modules/management/management.routes.ts
management	GET	/team-retention		backend/src/modules/management/management.routes.ts
mcnmeet	GET	/config		backend/src/modules/mcnmeet/mcnmeet.routes.ts
mcnmeet	GET	/preview-room		backend/src/modules/mcnmeet/mcnmeet.routes.ts
mcnmeet	GET	/meetings	<spread>	backend/src/modules/mcnmeet/mcnmeet.routes.ts
mcnmeet	POST	/meetings		backend/src/modules/mcnmeet/mcnmeet.routes.ts
mcnmeet	GET	/meetings/:id		backend/src/modules/mcnmeet/mcnmeet.routes.ts
mcnmeet	PATCH	/meetings/:id	<spread>	backend/src/modules/mcnmeet/mcnmeet.routes.ts
mcnmeet	POST	/meetings/:id/cancel	<spread>	backend/src/modules/mcnmeet/mcnmeet.routes.ts
mcnmeet	POST	/meetings/:id/invitees/resolve	<spread>	backend/src/modules/mcnmeet/mcnmeet.routes.ts
mcnmeet	POST	/meetings/:id/attendance	<spread>	backend/src/modules/mcnmeet/mcnmeet.routes.ts
mcnmeet	POST	/meetings/:id/self-join		backend/src/modules/mcnmeet/mcnmeet.routes.ts
mcnmeet	POST	/meetings/:id/acknowledge		backend/src/modules/mcnmeet/mcnmeet.routes.ts
mcnmeet	POST	/meetings/:id/recording	<spread>	backend/src/modules/mcnmeet/mcnmeet.routes.ts
mcnmeet	GET	/my-meetings		backend/src/modules/mcnmeet/mcnmeet.routes.ts
mcnmeet	GET	/reports/summary	<spread>	backend/src/modules/mcnmeet/mcnmeet.routes.ts
mcnmeet	GET	/meetings/:id/calendar.ics		backend/src/modules/mcnmeet/mcnmeet.routes.ts
migration	GET	/status	admin|super_admin	backend/src/modules/migration/migration.routes.ts
migration	GET	/legacy-status	admin|super_admin	backend/src/modules/migration/migration.routes.ts
migration	POST	/sync-statutory-from-db-bill	admin|super_admin	backend/src/modules/migration/migration.routes.ts
migration	POST	/create-legacy-checklists	admin|super_admin	backend/src/modules/migration/migration.routes.ts
migration	GET	/pending	admin|super_admin	backend/src/modules/migration/migration.routes.ts
mobility	GET	/transfers		backend/src/modules/mobility/mobility.routes.ts
mobility	POST	/transfers	admin|hr	backend/src/modules/mobility/mobility.routes.ts
mobility	PATCH	/transfers/:id	admin|hr	backend/src/modules/mobility/mobility.routes.ts
mobility	GET	/promotions		backend/src/modules/mobility/mobility.routes.ts
mobility	POST	/promotions	admin|hr	backend/src/modules/mobility/mobility.routes.ts
mobility	PATCH	/promotions/:id	admin|hr	backend/src/modules/mobility/mobility.routes.ts
onboarding	POST	/initiate		backend/src/modules/onboarding/digilocker.routes.ts
onboarding	GET	/status		backend/src/modules/onboarding/digilocker.routes.ts
onboarding	POST	/callback		backend/src/modules/onboarding/digilocker.routes.ts
onboarding	GET	/:sessionId		backend/src/modules/onboarding/digilocker.routes.ts
onboarding	POST	/validate		backend/src/modules/onboarding/name-validation.routes.ts
onboarding	GET	/candidate/:candidateId		backend/src/modules/onboarding/name-validation.routes.ts
onboarding	GET	/account-types		backend/src/modules/onboarding/onboarding-data.routes.ts
onboarding	POST	/cheque-ocr		backend/src/modules/onboarding/onboarding-data.routes.ts
onboarding	POST	/initiate		backend/src/modules/onboarding/penny-drop.routes.ts
onboarding	GET	/status		backend/src/modules/onboarding/penny-drop.routes.ts
onboarding	POST	/webhook		backend/src/modules/onboarding/penny-drop.routes.ts
onboarding	GET	/candidate/:candidateId		backend/src/modules/onboarding/penny-drop.routes.ts
operations	GET	/summary	<spread>	backend/src/modules/operations/operations-dashboard-v2.routes.ts
operations	GET	/analyst/:employeeId/detail	<spread>	backend/src/modules/operations/operations-dashboard-v2.routes.ts
operations	GET	/live-status	operations|admin|process_manager|manager|branch_head	backend/src/modules/operations/operations-live.routes.ts
operations	GET	/roster-vs-actual	operations|admin|process_manager|manager|branch_head	backend/src/modules/operations/operations-live.routes.ts
operations	GET	/attrition-risk	operations|admin|hr|manager|branch_head	backend/src/modules/operations/operations-live.routes.ts
org	GET	/		backend/src/modules/org/events.routes.ts
org	GET	/:id		backend/src/modules/org/events.routes.ts
org	POST	/	admin|hr	backend/src/modules/org/events.routes.ts
org	PUT	/:id	admin|hr	backend/src/modules/org/events.routes.ts
org	DELETE	/:id	admin|hr	backend/src/modules/org/events.routes.ts
org	GET	${path}/:id		backend/src/modules/org/org.routes.ts
org	PUT	${path}/:id		backend/src/modules/org/org.routes.ts
org	DELETE	${path}/:id		backend/src/modules/org/org.routes.ts
org	PATCH	${path}/:id/status		backend/src/modules/org/org.routes.ts
org	GET	/filter-options		backend/src/modules/org/org.routes.ts
org	GET	/		backend/src/modules/org/org.routes.ts
org	GET	/branches/cc-code-map	admin|hr|super_admin	backend/src/modules/org/org.routes.ts
org	GET	/cost-centres/migration-status		backend/src/modules/org/org.routes.ts
org	GET	/cost-centres		backend/src/modules/org/org.routes.ts
org	GET	/cost-centres/billing-summary		backend/src/modules/org/org.routes.ts
org	GET	/cost-centres/:id		backend/src/modules/org/org.routes.ts
org	POST	/cost-centres	admin|hr	backend/src/modules/org/org.routes.ts
org	PUT	/cost-centres/:id	admin|hr	backend/src/modules/org/org.routes.ts
org	PUT	/cost-centres/:id/migrate	admin|hr	backend/src/modules/org/org.routes.ts
org	DELETE	/cost-centres/:id	admin	backend/src/modules/org/org.routes.ts
org	PATCH	/cost-centres/:id/status	admin|hr	backend/src/modules/org/org.routes.ts
org	GET	/employees-by-cost-centre		backend/src/modules/org/org.routes.ts
org	GET	/employees-by-branch		backend/src/modules/org/org.routes.ts
org	PATCH	/branches/:id/call-centre-code	admin|hr|super_admin	backend/src/modules/org/org.routes.ts
org	GET	/export/masters	admin|hr	backend/src/modules/org/org.routes.ts
org	GET	/public/auto-logout-minutes		backend/src/modules/org/org_settings.routes.ts
org	GET	/		backend/src/modules/org/org_settings.routes.ts
org	GET	/:key		backend/src/modules/org/org_settings.routes.ts
org	PUT	/:key	admin	backend/src/modules/org/org_settings.routes.ts
org-chart	GET	/scopes		backend/src/modules/org-chart/org-chart.routes.ts
org-chart	GET	/tree		backend/src/modules/org-chart/org-chart.routes.ts
org-chart	GET	/node/:employeeId		backend/src/modules/org-chart/org-chart.routes.ts
org-chart	GET	/search		backend/src/modules/org-chart/org-chart.routes.ts
org-chart	GET	/data-quality	admin|hr|super_admin	backend/src/modules/org-chart/org-chart.routes.ts
org-chart	POST	/rebuild-cache	admin|hr|super_admin	backend/src/modules/org-chart/org-chart.routes.ts
org-chart	GET	/export	admin|hr|super_admin	backend/src/modules/org-chart/org-chart.routes.ts
payroll	GET	/summary	<spread>	backend/src/modules/payroll/bank-payment-readiness.routes.ts
payroll	GET	/exceptions	<spread>	backend/src/modules/payroll/bank-payment-readiness.routes.ts
payroll	GET	/remediation-list	<spread>	backend/src/modules/payroll/bank-payment-readiness.routes.ts
payroll	GET	/payment-source-divergence	<spread>	backend/src/modules/payroll/bank-payment-readiness.routes.ts
payroll	PATCH	/exceptions/:employeeId	<spread>	backend/src/modules/payroll/bank-payment-readiness.routes.ts
payroll	GET	/assignable-owners	<spread>	backend/src/modules/payroll/bank-payment-readiness.routes.ts
payroll	GET	/payment-file	super_admin|admin|<spread>	backend/src/modules/payroll/bank-payment-readiness.routes.ts
payroll	GET	/:token		backend/src/modules/payroll/bank-penny-drop-verify.routes.ts
payroll	POST	/:token/execute		backend/src/modules/payroll/bank-penny-drop-verify.routes.ts
payroll	GET	/queue	payroll|super_admin|finance|admin|hr|payroll_head	backend/src/modules/payroll/cheque-validation.routes.ts
payroll	GET	/:id	payroll|super_admin|finance	backend/src/modules/payroll/cheque-validation.routes.ts
payroll	PATCH	/:id	payroll|super_admin	backend/src/modules/payroll/cheque-validation.routes.ts
payroll	GET	/deduction-types		backend/src/modules/payroll/deduction-entry.routes.ts
payroll	POST	/deduction-types		backend/src/modules/payroll/deduction-entry.routes.ts
payroll	PATCH	/deduction-types/:id		backend/src/modules/payroll/deduction-entry.routes.ts
payroll	GET	/deductions		backend/src/modules/payroll/deduction-entry.routes.ts
payroll	POST	/deductions		backend/src/modules/payroll/deduction-entry.routes.ts
payroll	PATCH	/deductions/:id/deactivate		backend/src/modules/payroll/deduction-entry.routes.ts
payroll	POST	/deductions/bulk		backend/src/modules/payroll/deduction-entry.routes.ts
payroll	GET	/deductions/template		backend/src/modules/payroll/deduction-entry.routes.ts
payroll	GET	/deductions/history/:employeeId		backend/src/modules/payroll/deduction-entry.routes.ts
payroll	GET	/deduction-snapshot/months		backend/src/modules/payroll/deduction-snapshot.routes.ts
payroll	GET	/deduction-snapshot		backend/src/modules/payroll/deduction-snapshot.routes.ts
payroll	GET	/deduction-snapshot/summary		backend/src/modules/payroll/deduction-snapshot.routes.ts
payroll	GET	/qual-incentive-snapshot/months		backend/src/modules/payroll/deduction-snapshot.routes.ts
payroll	GET	/qual-incentive-snapshot		backend/src/modules/payroll/deduction-snapshot.routes.ts
payroll	GET	/qual-incentive-snapshot/summary		backend/src/modules/payroll/deduction-snapshot.routes.ts
payroll	GET	/runs/:runId/disbursal	payroll|super_admin|finance	backend/src/modules/payroll/disbursal.routes.ts
payroll	POST	/runs/:runId/disbursal-upload	payroll|super_admin|finance	backend/src/modules/payroll/disbursal.routes.ts
payroll	GET	/runs/:runId/bank-export	payroll_head|finance|super_admin	backend/src/modules/payroll/disbursal.routes.ts
payroll	GET	/esi-reg-docs	<spread>	backend/src/modules/payroll/esi-reg-docs.routes.ts
payroll	GET	/esi-reg-docs/:employeeId/download	<spread>	backend/src/modules/payroll/esi-reg-docs.routes.ts
payroll	POST	/esi-reg-docs/bulk-download	<spread>	backend/src/modules/payroll/esi-reg-docs.routes.ts
payroll	GET	/esi-reg-docs/export-csv	<spread>	backend/src/modules/payroll/esi-reg-docs.routes.ts
payroll	GET	/:month		backend/src/modules/payroll/holiday-debug.routes.ts
payroll	GET	/		backend/src/modules/payroll/loans.routes.ts
payroll	GET	/employee/:employeeId		backend/src/modules/payroll/loans.routes.ts
payroll	POST	/		backend/src/modules/payroll/loans.routes.ts
payroll	POST	/request		backend/src/modules/payroll/loans.routes.ts
payroll	POST	/:id/approve		backend/src/modules/payroll/loans.routes.ts
payroll	POST	/:id/reject		backend/src/modules/payroll/loans.routes.ts
payroll	PATCH	/:id		backend/src/modules/payroll/loans.routes.ts
payroll	POST	/:id/record-payment		backend/src/modules/payroll/loans.routes.ts
payroll	GET	/:id/schedule		backend/src/modules/payroll/loans.routes.ts
payroll	DELETE	/:id		backend/src/modules/payroll/loans.routes.ts
payroll	GET	/		backend/src/modules/payroll/noc.routes.ts
payroll	GET	/required/:employeeId		backend/src/modules/payroll/noc.routes.ts
payroll	POST	/		backend/src/modules/payroll/noc.routes.ts
payroll	PATCH	/:id/validate		backend/src/modules/payroll/noc.routes.ts
payroll	PATCH	/:id/reject		backend/src/modules/payroll/noc.routes.ts
payroll	GET	/	admin|super_admin|finance|payroll|payroll_head	backend/src/modules/payroll/payroll-audit-trail.routes.ts
payroll	GET	/event-types	admin|super_admin|finance|payroll|payroll_head	backend/src/modules/payroll/payroll-audit-trail.routes.ts
payroll	GET	/runs	admin|super_admin|finance|payroll|payroll_head	backend/src/modules/payroll/payroll-audit-trail.routes.ts
payroll	GET	/export	payroll_head|super_admin|admin	backend/src/modules/payroll/payroll-branch-readiness.routes.ts
payroll	GET	/summary	super_admin|payroll_head|payroll|admin	backend/src/modules/payroll/payroll-branch-readiness.routes.ts
payroll	GET	/:branchId	branch_head|payroll_branch|payroll_head|super_admin|payroll|wfm	backend/src/modules/payroll/payroll-branch-readiness.routes.ts
payroll	POST	/:branchId/checklist	branch_head|payroll_branch|wfm	backend/src/modules/payroll/payroll-branch-readiness.routes.ts
payroll	POST	/:branchId/signoff	branch_head	backend/src/modules/payroll/payroll-branch-readiness.routes.ts
payroll	POST	/:branchId/ho-override	payroll_head|super_admin	backend/src/modules/payroll/payroll-branch-readiness.routes.ts
payroll	POST	/:branchId/request-freeze	branch_head|payroll_branch|wfm	backend/src/modules/payroll/payroll-branch-readiness.routes.ts
payroll	GET	/:branchId/processes	branch_head|payroll_branch|payroll_head|super_admin|payroll|wfm	backend/src/modules/payroll/payroll-branch-readiness.routes.ts
payroll	POST	/:branchId/:processId/checklist	branch_head|payroll_branch|wfm	backend/src/modules/payroll/payroll-branch-readiness.routes.ts
payroll	POST	/:branchId/:processId/signoff	branch_head|payroll_branch|wfm|super_admin|payroll_head|payroll	backend/src/modules/payroll/payroll-branch-readiness.routes.ts
payroll	GET	/:branchId/projection	branch_head|payroll_branch|payroll_head|super_admin|payroll	backend/src/modules/payroll/payroll-branch-readiness.routes.ts
payroll	GET	/		backend/src/modules/payroll/payroll-calendar.routes.ts
payroll	GET	/upcoming		backend/src/modules/payroll/payroll-calendar.routes.ts
payroll	POST	/	payroll_head|super_admin	backend/src/modules/payroll/payroll-calendar.routes.ts
payroll	PATCH	/:month	payroll_head|super_admin	backend/src/modules/payroll/payroll-calendar.routes.ts
payroll	GET	/	<spread>	backend/src/modules/payroll/payroll-certificates.routes.ts
payroll	GET	/employee/:employeeId		backend/src/modules/payroll/payroll-certificates.routes.ts
payroll	GET	/:id		backend/src/modules/payroll/payroll-certificates.routes.ts
payroll	POST	/generate		backend/src/modules/payroll/payroll-certificates.routes.ts
payroll	DELETE	/:id	super_admin	backend/src/modules/payroll/payroll-certificates.routes.ts
payroll	GET	/	admin|super_admin|finance|payroll|payroll_head	backend/src/modules/payroll/payroll-cost-summary.routes.ts
payroll	GET	/uan/:employeeId		backend/src/modules/payroll/payroll-extended.routes.ts
payroll	POST	/uan/:employeeId	admin|hr|finance	backend/src/modules/payroll/payroll-extended.routes.ts
payroll	POST	/disbursements	admin|finance|payroll	backend/src/modules/payroll/payroll-extended.routes.ts
payroll	GET	/disbursements/:runId	admin|finance|payroll	backend/src/modules/payroll/payroll-extended.routes.ts
payroll	PATCH	/disbursements/:id	admin|finance|payroll	backend/src/modules/payroll/payroll-extended.routes.ts
payroll	GET	/pt-slabs	admin|hr|finance|payroll	backend/src/modules/payroll/payroll-extended.routes.ts
payroll	GET	/minimum-wages	admin|hr|finance|payroll	backend/src/modules/payroll/payroll-extended.routes.ts
payroll	GET	/runs/:id/neft-summary	admin|finance|payroll	backend/src/modules/payroll/payroll-extended.routes.ts
payroll	GET	/runs/:id/neft-export	admin|finance|payroll	backend/src/modules/payroll/payroll-extended.routes.ts
payroll	GET	/runs/:id/ecr	admin|finance|payroll	backend/src/modules/payroll/payroll-extended.routes.ts
payroll	GET	/salary-sheet-export	admin|finance|payroll|hr|payroll_head|finance_head|payroll_admin	backend/src/modules/payroll/payroll-extended.routes.ts
payroll	GET	/runs/:id/salary-sheet-export	admin|finance|payroll|hr|payroll_head|finance_head|payroll_admin	backend/src/modules/payroll/payroll-extended.routes.ts
payroll	GET	/runs/:runId/bank-exception-report	super_admin|admin|finance|payroll_head|finance_head|payroll_admin	backend/src/modules/payroll/payroll-extended.routes.ts
payroll	POST	/runs/:runId/golden-month-reconcile	super_admin|admin|finance_head|payroll_head|payroll_admin	backend/src/modules/payroll/payroll-extended.routes.ts
payroll	GET	/form16-data/:runId/:employeeId		backend/src/modules/payroll/payroll-more.routes.ts
payroll	POST	/pt-slabs	admin|finance	backend/src/modules/payroll/payroll-more.routes.ts
payroll	PATCH	/pt-slabs/:id	admin|finance	backend/src/modules/payroll/payroll-more.routes.ts
payroll	GET	/config-flags	admin|super_admin|finance|payroll|payroll_head|payroll_branch	backend/src/modules/payroll/payroll-more.routes.ts
payroll	PUT	/config-flags	admin|super_admin|finance|payroll|payroll_head|payroll_branch	backend/src/modules/payroll/payroll-more.routes.ts
payroll	GET	/recalculation-queue	admin|super_admin|finance|payroll|payroll_head|payroll_branch	backend/src/modules/payroll/payroll-more.routes.ts
payroll	POST	/recalculation-queue	admin|super_admin|payroll_head	backend/src/modules/payroll/payroll-more.routes.ts
payroll	POST	/recalculation-queue/bulk	admin|super_admin|payroll_head	backend/src/modules/payroll/payroll-more.routes.ts
payroll	GET	/runs/:runId/drift-check	payroll_head|payroll_branch|admin|super_admin|finance|payroll	backend/src/modules/payroll/payroll-more.routes.ts
payroll	POST	/runs/:runId/recalculate-drift	payroll_head|admin|super_admin	backend/src/modules/payroll/payroll-more.routes.ts
payroll	POST	/recalculation-queue/:id/retry	payroll_head|admin|super_admin	backend/src/modules/payroll/payroll-more.routes.ts
payroll	POST	/recalculation-queue/:id/cancel	payroll_head|admin|super_admin	backend/src/modules/payroll/payroll-more.routes.ts
payroll	GET	/holiday-master	admin|super_admin|finance|payroll|payroll_head|payroll_branch	backend/src/modules/payroll/payroll-more.routes.ts
payroll	POST	/holiday-master	admin|super_admin|payroll_head	backend/src/modules/payroll/payroll-more.routes.ts
payroll	PUT	/holiday-master/:id	admin|super_admin|payroll_head	backend/src/modules/payroll/payroll-more.routes.ts
payroll	PATCH	/holiday-master/:id/toggle	admin|super_admin|payroll_head	backend/src/modules/payroll/payroll-more.routes.ts
payroll	POST	/holiday-master/cc-mapping	admin|super_admin|payroll|payroll_head	backend/src/modules/payroll/payroll-more.routes.ts
payroll	POST	/holiday-master/designation-mapping	admin|super_admin|payroll|payroll_head	backend/src/modules/payroll/payroll-more.routes.ts
payroll	DELETE	/holiday-master/:id	super_admin|admin|payroll_head	backend/src/modules/payroll/payroll-more.routes.ts
payroll	GET	/holiday-work/policies	admin|super_admin|finance|payroll|payroll_head|payroll_branch	backend/src/modules/payroll/payroll-more.routes.ts
payroll	GET	/holiday-work/requests	admin|super_admin|finance|payroll|payroll_head|payroll_branch|wfm	backend/src/modules/payroll/payroll-more.routes.ts
payroll	POST	/holiday-work/requests	admin|super_admin|payroll|payroll_head|wfm	backend/src/modules/payroll/payroll-more.routes.ts
payroll	PATCH	/holiday-work/requests/:id/approve	admin|super_admin|payroll|payroll_head|wfm	backend/src/modules/payroll/payroll-more.routes.ts
payroll	GET	/deductions/types		backend/src/modules/payroll/payroll-more.routes.ts
payroll	POST	/deductions/types	admin|hr|finance|payroll	backend/src/modules/payroll/payroll-more.routes.ts
payroll	PUT	/deductions/types/:id	admin|hr|finance|payroll	backend/src/modules/payroll/payroll-more.routes.ts
payroll	PATCH	/deductions/types/:id/toggle	admin|hr|finance|payroll	backend/src/modules/payroll/payroll-more.routes.ts
payroll	GET	/deductions/upload-template	admin|hr|finance|payroll	backend/src/modules/payroll/payroll-more.routes.ts
payroll	POST	/deductions/bulk-upload	admin|hr|finance|payroll	backend/src/modules/payroll/payroll-more.routes.ts
payroll	GET	/deductions/employee/:employeeId	admin|hr|finance|payroll	backend/src/modules/payroll/payroll-more.routes.ts
payroll	PATCH	/deductions/entry/:id	admin|hr|finance|payroll	backend/src/modules/payroll/payroll-more.routes.ts
payroll	GET	/holiday-work/config/processes	admin|super_admin|payroll_head	backend/src/modules/payroll/payroll-more.routes.ts
payroll	PATCH	/holiday-work/config/process/:processId	admin|super_admin|payroll_head	backend/src/modules/payroll/payroll-more.routes.ts
payroll	PATCH	/holidays/:holidayId/extra-pay-eligible	admin|super_admin|hr	backend/src/modules/payroll/payroll-more.routes.ts
payroll	GET	/overtime/config/processes	admin|super_admin|payroll_head|wfm	backend/src/modules/payroll/payroll-more.routes.ts
payroll	PATCH	/overtime/config/process/:processId	admin|super_admin|payroll_head	backend/src/modules/payroll/payroll-more.routes.ts
payroll	POST	/runs/:id/bulk-generate-payslips	admin|super_admin|payroll_head	backend/src/modules/payroll/payroll-more.routes.ts
payroll	GET	/runs/:id/bulk-generate-status	admin|super_admin|payroll_head|finance	backend/src/modules/payroll/payroll-more.routes.ts
payroll	POST	/runs/:id/email-payslips	admin|super_admin|payroll_head	backend/src/modules/payroll/payroll-more.routes.ts
payroll	GET	/runs/:id/bulk-payslip-summary	admin|super_admin|payroll_head|finance	backend/src/modules/payroll/payroll-more.routes.ts
payroll	GET	/grouped-summary	payroll_head|super_admin|payroll|admin	backend/src/modules/payroll/payroll-process-readiness.routes.ts
payroll	GET	/export	payroll_head|super_admin|admin	backend/src/modules/payroll/payroll-process-readiness.routes.ts
payroll	GET	/my-pending-count	wfm|process_manager|branch_head|payroll_branch|super_admin|admin	backend/src/modules/payroll/payroll-process-readiness.routes.ts
payroll	GET	/branch/:branchId	branch_head|payroll_branch|payroll_head|super_admin|payroll|wfm|process_manager	backend/src/modules/payroll/payroll-process-readiness.routes.ts
payroll	GET	/:branchId/:processId	branch_head|payroll_branch|payroll_head|super_admin|payroll|wfm|process_manager|admin|hr	backend/src/modules/payroll/payroll-process-readiness.routes.ts
payroll	POST	/:branchId/:processId/checklist	wfm|process_manager|branch_head|payroll_branch	backend/src/modules/payroll/payroll-process-readiness.routes.ts
payroll	POST	/:branchId/:processId/signoff	process_manager|branch_head	backend/src/modules/payroll/payroll-process-readiness.routes.ts
payroll	POST	/:branchId/:processId/ho-override	payroll_head|super_admin	backend/src/modules/payroll/payroll-process-readiness.routes.ts
payroll	POST	/:branchId/:processId/request-freeze	wfm|process_manager|branch_head|payroll_branch	backend/src/modules/payroll/payroll-process-readiness.routes.ts
payroll	GET	/:branchId/:processId/projection	branch_head|payroll_branch|payroll_head|super_admin|payroll|wfm|process_manager	backend/src/modules/payroll/payroll-process-readiness.routes.ts
payroll	GET	/month/:month	super_admin|payroll_head|finance_head|admin|payroll|branch_head|process_manager	backend/src/modules/payroll/payroll-readiness-categories.routes.ts
payroll	GET	/:runId	super_admin|payroll_head|finance_head|admin|payroll|branch_head|process_manager	backend/src/modules/payroll/payroll-readiness-categories.routes.ts
payroll	GET	/runs/:runId/status	finance|super_admin|payroll_head|payroll|ceo|admin	backend/src/modules/payroll/payroll-signoff.routes.ts
payroll	GET	/runs	finance|super_admin|payroll_head|payroll|ceo|admin	backend/src/modules/payroll/payroll-signoff.routes.ts
payroll	POST	/runs/:runId/finance-approve	finance|super_admin|payroll_head	backend/src/modules/payroll/payroll-signoff.routes.ts
payroll	POST	/runs/:runId/ceo-acknowledge	ceo|super_admin	backend/src/modules/payroll/payroll-signoff.routes.ts
payroll	POST	/runs/:runId/finance-revoke	super_admin	backend/src/modules/payroll/payroll-signoff.routes.ts
payroll	GET	/runs/:runId/tds-summary	finance|super_admin|payroll_head|payroll|ceo|admin	backend/src/modules/payroll/payroll-signoff.routes.ts
payroll	GET	/statutory-config	admin|finance|payroll	backend/src/modules/payroll/payroll-statutory-config.compat.routes.ts
payroll	PATCH	/statutory-config/:key	admin|super_admin|finance|payroll	backend/src/modules/payroll/payroll-statutory-config.compat.routes.ts
payroll	GET	/statutory-config/history/:key	admin|super_admin|finance|payroll	backend/src/modules/payroll/payroll-statutory-config.compat.routes.ts
payroll	GET	/	admin|super_admin|finance|payroll|payroll_head	backend/src/modules/payroll/payroll-statutory-filing.routes.ts
payroll	GET	/overdue	admin|super_admin|finance|payroll|payroll_head	backend/src/modules/payroll/payroll-statutory-filing.routes.ts
payroll	POST	/initialize/:month	admin|super_admin|payroll_head	backend/src/modules/payroll/payroll-statutory-filing.routes.ts
payroll	PATCH	/:id/mark-filed	admin|super_admin|finance|payroll_head	backend/src/modules/payroll/payroll-statutory-filing.routes.ts
payroll	POST	/	admin|super_admin|payroll_head	backend/src/modules/payroll/payroll-statutory-filing.routes.ts
payroll	DELETE	/:id	super_admin	backend/src/modules/payroll/payroll-statutory-filing.routes.ts
payroll	POST	/request	employee|hr|super_admin	backend/src/modules/payroll/payroll-statutory-override.routes.ts
payroll	GET	/my	employee|hr|super_admin	backend/src/modules/payroll/payroll-statutory-override.routes.ts
payroll	GET	/pending	payroll|super_admin|finance	backend/src/modules/payroll/payroll-statutory-override.routes.ts
payroll	GET	/all	payroll|super_admin|finance|admin|hr|payroll_head	backend/src/modules/payroll/payroll-statutory-override.routes.ts
payroll	PATCH	/:id/approve	payroll|super_admin	backend/src/modules/payroll/payroll-statutory-override.routes.ts
payroll	PATCH	/:id/revoke	payroll|super_admin	backend/src/modules/payroll/payroll-statutory-override.routes.ts
payroll	GET	/	admin|super_admin|finance|payroll|payroll_head|finance_head	backend/src/modules/payroll/payroll-variance.routes.ts
payroll	GET	/employee/:employeeId	admin|super_admin|finance|payroll|payroll_head|finance_head	backend/src/modules/payroll/payroll-variance.routes.ts
payroll	GET	/runs/:id/window-status	payroll|super_admin|finance|hr|admin|payroll_head	backend/src/modules/payroll/payroll-window.routes.ts
payroll	GET	/runs/:id/tds-mode	payroll|super_admin|finance	backend/src/modules/payroll/payroll-window.routes.ts
payroll	PATCH	/runs/:id/tds-mode	payroll|super_admin|payroll_head|finance	backend/src/modules/payroll/payroll-window.routes.ts
payroll	POST	/runs/:id/manual-tds	payroll|super_admin	backend/src/modules/payroll/payroll-window.routes.ts
payroll	GET	/runs/:id/manual-tds	payroll|super_admin|finance	backend/src/modules/payroll/payroll-window.routes.ts
payroll	PATCH	/runs/:id/manual-tds/:employeeId	payroll|super_admin	backend/src/modules/payroll/payroll-window.routes.ts
payroll	GET	/bank-change-requests	payroll|super_admin	backend/src/modules/payroll/payroll-window.routes.ts
payroll	PATCH	/bank-change-requests/:id	payroll|super_admin	backend/src/modules/payroll/payroll-window.routes.ts
payroll	GET	/employee-salary-history	payroll|super_admin|finance|admin|hr|payroll_head	backend/src/modules/payroll/payroll-window.routes.ts
payroll	GET	/verify/payslip/:empCode/:monthYear		backend/src/modules/payroll/payroll.public.routes.ts
payroll	GET	/structures	admin|hr|super_admin|finance|payroll	backend/src/modules/payroll/payroll.routes.ts
payroll	POST	/structures	admin|hr|super_admin|finance|payroll	backend/src/modules/payroll/payroll.routes.ts
payroll	PUT	/structures/:id	admin|super_admin|finance|payroll	backend/src/modules/payroll/payroll.routes.ts
payroll	DELETE	/structures/:id	admin|super_admin	backend/src/modules/payroll/payroll.routes.ts
payroll	GET	/employee-salaries	ceo|admin|hr|super_admin|finance|payroll|finance_head|payroll_head|payroll_admin	backend/src/modules/payroll/payroll.routes.ts
payroll	GET	/components	admin|hr|super_admin|finance|payroll	backend/src/modules/payroll/payroll.routes.ts
payroll	POST	/components	admin|hr|super_admin|finance|payroll	backend/src/modules/payroll/payroll.routes.ts
payroll	POST	/salary-assignments	admin|hr|super_admin|finance|payroll	backend/src/modules/payroll/payroll.routes.ts
payroll	POST	/salary-assignments/bulk	admin|hr|super_admin|finance|payroll	backend/src/modules/payroll/payroll.routes.ts
payroll	GET	/salary-assignments/:employeeId	admin|hr|super_admin|finance|payroll	backend/src/modules/payroll/payroll.routes.ts
payroll	GET	/salary-assignments/:employeeId/history	admin|hr|super_admin|finance|payroll	backend/src/modules/payroll/payroll.routes.ts
payroll	GET	/runs	ceo|admin|hr|super_admin|finance|payroll|finance_head|payroll_head|payroll_admin	backend/src/modules/payroll/payroll.routes.ts
payroll	GET	/records	ceo|admin|hr|super_admin|finance|payroll|finance_head|payroll_head|payroll_admin	backend/src/modules/payroll/payroll.routes.ts
payroll	GET	/overview	admin|hr|super_admin|finance|payroll|finance_head|payroll_head|payroll_admin	backend/src/modules/payroll/payroll.routes.ts
payroll	GET	/attendance-control-tower	super_admin|admin|payroll_head|payroll_branch|payroll|hr|wfm|branch_head	backend/src/modules/payroll/payroll.routes.ts
payroll	GET	/attendance-control-tower/gap/:key	super_admin|admin|payroll_head|payroll_branch|payroll|hr|wfm|branch_head	backend/src/modules/payroll/payroll.routes.ts
payroll	POST	/attendance-control-tower/notify-managers	super_admin|admin|payroll_head|payroll_branch|payroll|hr|wfm|branch_head	backend/src/modules/payroll/payroll.routes.ts
payroll	POST	/attendance-control-tower/review-status	super_admin|admin|payroll_head|payroll_branch|payroll|hr|wfm|branch_head	backend/src/modules/payroll/payroll.routes.ts
payroll	POST	/attendance-control-tower/repair-missing-adr	super_admin|admin|payroll_head|payroll_branch|payroll|hr|wfm|branch_head	backend/src/modules/payroll/payroll.routes.ts
payroll	GET	/filter-options	ceo|admin|hr|super_admin|finance|payroll|finance_head|payroll_head|payroll_admin|wfm|payroll_branch|branch_head	backend/src/modules/payroll/payroll.routes.ts
payroll	GET	/lines/:lineId/attendance	admin|hr|super_admin|finance|payroll	backend/src/modules/payroll/payroll.routes.ts
payroll	POST	/runs	admin|super_admin|finance|payroll	backend/src/modules/payroll/payroll.routes.ts
payroll	GET	/runs/:id	admin|hr|super_admin|finance|payroll	backend/src/modules/payroll/payroll.routes.ts
payroll	GET	/runs/:id/readiness	admin|hr|super_admin|finance|payroll	backend/src/modules/payroll/payroll.routes.ts
payroll	POST	/runs/:id/freeze-attendance	admin|super_admin|finance|payroll|payroll_head|finance_head	backend/src/modules/payroll/payroll.routes.ts
payroll	PATCH	/runs/:id/status	admin|super_admin|finance|payroll|finance_head|payroll_head	backend/src/modules/payroll/payroll.routes.ts
payroll	GET	/runs/:id/lines	admin|hr|super_admin|finance|payroll	backend/src/modules/payroll/payroll.routes.ts
payroll	GET	/capabilities		backend/src/modules/payroll/payroll.routes.ts
payroll	GET	/runs/:id/branch-breakdown	admin|hr|super_admin|finance|payroll	backend/src/modules/payroll/payroll.routes.ts
payroll	POST	/runs/:id/calculate	admin|super_admin|finance|payroll	backend/src/modules/payroll/payroll.routes.ts
payroll	POST	/runs/:id/correct-weekoffs	admin|super_admin|finance|payroll	backend/src/modules/payroll/payroll.routes.ts
payroll	PATCH	/lines/:id	admin|super_admin|finance|payroll	backend/src/modules/payroll/payroll.routes.ts
payroll	PATCH	/lines/:lineId/overtime		backend/src/modules/payroll/payroll.routes.ts
payroll	POST	/advances	admin|hr|super_admin|finance|payroll	backend/src/modules/payroll/payroll.routes.ts
payroll	GET	/advances/:employeeId		backend/src/modules/payroll/payroll.routes.ts
payroll	GET	/advances	ceo|admin|hr|super_admin|finance|payroll|payroll_head	backend/src/modules/payroll/payroll.routes.ts
payroll	PATCH	/advances/:id/approve	admin|super_admin|finance|payroll|payroll_head	backend/src/modules/payroll/payroll.routes.ts
payroll	PATCH	/advances/:id/reject	admin|super_admin|finance|payroll|payroll_head	backend/src/modules/payroll/payroll.routes.ts
payroll	GET	/statutory-config	admin|super_admin|finance|payroll	backend/src/modules/payroll/payroll.routes.ts
payroll	GET	/payslip/my		backend/src/modules/payroll/payroll.routes.ts
payroll	GET	/payslip/list/:employeeId	super_admin|admin|hr|finance|payroll	backend/src/modules/payroll/payroll.routes.ts
payroll	GET	/payslip/history/:employeeId	super_admin|admin|hr|payroll_head|payroll_admin|finance|payroll	backend/src/modules/payroll/payroll.routes.ts
payroll	GET	/payslip/legacy/:employeeId	super_admin|admin|hr|finance|payroll	backend/src/modules/payroll/payroll.routes.ts
payroll	GET	/payslip/legacy-detail/:employeeCode/:payMonth		backend/src/modules/payroll/payroll.routes.ts
payroll	GET	/payslip/:runId/:employeeId		backend/src/modules/payroll/payroll.routes.ts
payroll	POST	/payslip/:runId/generate	admin|hr|super_admin|finance|payroll	backend/src/modules/payroll/payroll.routes.ts
payroll	POST	/payslip/:payslipId/acknowledge		backend/src/modules/payroll/payroll.routes.ts
payroll	GET	/tax-declaration/:employeeId/:year		backend/src/modules/payroll/payroll.routes.ts
payroll	POST	/tax-declaration/:employeeId/:year		backend/src/modules/payroll/payroll.routes.ts
payroll	POST	/tax-declaration/:employeeId/:year/document		backend/src/modules/payroll/payroll.routes.ts
payroll	GET	/tax-declaration/:employeeId/:year/documents		backend/src/modules/payroll/payroll.routes.ts
payroll	PATCH	/tax-declaration/:employeeId/:year/verify	admin|hr|super_admin|payroll|finance	backend/src/modules/payroll/payroll.routes.ts
payroll	DELETE	/tax-declaration/:employeeId/:year/document/:docId	admin|hr|super_admin|payroll|finance	backend/src/modules/payroll/payroll.routes.ts
payroll	GET	/uan/:employeeId		backend/src/modules/payroll/payroll.routes.ts
payroll	POST	/uan/:employeeId	admin|hr|finance	backend/src/modules/payroll/payroll.routes.ts
payroll	POST	/disbursements	admin|super_admin|finance|payroll	backend/src/modules/payroll/payroll.routes.ts
payroll	GET	/disbursements/:runId	admin|super_admin|finance|payroll	backend/src/modules/payroll/payroll.routes.ts
payroll	PATCH	/disbursements/:id	admin|super_admin|finance|payroll	backend/src/modules/payroll/payroll.routes.ts
payroll	GET	/form16-data/:runId/:employeeId		backend/src/modules/payroll/payroll.routes.ts
payroll	GET	/analytics/trends	admin|hr|super_admin|finance|payroll	backend/src/modules/payroll/payroll.routes.ts
payroll	GET	/analytics	admin|hr|super_admin|finance|payroll	backend/src/modules/payroll/payroll.routes.ts
payroll	GET	/pt-slabs	admin|hr|super_admin|finance|payroll	backend/src/modules/payroll/payroll.routes.ts
payroll	POST	/pt-slabs	admin|finance	backend/src/modules/payroll/payroll.routes.ts
payroll	PATCH	/pt-slabs/:id	admin|finance	backend/src/modules/payroll/payroll.routes.ts
payroll	GET	/minimum-wages	admin|hr|super_admin|finance|payroll	backend/src/modules/payroll/payroll.routes.ts
payroll	GET	/runs/:id/neft-summary	admin|super_admin|finance|payroll	backend/src/modules/payroll/payroll.routes.ts
payroll	GET	/runs/:runId/neft-lines	admin|super_admin|finance|payroll	backend/src/modules/payroll/payroll.routes.ts
payroll	GET	/runs/:id/neft-export	admin|super_admin|finance|payroll	backend/src/modules/payroll/payroll.routes.ts
payroll	PATCH	/runs/:id/validate		backend/src/modules/payroll/payroll.routes.ts
payroll	PATCH	/runs/:id/reject-validation		backend/src/modules/payroll/payroll.routes.ts
payroll	GET	/runs/:id/ecr	admin|super_admin|finance|payroll	backend/src/modules/payroll/payroll.routes.ts
payroll	GET	/runs/:id/esic-challan	admin|super_admin|finance|payroll	backend/src/modules/payroll/payroll.routes.ts
payroll	GET	/summary	admin|super_admin|finance|payroll	backend/src/modules/payroll/payroll.routes.ts
payroll	GET	/compliance	admin|super_admin|finance|payroll	backend/src/modules/payroll/payroll.routes.ts
payroll	POST	/runs/:id/finance-approve	finance|admin|super_admin	backend/src/modules/payroll/payroll.routes.ts
payroll	PATCH	/runs/:id/tds-mode	payroll_head|super_admin|admin|finance	backend/src/modules/payroll/payroll.routes.ts
payroll	GET	/runs	admin|super_admin|hr|finance|payroll|finance_head|payroll_head|payroll_admin	backend/src/modules/payroll/payroll.secure.routes.ts
payroll	GET	/records	admin|super_admin|hr|finance|payroll|finance_head|payroll_head|payroll_admin	backend/src/modules/payroll/payroll.secure.routes.ts
payroll	GET	/queue	admin|super_admin|payroll_hr|payroll|hr	backend/src/modules/payroll/pf-creation.routes.ts
payroll	POST	/queue/generate-from-joiners	admin|super_admin|payroll_hr|payroll	backend/src/modules/payroll/pf-creation.routes.ts
payroll	POST	/validate	admin|super_admin|payroll_hr|payroll	backend/src/modules/payroll/pf-creation.routes.ts
payroll	POST	/export	admin|super_admin|payroll_hr|payroll	backend/src/modules/payroll/pf-creation.routes.ts
payroll	POST	/import-acknowledgement	admin|super_admin|payroll_hr|payroll	backend/src/modules/payroll/pf-creation.routes.ts
payroll	GET	/employee/:employeeId	admin|super_admin|payroll_hr|payroll|hr|employee	backend/src/modules/payroll/pf-creation.routes.ts
payroll	PATCH	/employee/:employeeId	admin|super_admin|payroll_hr|payroll	backend/src/modules/payroll/pf-creation.routes.ts
payroll	GET	/reports/readiness	admin|super_admin|payroll_hr|payroll|hr	backend/src/modules/payroll/pf-creation.routes.ts
payroll	GET	/batches	admin|super_admin|payroll_hr|payroll|hr	backend/src/modules/payroll/pf-creation.routes.ts
payroll	GET	/batches/:batchId	admin|super_admin|payroll_hr|payroll|hr	backend/src/modules/payroll/pf-creation.routes.ts
payroll	GET	/establishments	admin|super_admin|payroll_hr|payroll|hr	backend/src/modules/payroll/pf-creation.routes.ts
payroll	GET	/establishments/all	admin|super_admin|payroll_hr|payroll|hr	backend/src/modules/payroll/pf-creation.routes.ts
payroll	POST	/establishments	admin|super_admin|payroll_hr|payroll	backend/src/modules/payroll/pf-creation.routes.ts
payroll	PUT	/establishments/:id	admin|super_admin|payroll_hr|payroll	backend/src/modules/payroll/pf-creation.routes.ts
payroll	PATCH	/establishments/:id/status	admin|super_admin	backend/src/modules/payroll/pf-creation.routes.ts
payroll	GET	/export-templates	admin|super_admin|payroll_hr|payroll	backend/src/modules/payroll/pf-creation.routes.ts
payroll	GET	/ecr-monthly	admin|super_admin|payroll_hr|payroll|payroll_head|finance	backend/src/modules/payroll/pf-creation.routes.ts
payroll	GET	/	<spread>	backend/src/modules/payroll/reimbursements.routes.ts
payroll	GET	/my		backend/src/modules/payroll/reimbursements.routes.ts
payroll	POST	/		backend/src/modules/payroll/reimbursements.routes.ts
payroll	POST	/:id/submit		backend/src/modules/payroll/reimbursements.routes.ts
payroll	PATCH	/:id/approve	<spread>	backend/src/modules/payroll/reimbursements.routes.ts
payroll	PATCH	/:id/reject	<spread>	backend/src/modules/payroll/reimbursements.routes.ts
payroll	PATCH	/:id/process	<spread>	backend/src/modules/payroll/reimbursements.routes.ts
payroll	DELETE	/:id		backend/src/modules/payroll/reimbursements.routes.ts
payroll	GET	/manager-queue		backend/src/modules/payroll/reimbursements.routes.ts
payroll	GET	/branch-head-queue	branch_head|super_admin	backend/src/modules/payroll/reimbursements.routes.ts
payroll	GET	/conversion-queue	branch_admin|imprest_manager|finance_head|finance|super_admin	backend/src/modules/payroll/reimbursements.routes.ts
payroll	PATCH	/:id/manager-approve		backend/src/modules/payroll/reimbursements.routes.ts
payroll	PATCH	/:id/manager-reject		backend/src/modules/payroll/reimbursements.routes.ts
payroll	PATCH	/:id/branch-head-approve	branch_head|super_admin	backend/src/modules/payroll/reimbursements.routes.ts
payroll	PATCH	/:id/branch-head-reject	branch_head|super_admin	backend/src/modules/payroll/reimbursements.routes.ts
payroll	POST	/:id/convert-to-grn	branch_admin|imprest_manager|finance_head|finance|super_admin	backend/src/modules/payroll/reimbursements.routes.ts
payroll	GET	/running-summary/me		backend/src/modules/payroll/running-salary.routes.ts
payroll	GET	/running-summary/:employeeId		backend/src/modules/payroll/running-salary.routes.ts
payroll	GET	/running-summary-batch		backend/src/modules/payroll/running-salary.routes.ts
payroll	GET	/running-summary-aggregate		backend/src/modules/payroll/running-salary.routes.ts
payroll	POST	/flags	wfm|process_manager|branch_head	backend/src/modules/payroll/salary-verification.routes.ts
payroll	PATCH	/flags/:flagId	payroll_head|super_admin|payroll	backend/src/modules/payroll/salary-verification.routes.ts
payroll	POST	/verify-employee	wfm|process_manager|branch_head	backend/src/modules/payroll/salary-verification.routes.ts
payroll	POST	/verify-bulk	wfm|process_manager|branch_head|payroll_head|super_admin	backend/src/modules/payroll/salary-verification.routes.ts
payroll	GET	/open-flags	payroll_head|super_admin|payroll	backend/src/modules/payroll/salary-verification.routes.ts
payroll	GET	/export	wfm|process_manager|branch_head|payroll_head|super_admin|admin|payroll_branch	backend/src/modules/payroll/salary-verification.routes.ts
payroll	POST	/:employeeId/:financialYear	<spread>	backend/src/modules/payroll/tds-certificate-part-a.routes.ts
payroll	POST	/:employeeId/:financialYear/verify	<spread>	backend/src/modules/payroll/tds-certificate-part-a.routes.ts
payroll	GET	/:employeeId/:financialYear		backend/src/modules/payroll/tds-certificate-part-a.routes.ts
payroll	POST	/:employeeId/:financialYear/download-token		backend/src/modules/payroll/tds-certificate-part-a.routes.ts
payroll-compliance	POST	/runs/:runId/compliance-check	admin|hr|finance|payroll	backend/src/modules/payroll-compliance/payrollCompliance.routes.ts
payroll-compliance	GET	/runs/:runId/compliance-issues	admin|hr|finance|payroll	backend/src/modules/payroll-compliance/payrollCompliance.routes.ts
payroll-compliance	PUT	/employees/:employeeId/component-snapshot	admin|hr|finance|payroll	backend/src/modules/payroll-compliance/payrollCompliance.routes.ts
payroll-compliance	GET	/employees/:employeeId/component-snapshot	admin|hr|finance|payroll	backend/src/modules/payroll-compliance/payrollCompliance.routes.ts
payroll-compliance	POST	/lines/:lineId/manual-adjustment	admin|finance|payroll	backend/src/modules/payroll-compliance/payrollCompliance.routes.ts
payroll-compliance	GET	/runs/:runId/components	admin|hr|finance|payroll	backend/src/modules/payroll-compliance/payrollCompliance.routes.ts
payroll-compliance	GET	/runs/:runId/register/:registerType	admin|hr|finance|payroll|ceo	backend/src/modules/payroll-compliance/payrollCompliance.routes.ts
payroll-head-review	GET	/queue	<spread>	backend/src/modules/payroll-head-review/payroll-head-review.routes.ts
payroll-head-review	GET	/branches	<spread>	backend/src/modules/payroll-head-review/payroll-head-review.routes.ts
payroll-head-review	GET	/reasons	<spread>	backend/src/modules/payroll-head-review/payroll-head-review.routes.ts
payroll-head-review	GET	/:employeeId	<spread>	backend/src/modules/payroll-head-review/payroll-head-review.routes.ts
payroll-head-review	POST	/:employeeId/package/assign	<spread>	backend/src/modules/payroll-head-review/payroll-head-review.routes.ts
payroll-head-review	POST	/:employeeId/package/create-and-assign	<spread>	backend/src/modules/payroll-head-review/payroll-head-review.routes.ts
payroll-head-review	POST	/:employeeId/package/accept	<spread>	backend/src/modules/payroll-head-review/payroll-head-review.routes.ts
payroll-head-review	POST	/:employeeId/package/approve-offered	<spread>	backend/src/modules/payroll-head-review/payroll-head-review.routes.ts
payroll-head-review	POST	/:employeeId/approve	<spread>	backend/src/modules/payroll-head-review/payroll-head-review.routes.ts
payroll-head-review	POST	/:employeeId/reject	<spread>	backend/src/modules/payroll-head-review/payroll-head-review.routes.ts
payroll-head-review	POST	/:employeeId/resubmit	<spread>	backend/src/modules/payroll-head-review/payroll-head-review.routes.ts
payroll-head-review	POST	/:employeeId/reopen	<spread>	backend/src/modules/payroll-head-review/payroll-head-review.routes.ts
payroll-head-review	PATCH	/:employeeId/salary-start-date	<spread>	backend/src/modules/payroll-head-review/payroll-head-review.routes.ts
payroll-head-review	PATCH	/:employeeId/assignment-effective-date	<spread>	backend/src/modules/payroll-head-review/payroll-head-review.routes.ts
payroll-masters	GET	/slabs		backend/src/modules/payroll-masters/payrollMasters.routes.ts
payroll-masters	POST	/slabs	admin|finance	backend/src/modules/payroll-masters/payrollMasters.routes.ts
payroll-masters	PUT	/slabs/:id	admin|finance	backend/src/modules/payroll-masters/payrollMasters.routes.ts
payroll-masters	DELETE	/slabs/:id	admin	backend/src/modules/payroll-masters/payrollMasters.routes.ts
payroll-masters	GET	/branch-states		backend/src/modules/payroll-masters/payrollMasters.routes.ts
payroll-masters	GET	/bands		backend/src/modules/payroll-masters/payrollMasters.routes.ts
payroll-masters	POST	/bands	admin|finance|hr	backend/src/modules/payroll-masters/payrollMasters.routes.ts
payroll-masters	PUT	/bands/:id	admin|finance|hr	backend/src/modules/payroll-masters/payrollMasters.routes.ts
payroll-masters	DELETE	/bands/:id	admin	backend/src/modules/payroll-masters/payrollMasters.routes.ts
payroll-masters	GET	/packages		backend/src/modules/payroll-masters/payrollMasters.routes.ts
payroll-masters	GET	/packages/:id		backend/src/modules/payroll-masters/payrollMasters.routes.ts
payroll-masters	POST	/packages	admin|finance	backend/src/modules/payroll-masters/payrollMasters.routes.ts
payroll-masters	PUT	/packages/:id	admin|finance|payroll_head	backend/src/modules/payroll-masters/payrollMasters.routes.ts
payroll-masters	DELETE	/packages/:id	admin	backend/src/modules/payroll-masters/payrollMasters.routes.ts
payroll-masters	GET	/matrix/lookup		backend/src/modules/payroll-masters/payrollMasters.routes.ts
payroll-masters	POST	/matrix/bulk-upsert	admin|hr	backend/src/modules/payroll-masters/payrollMasters.routes.ts
payroll-masters	GET	/matrix		backend/src/modules/payroll-masters/payrollMasters.routes.ts
payroll-masters	POST	/matrix	admin|hr	backend/src/modules/payroll-masters/payrollMasters.routes.ts
payroll-masters	PUT	/matrix/:id	admin|hr	backend/src/modules/payroll-masters/payrollMasters.routes.ts
payroll-masters	DELETE	/matrix/:id	admin	backend/src/modules/payroll-masters/payrollMasters.routes.ts
payroll-masters	GET	/minimum-wages		backend/src/modules/payroll-masters/payrollMasters.routes.ts
payroll-masters	POST	/minimum-wages	admin|finance	backend/src/modules/payroll-masters/payrollMasters.routes.ts
payroll-masters	PATCH	/minimum-wages/:id	admin|finance	backend/src/modules/payroll-masters/payrollMasters.routes.ts
payroll-masters	DELETE	/minimum-wages/:id	admin	backend/src/modules/payroll-masters/payrollMasters.routes.ts
payroll-masters	GET	/cost-centres		backend/src/modules/payroll-masters/payrollMasters.routes.ts
payroll-masters	POST	/cost-centres	admin|hr|finance	backend/src/modules/payroll-masters/payrollMasters.routes.ts
payroll-masters	PUT	/cost-centres/:id	admin|hr|finance	backend/src/modules/payroll-masters/payrollMasters.routes.ts
payroll-masters	DELETE	/cost-centres/:id	admin	backend/src/modules/payroll-masters/payrollMasters.routes.ts
people-experience	GET	/scope		backend/src/modules/people-experience/people-experience.routes.ts
people-experience	GET	/command-center		backend/src/modules/people-experience/people-experience.routes.ts
people-experience	POST	/scan		backend/src/modules/people-experience/people-experience.routes.ts
people-experience	GET	/actions		backend/src/modules/people-experience/people-experience.routes.ts
people-experience	POST	/actions		backend/src/modules/people-experience/people-experience.routes.ts
people-experience	PATCH	/actions/:id		backend/src/modules/people-experience/people-experience.routes.ts
people-experience	POST	/actions/:id/complete		backend/src/modules/people-experience/people-experience.routes.ts
people-experience	GET	/grievance-access		backend/src/modules/people-experience/people-experience.routes.ts
peopleos	GET	/ceo-command-center	admin|hr|ceo|finance|process_manager|manager	backend/src/modules/peopleos/peopleos.routes.ts
peopleos	GET	/:id/360		backend/src/modules/peopleos/peopleos.routes.ts
peopleos	GET	/summary	admin|hr|ceo|wfm|process_manager|manager|team_leader	backend/src/modules/peopleos/peopleos.routes.ts
peopleos	GET	/list	admin|hr|ceo|wfm|process_manager|manager|team_leader	backend/src/modules/peopleos/peopleos.routes.ts
peopleos	GET	/employee/:employeeId		backend/src/modules/peopleos/peopleos.routes.ts
peopleos	POST	/scan	admin|hr|wfm	backend/src/modules/peopleos/peopleos.routes.ts
peopleos	POST	/:id/assign	admin|hr|wfm|process_manager|manager	backend/src/modules/peopleos/peopleos.routes.ts
peopleos	POST	/:id/resolve	admin|hr|wfm|process_manager|manager	backend/src/modules/peopleos/peopleos.routes.ts
peopleos	POST	/:id/reopen	admin|hr|wfm	backend/src/modules/peopleos/peopleos.routes.ts
peopleos	GET	/sync-status		backend/src/modules/peopleos/peopleos.routes.ts
peopleos	GET	/sync-runs		backend/src/modules/peopleos/peopleos.routes.ts
peopleos	GET	/sync-errors		backend/src/modules/peopleos/peopleos.routes.ts
peopleos	GET	/latest-punches	<spread>	backend/src/modules/peopleos/peopleos.routes.ts
peopleos	GET	/summary		backend/src/modules/peopleos/peopleos.routes.ts
peopleos	GET	/blocked-employees		backend/src/modules/peopleos/peopleos.routes.ts
peopleos	GET	/employee/:employeeId		backend/src/modules/peopleos/peopleos.routes.ts
peopleos	POST	/scan		backend/src/modules/peopleos/peopleos.routes.ts
peopleos	POST	/mark-hold		backend/src/modules/peopleos/peopleos.routes.ts
peopleos	POST	/release-hold		backend/src/modules/peopleos/peopleos.routes.ts
peopleos	GET	/summary		backend/src/modules/peopleos/peopleos.routes.ts
peopleos	GET	/coverage		backend/src/modules/peopleos/peopleos.routes.ts
peopleos	GET	/shortage		backend/src/modules/peopleos/peopleos.routes.ts
peopleos	GET	/skill-matrix		backend/src/modules/peopleos/peopleos.routes.ts
peopleos	GET	/shift-gap		backend/src/modules/peopleos/peopleos.routes.ts
peopleos	POST	/simulate-roster		backend/src/modules/peopleos/peopleos.routes.ts
peopleos	POST	/generate-draft-roster		backend/src/modules/peopleos/peopleos.routes.ts
peopleos	POST	/manager-approval/:id		backend/src/modules/peopleos/peopleos.routes.ts
peopleos	GET	/enterprise	admin|hr|ceo|finance|payroll|wfm|process_manager|manager	backend/src/modules/peopleos/peopleos.routes.ts
peopleos	GET	/me		backend/src/modules/peopleos/peopleos.routes.ts
peopleos	GET	/employee-summary/:employeeId		backend/src/modules/peopleos/peopleos.routes.ts
peopleos	GET	/manager-team-summary		backend/src/modules/peopleos/peopleos.routes.ts
peopleos	GET	/ceo-summary	admin|hr|ceo	backend/src/modules/peopleos/peopleos.routes.ts
peopleos	GET	/payroll-blockers	admin|hr|finance|payroll|ceo	backend/src/modules/peopleos/peopleos.routes.ts
peopleos	GET	/attendance-risk		backend/src/modules/peopleos/peopleos.routes.ts
peopleos	GET	/people-risk		backend/src/modules/peopleos/peopleos.routes.ts
peopleos	GET	/support-risk		backend/src/modules/peopleos/peopleos.routes.ts
peopleos	GET	/roster-risk		backend/src/modules/peopleos/peopleos.routes.ts
performance-dashboard	GET	/goals		backend/src/modules/performance-dashboard/performance-dashboard.routes.ts
performance-dashboard	GET	/feedback		backend/src/modules/performance-dashboard/performance-dashboard.routes.ts
performance-dashboard	GET	/ratings	admin|hr|super_admin|manager|process_manager|ceo	backend/src/modules/performance-dashboard/performance-dashboard.routes.ts
performance-dashboard	GET	/summary	admin|hr|super_admin|manager|process_manager|ceo|qa|quality_analyst	backend/src/modules/performance-dashboard/performance-dashboard.routes.ts
performance-dashboard	GET	/competencies		backend/src/modules/performance-dashboard/performance-dashboard.routes.ts
performance-dashboard	GET	/cycles		backend/src/modules/performance-dashboard/performance-dashboard.routes.ts
performance-dashboard	POST	/feedback-response	admin|hr|manager|process_manager|employee	backend/src/modules/performance-dashboard/performance-dashboard.routes.ts
performance-dashboard	GET	/agent-matrix	<spread>	backend/src/modules/performance-dashboard/performance-dashboard.routes.ts
performance-dashboard	GET	/trend	<spread>	backend/src/modules/performance-dashboard/performance-dashboard.routes.ts
performance-dashboard	GET	/process-comparison	<spread>	backend/src/modules/performance-dashboard/performance-dashboard.routes.ts
performance-dashboard	GET	/utilization	<spread>	backend/src/modules/performance-dashboard/performance-dashboard.routes.ts
performance-dashboard	GET	/ops	<spread>	backend/src/modules/performance-dashboard/performance-dashboard.routes.ts
performance-feedback	POST	/cycles	admin|hr	backend/src/modules/performance-feedback/performance-feedback.routes.ts
performance-feedback	GET	/cycles		backend/src/modules/performance-feedback/performance-feedback.routes.ts
performance-feedback	GET	/cycles/:id		backend/src/modules/performance-feedback/performance-feedback.routes.ts
performance-feedback	PATCH	/cycles/:id	admin|hr	backend/src/modules/performance-feedback/performance-feedback.routes.ts
performance-feedback	POST	/cycles/:id/close	admin|hr	backend/src/modules/performance-feedback/performance-feedback.routes.ts
performance-feedback	POST	/cycles/:cycleId/launch	admin|hr	backend/src/modules/performance-feedback/performance-feedback.routes.ts
performance-feedback	GET	/requests		backend/src/modules/performance-feedback/performance-feedback.routes.ts
performance-feedback	GET	/requests/:id		backend/src/modules/performance-feedback/performance-feedback.routes.ts
performance-feedback	DELETE	/requests/:id	admin|hr	backend/src/modules/performance-feedback/performance-feedback.routes.ts
performance-feedback	GET	/competencies		backend/src/modules/performance-feedback/performance-feedback.routes.ts
performance-feedback	POST	/competencies	admin|hr	backend/src/modules/performance-feedback/performance-feedback.routes.ts
performance-feedback	PATCH	/competencies/:id	admin|hr	backend/src/modules/performance-feedback/performance-feedback.routes.ts
performance-feedback	DELETE	/competencies/:id	admin|hr	backend/src/modules/performance-feedback/performance-feedback.routes.ts
performance-feedback	GET	/requests/:id/form		backend/src/modules/performance-feedback/performance-feedback.routes.ts
performance-feedback	POST	/requests/:id/submit		backend/src/modules/performance-feedback/performance-feedback.routes.ts
performance-feedback	POST	/requests/:id/report	admin|hr	backend/src/modules/performance-feedback/performance-feedback.routes.ts
performance-feedback	GET	/reports		backend/src/modules/performance-feedback/performance-feedback.routes.ts
performance-feedback	GET	/reports/:id		backend/src/modules/performance-feedback/performance-feedback.routes.ts
performance-feedback	POST	/development-plans	admin|hr|manager	backend/src/modules/performance-feedback/performance-feedback.routes.ts
performance-feedback	GET	/development-plans		backend/src/modules/performance-feedback/performance-feedback.routes.ts
performance-feedback	GET	/development-plans/:id		backend/src/modules/performance-feedback/performance-feedback.routes.ts
performance-feedback	PATCH	/development-plans/:id	admin|hr|manager	backend/src/modules/performance-feedback/performance-feedback.routes.ts
performance-feedback	PATCH	/development-plans/:planId/goals/:goalId		backend/src/modules/performance-feedback/performance-feedback.routes.ts
performance-feedback	DELETE	/development-plans/:id	admin|hr	backend/src/modules/performance-feedback/performance-feedback.routes.ts
performance-feedback	GET	/quality/:employeeCode	<spread>	backend/src/modules/performance-feedback/performance-feedback.routes.ts
performance-feedback	GET	/quality/:employeeCode/trend	<spread>	backend/src/modules/performance-feedback/performance-feedback.routes.ts
performance-feedback	POST	/quality/team	<spread>	backend/src/modules/performance-feedback/performance-feedback.routes.ts
performance-feedback	POST	/quality/upload	admin|hr|qa	backend/src/modules/performance-feedback/performance-feedback.routes.ts
performance-ingestion	GET	/governance-audit	<spread>	backend/src/modules/performance-ingestion/performance-governance-audit.routes.ts
performance-ingestion	GET	/reference-data	<spread>	backend/src/modules/performance-ingestion/performance-ingestion.routes.ts
performance-ingestion	GET	/datasets	<spread>	backend/src/modules/performance-ingestion/performance-ingestion.routes.ts
performance-ingestion	GET	/datasets/:id	<spread>	backend/src/modules/performance-ingestion/performance-ingestion.routes.ts
performance-ingestion	POST	/datasets	<spread>	backend/src/modules/performance-ingestion/performance-ingestion.routes.ts
performance-ingestion	PATCH	/datasets/:id/status	<spread>	backend/src/modules/performance-ingestion/performance-ingestion.routes.ts
performance-ingestion	POST	/datasets/:id/approve	super_admin|admin	backend/src/modules/performance-ingestion/performance-ingestion.routes.ts
performance-ingestion	POST	/datasets/:id/preview	<spread>	backend/src/modules/performance-ingestion/performance-ingestion.routes.ts
performance-ingestion	GET	/runs/:runId	<spread>	backend/src/modules/performance-ingestion/performance-ingestion.routes.ts
performance-ingestion	POST	/identity-maps	<spread>	backend/src/modules/performance-ingestion/performance-ingestion.routes.ts
performance-ingestion	POST	/process-maps	<spread>	backend/src/modules/performance-ingestion/performance-ingestion.routes.ts
performance-ingestion	GET	/mapping-exceptions	<spread>	backend/src/modules/performance-ingestion/performance-ingestion.routes.ts
performance-ingestion	POST	/mapping-exceptions/:id/resolve	<spread>	backend/src/modules/performance-ingestion/performance-ingestion.routes.ts
performance-ingestion	GET	/datasets/:id/manual-schema		backend/src/modules/performance-ingestion/performance-manual-upload.routes.ts
performance-ingestion	GET	/datasets/:id/manual-template.csv		backend/src/modules/performance-ingestion/performance-manual-upload.routes.ts
performance-ingestion	POST	/datasets/:id/manual-preflight		backend/src/modules/performance-ingestion/performance-manual-upload.routes.ts
performance-ingestion	GET	/runs/:runId/validation-errors.csv		backend/src/modules/performance-ingestion/performance-manual-upload.routes.ts
performance-ingestion	GET	/runs/:runId/certification		backend/src/modules/performance-ingestion/performance-manual-upload.routes.ts
performance-ingestion	GET	/datasets/:id/schedule	<spread>	backend/src/modules/performance-ingestion/performance-scheduler.routes.ts
performance-ingestion	PUT	/datasets/:id/schedule	<spread>	backend/src/modules/performance-ingestion/performance-scheduler.routes.ts
performance-ingestion	POST	/datasets/:id/run-now	<spread>	backend/src/modules/performance-ingestion/performance-scheduler.routes.ts
performance-intelligence	GET	/context		backend/src/modules/performance-intelligence/performance-intelligence.routes.ts
performance-intelligence	GET	/scorecard		backend/src/modules/performance-intelligence/performance-intelligence.routes.ts
performance-intelligence	GET	/trends		backend/src/modules/performance-intelligence/performance-intelligence.routes.ts
performance-intelligence	GET	/people		backend/src/modules/performance-intelligence/performance-intelligence.routes.ts
performance-scorecard	GET	/	manager|process_manager|assistant_manager|branch_head|branch_manager|team_leader|tl|hr|hr_admin|ho_hr|branch_hr|process_hr|ceo|coo|management|super_admin	backend/src/modules/performance-scorecard/performance-scorecard.routes.ts
policy-engine	GET	/domains		backend/src/modules/policy-engine/policy-engine.routes.ts
policy-engine	GET	/domains/:domainKey		backend/src/modules/policy-engine/policy-engine.routes.ts
policy-engine	PUT	/domains/:domainKey		backend/src/modules/policy-engine/policy-engine.routes.ts
policy-engine	GET	/domains/:domainKey/history		backend/src/modules/policy-engine/policy-engine.routes.ts
portal	GET	/clients	admin|hr	backend/src/modules/portal/client.routes.ts
portal	POST	/clients	admin|hr	backend/src/modules/portal/client.routes.ts
portal	GET	/clients/:id	admin|hr	backend/src/modules/portal/client.routes.ts
portal	PUT	/clients/:id	admin|hr	backend/src/modules/portal/client.routes.ts
portal	PATCH	/clients/:id/status	admin	backend/src/modules/portal/client.routes.ts
portal	PATCH	/clients/:id/subscription	admin	backend/src/modules/portal/client.routes.ts
portal	GET	/clients-stats	admin|hr	backend/src/modules/portal/client.routes.ts
portal	GET	/clients-usage	admin|hr	backend/src/modules/portal/client.routes.ts
portal	GET	/portal-users	admin|hr	backend/src/modules/portal/client.routes.ts
portal	GET	/portal-users/:id	admin|hr	backend/src/modules/portal/client.routes.ts
portal	PUT	/portal-users/:id	admin|hr	backend/src/modules/portal/client.routes.ts
portal	POST	/portal-users/:id/deactivate	admin|hr	backend/src/modules/portal/client.routes.ts
portal	POST	/portal-users/:id/reactivate	admin|hr	backend/src/modules/portal/client.routes.ts
portal	GET	/portal-users/:id/activity	admin|hr	backend/src/modules/portal/client.routes.ts
portal	GET	/portal-users/:id/logins	admin|hr	backend/src/modules/portal/client.routes.ts
portal	POST	/portal-users/:id/log-activity	admin	backend/src/modules/portal/client.routes.ts
portal	GET	/portal-users/:id/permissions	admin|hr	backend/src/modules/portal/client.routes.ts
portal	POST	/portal-users/:id/permissions	admin	backend/src/modules/portal/client.routes.ts
portal	DELETE	/portal-users/:id/permissions/:permissionType	admin	backend/src/modules/portal/client.routes.ts
portal	GET	/analytics/user-activity	admin|hr	backend/src/modules/portal/client.routes.ts
portal	GET	/bulk/jobs	admin|hr	backend/src/modules/portal/client.routes.ts
portal	POST	/bulk/jobs	admin|hr	backend/src/modules/portal/client.routes.ts
portal	PATCH	/bulk/jobs/:id/progress	admin|hr	backend/src/modules/portal/client.routes.ts
portal	GET	/health		backend/src/modules/portal/portal.routes.ts
portal	POST	/auth/request-otp		backend/src/modules/portal/portal.routes.ts
portal	POST	/auth/verify-otp		backend/src/modules/portal/portal.routes.ts
portal	POST	/internal/glide-paths	<spread>	backend/src/modules/portal/portal.routes.ts
portal	POST	/internal/action-plans	<spread>	backend/src/modules/portal/portal.routes.ts
portal	PUT	/internal/action-plans/:id	<spread>	backend/src/modules/portal/portal.routes.ts
portal	POST	/internal/governance	<spread>	backend/src/modules/portal/portal.routes.ts
portal	POST	/internal/commentary	<spread>	backend/src/modules/portal/portal.routes.ts
portal	GET	/internal/client-users	admin|hr	backend/src/modules/portal/portal.routes.ts
portal	POST	/internal/client-users	admin|hr	backend/src/modules/portal/portal.routes.ts
portal	POST	/internal/snapshots/prepare	admin|hr	backend/src/modules/portal/portal.routes.ts
portal	GET	/internal/snapshots/queue	admin|hr	backend/src/modules/portal/portal.routes.ts
portal	PATCH	/internal/snapshots/:id/review	admin|hr	backend/src/modules/portal/portal.routes.ts
portal	GET	/internal/snapshots/published	admin|hr	backend/src/modules/portal/portal.routes.ts
portal	PATCH	/internal/snapshots/:id/deactivate	admin|hr	backend/src/modules/portal/portal.routes.ts
portal	GET	/internal/access-log	admin|hr	backend/src/modules/portal/portal.routes.ts
portal	GET	/internal/kpi-templates	admin|hr|finance_head|operations_manager|ceo	backend/src/modules/portal/portal.routes.ts
portal	GET	/internal/client-permissions	admin|hr|super_admin	backend/src/modules/portal/portal.routes.ts
portal	POST	/internal/client-permissions	admin|super_admin	backend/src/modules/portal/portal.routes.ts
portal	DELETE	/internal/client-permissions/:id	admin|super_admin	backend/src/modules/portal/portal.routes.ts
portal	GET	/internal/kpi-assignments	admin|hr|finance_head|operations_manager|ceo	backend/src/modules/portal/portal.routes.ts
portal	POST	/internal/kpi-assignments	admin|hr|finance_head|operations_manager|ceo	backend/src/modules/portal/portal.routes.ts
portal	DELETE	/internal/kpi-assignments/:id	admin|hr	backend/src/modules/portal/portal.routes.ts
portal	GET	/overview		backend/src/modules/portal/portal.routes.ts
portal	GET	/processes/:id/info		backend/src/modules/portal/portal.routes.ts
portal	GET	/processes/:id/kpis		backend/src/modules/portal/portal.routes.ts
portal	GET	/processes/:id/glide-paths		backend/src/modules/portal/portal.routes.ts
portal	GET	/processes/:id/action-plans		backend/src/modules/portal/portal.routes.ts
portal	GET	/processes/:id/governance		backend/src/modules/portal/portal.routes.ts
portal	GET	/processes/:id/attrition		backend/src/modules/portal/portal.routes.ts
portal	GET	/processes/:id/commentary		backend/src/modules/portal/portal.routes.ts
portal	POST	/commentary/:id/acknowledge		backend/src/modules/portal/portal.routes.ts
portal	POST	/commentary/:id/reply		backend/src/modules/portal/portal.routes.ts
privacy	POST	/dpdp-withdrawal/request		backend/src/modules/privacy/dpdp-withdrawal.routes.ts
privacy	GET	/dpdp-withdrawal/my-requests		backend/src/modules/privacy/dpdp-withdrawal.routes.ts
privacy	GET	/dpdp-withdrawal	hr|admin|dpo|compliance|super_admin	backend/src/modules/privacy/dpdp-withdrawal.routes.ts
privacy	GET	/dpdp-withdrawal/stats	hr|admin|dpo|compliance|super_admin	backend/src/modules/privacy/dpdp-withdrawal.routes.ts
privacy	GET	/dpdp-withdrawal/:id		backend/src/modules/privacy/dpdp-withdrawal.routes.ts
privacy	POST	/dpdp-withdrawal/:id/start-review	hr|admin|dpo|compliance	backend/src/modules/privacy/dpdp-withdrawal.routes.ts
privacy	POST	/dpdp-withdrawal/:id/approve	hr|admin|dpo|compliance	backend/src/modules/privacy/dpdp-withdrawal.routes.ts
privacy	POST	/dpdp-withdrawal/:id/reject	hr|admin|dpo|compliance	backend/src/modules/privacy/dpdp-withdrawal.routes.ts
privacy	POST	/dpdp-withdrawal/:id/release-hold	hr|admin|compliance	backend/src/modules/privacy/dpdp-withdrawal.routes.ts
privacy	GET	/dpdp-withdrawal/:id/audit		backend/src/modules/privacy/dpdp-withdrawal.routes.ts
privacy	GET	/dpdp-withdrawal/:id/tasks	hr|admin|dpo|compliance|super_admin	backend/src/modules/privacy/dpdp-withdrawal.routes.ts
privacy	PATCH	/dpdp-withdrawal/:id/tasks/:taskId	hr|admin|dpo|compliance|super_admin	backend/src/modules/privacy/dpdp-withdrawal.routes.ts
privacy	GET	/dpdp-withdrawal/:id/evidence	hr|admin|dpo|compliance|super_admin	backend/src/modules/privacy/dpdp-withdrawal.routes.ts
privacy	POST	/dpdp-withdrawal/:id/evidence	hr|admin|dpo|compliance|super_admin	backend/src/modules/privacy/dpdp-withdrawal.routes.ts
privacy	GET	/grievance-officer		backend/src/modules/privacy/privacy.public.routes.ts
privacy	GET	/consent/my-consents		backend/src/modules/privacy/privacy.routes.ts
privacy	GET	/consent/all	admin|hr|dpo	backend/src/modules/privacy/privacy.routes.ts
privacy	GET	/consent/stats	admin|hr|dpo	backend/src/modules/privacy/privacy.routes.ts
privacy	POST	/consent		backend/src/modules/privacy/privacy.routes.ts
privacy	POST	/consent/withdraw		backend/src/modules/privacy/privacy.routes.ts
privacy	POST	/rights/access		backend/src/modules/privacy/privacy.routes.ts
privacy	POST	/rights/correction		backend/src/modules/privacy/privacy.routes.ts
privacy	POST	/rights/erasure		backend/src/modules/privacy/privacy.routes.ts
privacy	GET	/rights/my-requests		backend/src/modules/privacy/privacy.routes.ts
privacy	GET	/rights/requests	admin|hr|dpo	backend/src/modules/privacy/privacy.routes.ts
privacy	PATCH	/rights/requests/:id	admin|hr|dpo	backend/src/modules/privacy/privacy.routes.ts
privacy	GET	/retention/policies	admin|hr|dpo	backend/src/modules/privacy/privacy.routes.ts
privacy	PUT	/retention/policies/:entityType	admin	backend/src/modules/privacy/privacy.routes.ts
privacy	GET	/config	admin|hr|dpo	backend/src/modules/privacy/privacy.routes.ts
privacy	PUT	/config/:key	admin	backend/src/modules/privacy/privacy.routes.ts
privacy	GET	/breaches	admin|hr	backend/src/modules/privacy/privacy.routes.ts
privacy	POST	/breaches	admin|hr	backend/src/modules/privacy/privacy.routes.ts
privacy	PATCH	/breaches/:id	admin|hr	backend/src/modules/privacy/privacy.routes.ts
privacy	GET	/consent-versions	admin|hr	backend/src/modules/privacy/privacy.routes.ts
privacy	POST	/consent-versions	admin	backend/src/modules/privacy/privacy.routes.ts
privacy	PATCH	/consent-versions/:id/review	admin	backend/src/modules/privacy/privacy.routes.ts
privacy	PATCH	/consent-versions/:id/approve	admin	backend/src/modules/privacy/privacy.routes.ts
privacy	PATCH	/consent-versions/:id/activate	admin	backend/src/modules/privacy/privacy.routes.ts
privacy	GET	/compliance-score	admin|dpo|super_admin	backend/src/modules/privacy/privacy.routes.ts
privacy-engine	GET	/endpoint		backend/src/modules/privacy-engine/privacyContext.middleware.ts
process	GET	/		backend/src/modules/process/process.routes.ts
process	GET	/my-processes		backend/src/modules/process/process.routes.ts
process	GET	/:id		backend/src/modules/process/process.routes.ts
process	GET	/:id/configuration		backend/src/modules/process/process.routes.ts
process	PUT	/:id/configuration	admin|hr	backend/src/modules/process/process.routes.ts
process	POST	/	admin|hr	backend/src/modules/process/process.routes.ts
process	PUT	/:id	admin|hr	backend/src/modules/process/process.routes.ts
process	PATCH	/:id/status	admin|hr	backend/src/modules/process/process.routes.ts
process-performance	GET	/processes	<spread>	backend/src/modules/process-performance/process-performance.routes.ts
process-performance	GET	/filters	<spread>	backend/src/modules/process-performance/process-performance.routes.ts
process-performance	GET	/managers	<spread>	backend/src/modules/process-performance/process-performance.routes.ts
process-performance	GET	/agents	<spread>	backend/src/modules/process-performance/process-performance.routes.ts
process-performance	GET	/detail/:section	<spread>	backend/src/modules/process-performance/process-performance.routes.ts
process-pnl	GET	/branches	<spread>	backend/src/modules/process-pnl/annual-budget-summary.routes.ts
process-pnl	GET	/	<spread>	backend/src/modules/process-pnl/annual-budget-summary.routes.ts
process-pnl	GET	/matrix	<spread>	backend/src/modules/process-pnl/billability.routes.ts
process-pnl	POST	/matrix	<spread>	backend/src/modules/process-pnl/billability.routes.ts
process-pnl	GET	/seat-rates	<spread>	backend/src/modules/process-pnl/billability.routes.ts
process-pnl	GET	/cost-centres	<spread>	backend/src/modules/process-pnl/billability.routes.ts
process-pnl	GET	/cost-centre-activity	<spread>	backend/src/modules/process-pnl/billability.routes.ts
process-pnl	POST	/seat-rates	<spread>	backend/src/modules/process-pnl/billability.routes.ts
process-pnl	GET	/split-candidates	<spread>	backend/src/modules/process-pnl/billability.routes.ts
process-pnl	GET	/allocations/:employeeId	<spread>	backend/src/modules/process-pnl/billability.routes.ts
process-pnl	POST	/allocations/:employeeId	<spread>	backend/src/modules/process-pnl/billability.routes.ts
process-pnl	GET	/exceptions	<spread>	backend/src/modules/process-pnl/billability.routes.ts
process-pnl	GET	/summary		backend/src/modules/process-pnl/bpo-pnl.routes.ts
process-pnl	GET	/processes/:processId		backend/src/modules/process-pnl/bpo-pnl.routes.ts
process-pnl	GET	/export		backend/src/modules/process-pnl/bpo-pnl.routes.ts
process-pnl	GET	/revenue-rules		backend/src/modules/process-pnl/bpo-pnl.routes.ts
process-pnl	GET	/delivery-actuals		backend/src/modules/process-pnl/bpo-pnl.routes.ts
process-pnl	GET	/revenue-components		backend/src/modules/process-pnl/bpo-pnl.routes.ts
process-pnl	GET	/cost-components		backend/src/modules/process-pnl/bpo-pnl.routes.ts
process-pnl	GET	/allocation-policies		backend/src/modules/process-pnl/bpo-pnl.routes.ts
process-pnl	GET	/classification-rules		backend/src/modules/process-pnl/bpo-pnl.routes.ts
process-pnl	POST	/revenue-rules	<spread>	backend/src/modules/process-pnl/bpo-pnl.routes.ts
process-pnl	POST	/delivery-actuals	<spread>	backend/src/modules/process-pnl/bpo-pnl.routes.ts
process-pnl	POST	/revenue-components	<spread>	backend/src/modules/process-pnl/bpo-pnl.routes.ts
process-pnl	POST	/cost-components	<spread>	backend/src/modules/process-pnl/bpo-pnl.routes.ts
process-pnl	POST	/allocation-policies	<spread>	backend/src/modules/process-pnl/bpo-pnl.routes.ts
process-pnl	POST	/classification-rules	<spread>	backend/src/modules/process-pnl/bpo-pnl.routes.ts
process-pnl	GET	/pnl/budgets/capabilities	<spread>	backend/src/modules/process-pnl/budget-coverage.routes.ts
process-pnl	POST	/pnl/budgets	<spread>	backend/src/modules/process-pnl/budget-coverage.routes.ts
process-pnl	GET	/pnl/budgets/:id/coverage	<spread>	backend/src/modules/process-pnl/budget-coverage.routes.ts
process-pnl	PUT	/pnl/budgets/:id/coverage	<spread>	backend/src/modules/process-pnl/budget-coverage.routes.ts
process-pnl	POST	/pnl/budgets/:id/submit	<spread>	backend/src/modules/process-pnl/budget-coverage.routes.ts
process-pnl	GET	/expense-masters	<spread>	backend/src/modules/process-pnl/finance-expense-master.routes.ts
process-pnl	POST	/expense-heads	<spread>	backend/src/modules/process-pnl/finance-expense-master.routes.ts
process-pnl	POST	/expense-sub-heads	<spread>	backend/src/modules/process-pnl/finance-expense-master.routes.ts
process-pnl	DELETE	/expense-heads/:id	<spread>	backend/src/modules/process-pnl/finance-expense-master.routes.ts
process-pnl	DELETE	/expense-sub-heads/:id	<spread>	backend/src/modules/process-pnl/finance-expense-master.routes.ts
process-pnl	POST	/pnl/bulk-upload	<spread>	backend/src/modules/process-pnl/pnl-bulk-upload.routes.ts
process-pnl	GET	/		backend/src/modules/process-pnl/process-lob.routes.ts
process-pnl	POST	/	<spread>	backend/src/modules/process-pnl/process-lob.routes.ts
process-pnl	GET	/plans		backend/src/modules/process-pnl/process-lob.routes.ts
process-pnl	POST	/plans	<spread>	backend/src/modules/process-pnl/process-lob.routes.ts
process-pnl	GET	/commercial		backend/src/modules/process-pnl/process-lob.routes.ts
process-pnl	POST	/revenue-rules	<spread>	backend/src/modules/process-pnl/process-lob.routes.ts
process-pnl	POST	/delivery-actuals	<spread>	backend/src/modules/process-pnl/process-lob.routes.ts
process-pnl	GET	/vendor-payment-attribution/:paymentId	<spread>	backend/src/modules/process-pnl/process-lob.routes.ts
process-pnl	GET	/grn-attribution/pending	<spread>	backend/src/modules/process-pnl/process-lob.routes.ts
process-pnl	GET	/grn-attribution/:grnId	<spread>	backend/src/modules/process-pnl/process-lob.routes.ts
process-pnl	PUT	/grn-attribution/:grnId	<spread>	backend/src/modules/process-pnl/process-lob.routes.ts
process-pnl	GET	/assignments		backend/src/modules/process-pnl/process-lob.routes.ts
process-pnl	POST	/assignments	<spread>	backend/src/modules/process-pnl/process-lob.routes.ts
process-pnl	GET	/diagnostics		backend/src/modules/process-pnl/process-lob.routes.ts
process-pnl	GET	/summary		backend/src/modules/process-pnl/process-lob.routes.ts
process-pnl	GET	/portfolio		backend/src/modules/process-pnl/process-lob.routes.ts
process-pnl	GET	/pnl/budgets	<spread>	backend/src/modules/process-pnl/process-pnl.routes.ts
process-pnl	GET	/pnl/budgets/prior-mirror	<spread>	backend/src/modules/process-pnl/process-pnl.routes.ts
process-pnl	GET	/pnl/budgets/consolidation	<spread>	backend/src/modules/process-pnl/process-pnl.routes.ts
process-pnl	GET	/pnl/budgets/pending-my-review	<spread>	backend/src/modules/process-pnl/process-pnl.routes.ts
process-pnl	GET	/pnl/budgets/:id	<spread>	backend/src/modules/process-pnl/process-pnl.routes.ts
process-pnl	GET	/pnl/budget-lines/available	<spread>	backend/src/modules/process-pnl/process-pnl.routes.ts
process-pnl	GET	/pnl/budget-headroom	<spread>	backend/src/modules/process-pnl/process-pnl.routes.ts
process-pnl	POST	/pnl/budgets/:id/review	<spread>	backend/src/modules/process-pnl/process-pnl.routes.ts
process-pnl	GET	/pnl/budgets/:budgetId/lines/:lineId/tax-amendment-preflight	<spread>	backend/src/modules/process-pnl/process-pnl.routes.ts
process-pnl	PATCH	/pnl/budgets/:budgetId/lines/:lineId/tax-treatment	finance_head|super_admin	backend/src/modules/process-pnl/process-pnl.routes.ts
process-pnl	GET	/pnl/budget-tax-amendments	<spread>	backend/src/modules/process-pnl/process-pnl.routes.ts
process-pnl	POST	/pnl/budget-tax-amendments/:id/review	finance_head|super_admin	backend/src/modules/process-pnl/process-pnl.routes.ts
process-pnl	POST	/pnl/budgets/:budgetId/transfer	finance_head|accounts_head|super_admin	backend/src/modules/process-pnl/process-pnl.routes.ts
process-pnl	POST	/pnl/budget-transfers/:id/review	finance_head|accounts_head|super_admin	backend/src/modules/process-pnl/process-pnl.routes.ts
process-pnl	GET	/pnl/budgets/:budgetId/transfers	finance_head|accounts_head|super_admin	backend/src/modules/process-pnl/process-pnl.routes.ts
process-pnl	GET	/pnl/budgets/:id/cost-centre-utilization	<spread>	backend/src/modules/process-pnl/process-pnl.routes.ts
process-pnl	GET	/pnl/budget-lines/:lineId/grns	<spread>	backend/src/modules/process-pnl/process-pnl.routes.ts
process-pnl	DELETE	/pnl/budgets/:id	super_admin|admin|branch_admin	backend/src/modules/process-pnl/process-pnl.routes.ts
process-pnl	POST	/pnl/budgets/:id/reviewer-revise	<spread>	backend/src/modules/process-pnl/process-pnl.routes.ts
process-pnl	GET	/pnl/budget-topups	<spread>	backend/src/modules/process-pnl/process-pnl.routes.ts
process-pnl	GET	/pnl/budget-topups/:id	<spread>	backend/src/modules/process-pnl/process-pnl.routes.ts
process-pnl	POST	/pnl/budget-topups	<spread>	backend/src/modules/process-pnl/process-pnl.routes.ts
process-pnl	POST	/pnl/budget-topups/:id/review	<spread>	backend/src/modules/process-pnl/process-pnl.routes.ts
process-pnl	POST	/pnl/budget-lines/:lineId/direct-topup	finance_head|super_admin	backend/src/modules/process-pnl/process-pnl.routes.ts
process-pnl	GET	/pnl/budgets/:budgetId/subhead-closure	<spread>	backend/src/modules/process-pnl/process-pnl.routes.ts
process-pnl	POST	/pnl/budgets/:budgetId/subhead-closure/close	<spread>	backend/src/modules/process-pnl/process-pnl.routes.ts
process-pnl	POST	/pnl/budgets/:budgetId/subhead-closure/bulk-close	<spread>	backend/src/modules/process-pnl/process-pnl.routes.ts
process-pnl	POST	/pnl/budgets/:budgetId/subhead-closure/reopen-request	<spread>	backend/src/modules/process-pnl/process-pnl.routes.ts
process-pnl	POST	/pnl/budget-closure-reopen-requests/:id/review	<spread>	backend/src/modules/process-pnl/process-pnl.routes.ts
process-pnl	GET	/pnl/branch-budget/cost-centres	<spread>	backend/src/modules/process-pnl/process-pnl.routes.ts
process-pnl	GET	/pnl/branch-budget/monthly-drivers	<spread>	backend/src/modules/process-pnl/process-pnl.routes.ts
process-pnl	PUT	/pnl/branch-budget/monthly-drivers	<spread>	backend/src/modules/process-pnl/process-pnl.routes.ts
process-pnl	GET	/pnl/branch-budget/meters	<spread>	backend/src/modules/process-pnl/process-pnl.routes.ts
process-pnl	POST	/pnl/branch-budget/meters	<spread>	backend/src/modules/process-pnl/process-pnl.routes.ts
process-pnl	GET	/pnl/branch-budget/meters/:id/reading	<spread>	backend/src/modules/process-pnl/process-pnl.routes.ts
process-pnl	PUT	/pnl/branch-budget/meters/:id/reading	<spread>	backend/src/modules/process-pnl/process-pnl.routes.ts
process-pnl	GET	/pnl/cost-centres/:id/mapping-history	<spread>	backend/src/modules/process-pnl/process-pnl.routes.ts
process-pnl	PUT	/pnl/cost-centres/:id/mapping	<spread>	backend/src/modules/process-pnl/process-pnl.routes.ts
process-pnl	GET	/pnl/saved-views	<spread>	backend/src/modules/process-pnl/process-pnl.routes.ts
process-pnl	POST	/pnl/saved-views	<spread>	backend/src/modules/process-pnl/process-pnl.routes.ts
process-pnl	DELETE	/pnl/saved-views/:id	<spread>	backend/src/modules/process-pnl/process-pnl.routes.ts
process-pnl	GET	/pnl/branch-budget/grade-drivers	<spread>	backend/src/modules/process-pnl/process-pnl.routes.ts
process-pnl	PUT	/pnl/branch-budget/grade-drivers	<spread>	backend/src/modules/process-pnl/process-pnl.routes.ts
process-pnl	GET	/pnl/branch-budget/readiness	<spread>	backend/src/modules/process-pnl/process-pnl.routes.ts
process-pnl	GET	/pnl/ceo-overview	<spread>	backend/src/modules/process-pnl/process-pnl.routes.ts
process-pnl	GET	/pnl/ytd-summary	<spread>	backend/src/modules/process-pnl/process-pnl.routes.ts
process-pnl	GET	/pnl/reconciliation	<spread>	backend/src/modules/process-pnl/process-pnl.routes.ts
process-pnl	GET	/pnl/summary	payroll|payroll_hr|<spread>	backend/src/modules/process-pnl/process-pnl.routes.ts
process-pnl	POST	/pnl/running-salary/refresh	<spread>	backend/src/modules/process-pnl/process-pnl.routes.ts
process-pnl	GET	/pnl/statement		backend/src/modules/process-pnl/process-pnl.routes.ts
process-pnl	GET	/pnl/processes		backend/src/modules/process-pnl/process-pnl.routes.ts
process-pnl	GET	/pnl/processes/:processId/overview		backend/src/modules/process-pnl/process-pnl.routes.ts
process-pnl	GET	/pnl/processes/:processId/revenue		backend/src/modules/process-pnl/process-pnl.routes.ts
process-pnl	GET	/pnl/processes/:processId/workforce		backend/src/modules/process-pnl/process-pnl.routes.ts
process-pnl	GET	/pnl/processes/:processId/people-cost		backend/src/modules/process-pnl/process-pnl.routes.ts
process-pnl	GET	/pnl/processes/:processId/direct-cost		backend/src/modules/process-pnl/process-pnl.routes.ts
process-pnl	GET	/pnl/processes/:processId/indirect-allocation		backend/src/modules/process-pnl/process-pnl.routes.ts
process-pnl	GET	/pnl/processes/:processId/trend		backend/src/modules/process-pnl/process-pnl.routes.ts
process-pnl	GET	/pnl/processes/:processId/reconciliation		backend/src/modules/process-pnl/process-pnl.routes.ts
process-pnl	GET	/pnl/processes/:processId/ledger		backend/src/modules/process-pnl/process-pnl.routes.ts
process-pnl	GET	/pnl/processes/:processId/detail		backend/src/modules/process-pnl/process-pnl.routes.ts
process-pnl	GET	/pnl/processes/:processId/canonical-detail		backend/src/modules/process-pnl/process-pnl.routes.ts
process-pnl	GET	/pnl/config/reference-data		backend/src/modules/process-pnl/process-pnl.routes.ts
process-pnl	GET	/pnl/config/contracts		backend/src/modules/process-pnl/process-pnl.routes.ts
process-pnl	GET	/pnl/config/rates		backend/src/modules/process-pnl/process-pnl.routes.ts
process-pnl	GET	/pnl/config/monthly-plan		backend/src/modules/process-pnl/process-pnl.routes.ts
process-pnl	GET	/pnl/config/periods		backend/src/modules/process-pnl/process-pnl.routes.ts
process-pnl	GET	/pnl/config/adjustments		backend/src/modules/process-pnl/process-pnl.routes.ts
process-pnl	GET	/pnl/period-close		backend/src/modules/process-pnl/process-pnl.routes.ts
process-pnl	GET	/pnl/export		backend/src/modules/process-pnl/process-pnl.routes.ts
process-pnl	POST	/pnl/contracts	<spread>	backend/src/modules/process-pnl/process-pnl.routes.ts
process-pnl	POST	/pnl/rates	<spread>	backend/src/modules/process-pnl/process-pnl.routes.ts
process-pnl	POST	/pnl/monthly-plan	<spread>	backend/src/modules/process-pnl/process-pnl.routes.ts
process-pnl	POST	/pnl/adjustments	<spread>	backend/src/modules/process-pnl/process-pnl.routes.ts
process-pnl	POST	/pnl/adjustments/:adjustmentId/approve	<spread>	backend/src/modules/process-pnl/process-pnl.routes.ts
process-pnl	POST	/pnl/adjustments/:adjustmentId/reject	<spread>	backend/src/modules/process-pnl/process-pnl.routes.ts
process-pnl	POST	/pnl/adjustments/:adjustmentId/reverse	<spread>	backend/src/modules/process-pnl/process-pnl.routes.ts
process-pnl	POST	/pnl/recalculate	<spread>	backend/src/modules/process-pnl/process-pnl.routes.ts
process-pnl	POST	/pnl/period/:periodId/signoff	<spread>	backend/src/modules/process-pnl/process-pnl.routes.ts
process-pnl	POST	/pnl/period/:periodId/lock	<spread>	backend/src/modules/process-pnl/process-pnl.routes.ts
process-pnl	GET	/pnl/reward-penalty	<spread>	backend/src/modules/process-pnl/process-pnl.routes.ts
process-pnl	GET	/pnl/reward-penalty/summary	<spread>	backend/src/modules/process-pnl/process-pnl.routes.ts
process-pnl	POST	/pnl/reward-penalty	<spread>	backend/src/modules/process-pnl/process-pnl.routes.ts
process-pnl	PUT	/pnl/reward-penalty/:id/approve	<spread>	backend/src/modules/process-pnl/process-pnl.routes.ts
process-pnl	PUT	/pnl/reward-penalty/:id/reject	<spread>	backend/src/modules/process-pnl/process-pnl.routes.ts
process-pnl	GET	/	<spread>	backend/src/modules/process-pnl/unlinked-grn-review.routes.ts
public	GET	/masters		backend/src/modules/public/kpi-capture.routes.ts
public	POST	/submissions		backend/src/modules/public/kpi-capture.routes.ts
public	GET	/results/:token		backend/src/modules/public/kpi-capture.routes.ts
public	GET	/		backend/src/modules/public/login-info.routes.ts
push	POST	/subscribe		backend/src/modules/push/push.routes.ts
push	DELETE	/subscribe		backend/src/modules/push/push.routes.ts
push	GET	/subscription-status		backend/src/modules/push/push.routes.ts
quality-dashboard	GET	/kpis		backend/src/modules/quality-dashboard/client-drill.routes.ts
quality-dashboard	GET	/daily		backend/src/modules/quality-dashboard/client-drill.routes.ts
quality-dashboard	GET	/agents		backend/src/modules/quality-dashboard/client-drill.routes.ts
quality-dashboard	GET	/fatal		backend/src/modules/quality-dashboard/client-drill.routes.ts
quality-dashboard	GET	/scenarios		backend/src/modules/quality-dashboard/client-drill.routes.ts
quality-dashboard	GET	/repeat		backend/src/modules/quality-dashboard/client-drill.routes.ts
quality-dashboard	GET	/transcript		backend/src/modules/quality-dashboard/client-drill.routes.ts
quality-dashboard	GET	/clients		backend/src/modules/quality-dashboard/inbound-quality.routes.ts
quality-dashboard	GET	/kpis		backend/src/modules/quality-dashboard/inbound-quality.routes.ts
quality-dashboard	GET	/top-performers		backend/src/modules/quality-dashboard/inbound-quality.routes.ts
quality-dashboard	GET	/daily-scores		backend/src/modules/quality-dashboard/inbound-quality.routes.ts
quality-dashboard	GET	/scenarios		backend/src/modules/quality-dashboard/inbound-quality.routes.ts
quality-dashboard	GET	/social-media-threats		backend/src/modules/quality-dashboard/inbound-quality.routes.ts
quality-dashboard	GET	/social-threat-detail		backend/src/modules/quality-dashboard/inbound-quality.routes.ts
quality-dashboard	GET	/neg-signal-details		backend/src/modules/quality-dashboard/inbound-quality.routes.ts
quality-dashboard	GET	/pos-signal-details		backend/src/modules/quality-dashboard/inbound-quality.routes.ts
quality-dashboard	GET	/transcript		backend/src/modules/quality-dashboard/inbound-quality.routes.ts
quality-dashboard	GET	/score-component-detail		backend/src/modules/quality-dashboard/inbound-quality.routes.ts
quality-dashboard	GET	/potential-scams		backend/src/modules/quality-dashboard/inbound-quality.routes.ts
quality-dashboard	GET	/potential-scams-detail		backend/src/modules/quality-dashboard/inbound-quality.routes.ts
quality-dashboard	GET	/sensitive-word-analysis		backend/src/modules/quality-dashboard/inbound-quality.routes.ts
quality-dashboard	GET	/fatal-analysis		backend/src/modules/quality-dashboard/inbound-quality.routes.ts
quality-dashboard	GET	/fatal-calls-list		backend/src/modules/quality-dashboard/inbound-quality.routes.ts
quality-dashboard	GET	/repeat-analysis		backend/src/modules/quality-dashboard/inbound-quality.routes.ts
quality-dashboard	GET	/agent-audit-band		backend/src/modules/quality-dashboard/inbound-quality.routes.ts
quality-dashboard	GET	/agent-param		backend/src/modules/quality-dashboard/inbound-quality.routes.ts
quality-dashboard	GET	/raw-data		backend/src/modules/quality-dashboard/inbound-quality.routes.ts
quality-dashboard	GET	/clap-voc-quotes		backend/src/modules/quality-dashboard/inbound-quality.routes.ts
quality-dashboard	GET	/clap-product-voc-summary		backend/src/modules/quality-dashboard/inbound-quality.routes.ts
quality-dashboard	GET	/clap-product-voc-quotes		backend/src/modules/quality-dashboard/inbound-quality.routes.ts
quality-dashboard	GET	/clap-intelligence		backend/src/modules/quality-dashboard/inbound-quality.routes.ts
quality-dashboard	GET	/agent-master		backend/src/modules/quality-dashboard/inbound-quality.routes.ts
quality-dashboard	GET	/missing-agents		backend/src/modules/quality-dashboard/inbound-quality.routes.ts
quality-dashboard	POST	/agent-master	super_admin|qa	backend/src/modules/quality-dashboard/inbound-quality.routes.ts
quality-dashboard	GET	/neg-keywords		backend/src/modules/quality-dashboard/inbound-quality.routes.ts
quality-dashboard	POST	/neg-keywords	super_admin|qa	backend/src/modules/quality-dashboard/inbound-quality.routes.ts
quality-dashboard	PATCH	/neg-keywords/:id	super_admin|qa	backend/src/modules/quality-dashboard/inbound-quality.routes.ts
quality-dashboard	POST	/reload-neg-rules	super_admin|qa	backend/src/modules/quality-dashboard/inbound-quality.routes.ts
quality-dashboard	GET	/		backend/src/modules/quality-dashboard/magical-script.routes.ts
quality-dashboard	GET	/audit-forms	<spread>	backend/src/modules/quality-dashboard/qa-audit.routes.ts
quality-dashboard	POST	/audits	<spread>	backend/src/modules/quality-dashboard/qa-audit.routes.ts
quality-dashboard	GET	/audits		backend/src/modules/quality-dashboard/qa-audit.routes.ts
quality-dashboard	GET	/audit-forms/versions	<spread>	backend/src/modules/quality-dashboard/qa-audit.routes.ts
quality-dashboard	POST	/audit-forms	<spread>	backend/src/modules/quality-dashboard/qa-audit.routes.ts
quality-dashboard	POST	/audit-forms/:id/activate	<spread>	backend/src/modules/quality-dashboard/qa-audit.routes.ts
quality-dashboard	GET	/cq-score		backend/src/modules/quality-dashboard/quality-aggregation.routes.ts
quality-dashboard	GET	/weakness-detail		backend/src/modules/quality-dashboard/quality-aggregation.routes.ts
quality-dashboard	GET	/calls-review		backend/src/modules/quality-dashboard/quality-aggregation.routes.ts
quality-dashboard	GET	/call/:callId/detail		backend/src/modules/quality-dashboard/quality-aggregation.routes.ts
quality-dashboard	GET	/summary	<spread>	backend/src/modules/quality-dashboard/quality-dashboard-v2.routes.ts
quality-dashboard	GET	/analyst/:employeeId/calls	<spread>	backend/src/modules/quality-dashboard/quality-dashboard-v2.routes.ts
quality-dashboard	GET	/tni-analysis	<spread>	backend/src/modules/quality-dashboard/quality-dashboard.routes.ts
quality-dashboard	GET	/tni-agent-params	<spread>	backend/src/modules/quality-dashboard/quality-dashboard.routes.ts
quality-dashboard	GET	/inbound-ops/summary	<spread>	backend/src/modules/quality-dashboard/quality-dashboard.routes.ts
quality-dashboard	GET	/summary	<spread>	backend/src/modules/quality-dashboard/quality-dashboard.routes.ts
quality-dashboard	GET	/trend	<spread>	backend/src/modules/quality-dashboard/quality-dashboard.routes.ts
quality-dashboard	GET	/agents	<spread>	backend/src/modules/quality-dashboard/quality-dashboard.routes.ts
quality-dashboard	GET	/clients	<spread>	backend/src/modules/quality-dashboard/quality-dashboard.routes.ts
quality-dashboard	GET	/apr	<spread>	backend/src/modules/quality-dashboard/quality-dashboard.routes.ts
quality-dashboard	GET	/apr-summary	<spread>	backend/src/modules/quality-dashboard/quality-dashboard.routes.ts
quality-dashboard	GET	/sales-intelligence	<spread>	backend/src/modules/quality-dashboard/quality-dashboard.routes.ts
quality-dashboard	GET	/objections	<spread>	backend/src/modules/quality-dashboard/quality-dashboard.routes.ts
quality-dashboard	GET	/fraud-signals	<spread>	backend/src/modules/quality-dashboard/quality-dashboard.routes.ts
quality-dashboard	GET	/sales-funnel	<spread>	backend/src/modules/quality-dashboard/quality-dashboard.routes.ts
quality-dashboard	GET	/heatmap	<spread>	backend/src/modules/quality-dashboard/quality-dashboard.routes.ts
quality-dashboard	GET	/agent-risk	<spread>	backend/src/modules/quality-dashboard/quality-dashboard.routes.ts
quality-dashboard	GET	/insights	<spread>	backend/src/modules/quality-dashboard/quality-dashboard.routes.ts
quality-dashboard	GET	/roi	<spread>	backend/src/modules/quality-dashboard/quality-dashboard.routes.ts
quality-dashboard	GET	/objections/patterns	<spread>	backend/src/modules/quality-dashboard/quality-dashboard.routes.ts
quality-dashboard	GET	/objections/handlers	<spread>	backend/src/modules/quality-dashboard/quality-dashboard.routes.ts
quality-dashboard	GET	/objections/sales-metrics	<spread>	backend/src/modules/quality-dashboard/quality-dashboard.routes.ts
quality-dashboard	GET	/objections/by-process	<spread>	backend/src/modules/quality-dashboard/quality-dashboard.routes.ts
quality-dashboard	GET	/objections/rebuttals	<spread>	backend/src/modules/quality-dashboard/quality-dashboard.routes.ts
quality-dashboard	GET	/objections/health	<spread>	backend/src/modules/quality-dashboard/quality-dashboard.routes.ts
quality-dashboard	GET	/objections/comprehensive-report	<spread>	backend/src/modules/quality-dashboard/quality-dashboard.routes.ts
quality-dashboard	GET	/scores	<spread>	backend/src/modules/quality-dashboard/quality-dashboard.routes.ts
quality-dashboard	GET	/quality-summary	admin|CEO_DASHBOARD|SUPER_ADMIN_DASHBOARD|<spread>	backend/src/modules/quality-dashboard/quality-executive.routes.ts
quality-dashboard	GET	/quality-summary/process-breakdown	admin|CEO_DASHBOARD|SUPER_ADMIN_DASHBOARD|<spread>	backend/src/modules/quality-dashboard/quality-executive.routes.ts
quality-dashboard	GET	/targets	<spread>	backend/src/modules/quality-dashboard/quality-governance.routes.ts
quality-dashboard	GET	/targets/missing	<spread>	backend/src/modules/quality-dashboard/quality-governance.routes.ts
quality-dashboard	POST	/targets	<spread>	backend/src/modules/quality-dashboard/quality-governance.routes.ts
quality-dashboard	PATCH	/targets/:id	<spread>	backend/src/modules/quality-dashboard/quality-governance.routes.ts
quality-dashboard	POST	/targets/:id/simulate-review	<spread>	backend/src/modules/quality-dashboard/quality-governance.routes.ts
quality-dashboard	POST	/targets/:id/submit	<spread>	backend/src/modules/quality-dashboard/quality-governance.routes.ts
quality-dashboard	POST	/targets/:id/approve	<spread>	backend/src/modules/quality-dashboard/quality-governance.routes.ts
quality-dashboard	POST	/targets/:id/reject	<spread>	backend/src/modules/quality-dashboard/quality-governance.routes.ts
quality-dashboard	POST	/targets/:id/activate	<spread>	backend/src/modules/quality-dashboard/quality-governance.routes.ts
quality-dashboard	POST	/targets/:id/deactivate	<spread>	backend/src/modules/quality-dashboard/quality-governance.routes.ts
quality-dashboard	GET	/targets/:processId/history	<spread>	backend/src/modules/quality-dashboard/quality-governance.routes.ts
quality-dashboard	POST	/simulate	<spread>	backend/src/modules/quality-dashboard/quality-governance.routes.ts
quality-dashboard	GET	/health	<spread>	backend/src/modules/quality-dashboard/quality-governance.routes.ts
quality-dashboard	GET	/team-quality		backend/src/modules/quality-dashboard/quality-manager.routes.ts
quality-dashboard	GET	/quality-audit	qa	backend/src/modules/quality-dashboard/quality-qa.routes.ts
reporting	POST	/flag-retention	<spread>	backend/src/modules/reporting/aon-retention-flag.routes.ts
reporting	GET	/		backend/src/modules/reporting/bpo-master-report.routes.ts
reporting	GET	/validation/source-accuracy		backend/src/modules/reporting/bpo-master-report.routes.ts
reporting	GET	/:code		backend/src/modules/reporting/bpo-master-report.routes.ts
reporting	GET	/		backend/src/modules/reporting/deep-report.routes.ts
reporting	GET	/:code		backend/src/modules/reporting/deep-report.routes.ts
reporting	GET	/:code/overview		backend/src/modules/reporting/deep-report.routes.ts
reporting	GET	/source-verification		backend/src/modules/reporting/journey-audit-report.routes.ts
reporting	GET	/interview-to-exit		backend/src/modules/reporting/journey-audit-report.routes.ts
reporting	GET	/audit-compliance-ledger		backend/src/modules/reporting/journey-audit-report.routes.ts
reporting	GET	/		backend/src/modules/reporting/report-admin-audit.routes.ts
reporting	GET	/overview-stats		backend/src/modules/reporting/report-admin-audit.routes.ts
reporting	GET	/:requestId		backend/src/modules/reporting/report-admin-audit.routes.ts
reporting	POST	/:requestId/retry		backend/src/modules/reporting/report-admin-audit.routes.ts
reporting	POST	/:requestId/cancel		backend/src/modules/reporting/report-admin-audit.routes.ts
reporting	GET	/available		backend/src/modules/reporting/report-request.routes.ts
reporting	POST	/:reportCode/preview-request		backend/src/modules/reporting/report-request.routes.ts
reporting	POST	/:reportCode/request		backend/src/modules/reporting/report-request.routes.ts
reporting	GET	/my-requests		backend/src/modules/reporting/report-request.routes.ts
reporting	GET	/my-requests/:requestId		backend/src/modules/reporting/report-request.routes.ts
reporting	POST	/my-requests/:requestId/cancel		backend/src/modules/reporting/report-request.routes.ts
reporting	GET	/my-email		backend/src/modules/reporting/report-request.routes.ts
reporting	GET	/employee-movement		backend/src/modules/reporting/report-suite-highrisk.routes.ts
reporting	GET	/payroll-register		backend/src/modules/reporting/report-suite-highrisk.routes.ts
reporting	GET	/payroll-variance		backend/src/modules/reporting/report-suite-highrisk.routes.ts
reporting	GET	/payslip-status		backend/src/modules/reporting/report-suite-highrisk.routes.ts
reporting	GET	/catalog		backend/src/modules/reporting/report-suite.routes.ts
reporting	GET	/:code/export		backend/src/modules/reporting/report-suite.routes.ts
reporting	GET	/meta/:code		backend/src/modules/reporting/report-suite.routes.ts
reporting	POST	/identity-source-snapshot/sync	admin|super_admin	backend/src/modules/reporting/report-suite.routes.ts
reporting	GET	/:code		backend/src/modules/reporting/report-suite.routes.ts
reporting	GET	/leave-balances		backend/src/modules/reporting/reporting.leave-balance.routes.ts
reporting	GET	/		backend/src/modules/reporting/reporting.routes.ts
reporting	GET	/analytics-overview		backend/src/modules/reporting/reporting.routes.ts
reporting	GET	/leave-balances		backend/src/modules/reporting/reporting.routes.ts
reporting	POST	/:code/run		backend/src/modules/reporting/reporting.routes.ts
reporting	GET	/catalog		backend/src/modules/reporting/reporting.routes.ts
reporting	GET	/download/:token		backend/src/modules/reporting/reporting.routes.ts
revenue-risk	GET	/contracts		backend/src/modules/revenue-risk/revenue-risk.routes.ts
revenue-risk	POST	/contracts		backend/src/modules/revenue-risk/revenue-risk.routes.ts
revenue-risk	GET	/snapshot		backend/src/modules/revenue-risk/revenue-risk.routes.ts
revenue-risk	POST	/calculate		backend/src/modules/revenue-risk/revenue-risk.routes.ts
revenue-risk	POST	/generate-daily		backend/src/modules/revenue-risk/revenue-risk.routes.ts
roster	GET	/config/:processId/:dayOfWeek	wfm|admin	backend/src/modules/roster/roster-capacity.routes.ts
roster	PATCH	/config/:processId/:dayOfWeek	wfm|admin	backend/src/modules/roster/roster-capacity.routes.ts
roster	GET	/capacity/:processId	process_manager|wfm|admin	backend/src/modules/roster/roster-capacity.routes.ts
roster	POST	/allocate	wfm|admin	backend/src/modules/roster/roster-capacity.routes.ts
roster	GET	/allocations	process_manager|wfm|admin	backend/src/modules/roster/roster-capacity.routes.ts
roster	GET	/notifications/:employeeId		backend/src/modules/roster/roster-capacity.routes.ts
roster	PATCH	/notifications/:notificationId/read		backend/src/modules/roster/roster-capacity.routes.ts
roster	POST	/preference/submit		backend/src/modules/roster/roster-capacity.routes.ts
roster	GET	/templates	admin|hr|wfm	backend/src/modules/roster/roster-master.routes.ts
roster	POST	/templates	admin|wfm	backend/src/modules/roster/roster-master.routes.ts
roster	GET	/templates/:id	admin|hr|wfm	backend/src/modules/roster/roster-master.routes.ts
roster	PATCH	/templates/:id	admin|wfm	backend/src/modules/roster/roster-master.routes.ts
roster	DELETE	/templates/:id	admin	backend/src/modules/roster/roster-master.routes.ts
roster	POST	/week-off-preferences		backend/src/modules/roster/roster-master.routes.ts
roster	GET	/week-off-preferences/me		backend/src/modules/roster/roster-master.routes.ts
roster	GET	/week-off-preferences	admin|hr|wfm|process_manager	backend/src/modules/roster/roster-master.routes.ts
roster	POST	/week-off-preferences/:employee_id/approve	admin|hr|wfm|process_manager	backend/src/modules/roster/roster-master.routes.ts
roster	POST	/generate	admin|wfm|process_manager	backend/src/modules/roster/roster-master.routes.ts
roster	GET	/validate-support-ratio	admin|hr|wfm|process_manager	backend/src/modules/roster/roster-master.routes.ts
roster	GET	/shifts/templates		backend/src/modules/roster/roster.governance.routes.ts
roster	POST	/shifts/templates		backend/src/modules/roster/roster.governance.routes.ts
roster	GET	/week-off-policy-default		backend/src/modules/roster/roster.governance.routes.ts
roster	GET	/week-off-policy-default/:id		backend/src/modules/roster/roster.governance.routes.ts
roster	POST	/week-off-policy-default		backend/src/modules/roster/roster.governance.routes.ts
roster	PATCH	/week-off-policy-default/:id		backend/src/modules/roster/roster.governance.routes.ts
roster	DELETE	/week-off-policy-default/:id		backend/src/modules/roster/roster.governance.routes.ts
roster	GET	/my-cycles		backend/src/modules/roster/roster.governance.routes.ts
roster	GET	/cycles		backend/src/modules/roster/roster.governance.routes.ts
roster	POST	/cycles		backend/src/modules/roster/roster.governance.routes.ts
roster	POST	/cycles/:id/status		backend/src/modules/roster/roster.governance.routes.ts
roster	GET	/cycles/:id/assignments		backend/src/modules/roster/roster.governance.routes.ts
roster	POST	/cycles/:id/assignments/bulk		backend/src/modules/roster/roster.governance.routes.ts
roster	POST	/cycles/:id/acknowledge		backend/src/modules/roster/roster.governance.routes.ts
roster	GET	/my-roster/:cycleId		backend/src/modules/roster/roster.governance.routes.ts
roster	GET	/cycles/:cycleId/amendments		backend/src/modules/roster/roster.governance.routes.ts
roster	POST	/cycles/:cycleId/amendments		backend/src/modules/roster/roster.governance.routes.ts
roster	GET	/cycles/:id/changes		backend/src/modules/roster/roster.governance.routes.ts
roster	POST	/cycles/:id/changes		backend/src/modules/roster/roster.governance.routes.ts
roster	POST	/coverage-actions		backend/src/modules/roster/roster.governance.routes.ts
roster	POST	/coverage-actions/:id/resolve		backend/src/modules/roster/roster.governance.routes.ts
roster	GET	/portal-aggregate		backend/src/modules/roster/roster.governance.routes.ts
roster	POST	/cycles/:id/generate		backend/src/modules/roster/roster.governance.routes.ts
roster	GET	/cycles/:id/generation-runs		backend/src/modules/roster/roster.governance.routes.ts
roster	GET	/runs/:runId/decision-audit		backend/src/modules/roster/roster.governance.routes.ts
roster	GET	/cycles/:id/assignments/:employeeId/ack		backend/src/modules/roster/roster.governance.routes.ts
roster	POST	/assignments/:id/acknowledge		backend/src/modules/roster/roster.governance.routes.ts
roster	POST	/assignments/:id/dispute		backend/src/modules/roster/roster.governance.routes.ts
roster	GET	/manager-review-queue		backend/src/modules/roster/roster.governance.routes.ts
roster	POST	/assignments/:id/resolve-dispute		backend/src/modules/roster/roster.governance.routes.ts
roster	GET	/weekoff/capacity		backend/src/modules/roster/roster.governance.routes.ts
roster	POST	/weekoff/run-allocation		backend/src/modules/roster/roster.governance.routes.ts
roster	GET	/cycles/:id/rta-sync-log		backend/src/modules/roster/roster.governance.routes.ts
roster	POST	/cycles/:id/push-to-rta		backend/src/modules/roster/roster.governance.routes.ts
roster	GET	/my-cycles		backend/src/modules/roster/roster.self.secure.routes.ts
roster	GET	/my-roster/:cycleId		backend/src/modules/roster/roster.self.secure.routes.ts
roster	POST	/weekoff-preferences		backend/src/modules/roster/weekoff-preference.routes.ts
roster	GET	/weekoff-preferences		backend/src/modules/roster/weekoff-preference.routes.ts
roster	PATCH	/weekoff-preferences/bulk-review		backend/src/modules/roster/weekoff-preference.routes.ts
roster	PATCH	/weekoff-preferences/:id		backend/src/modules/roster/weekoff-preference.routes.ts
rta	POST	/reconcile	admin|hr|wfm|process_manager	backend/src/modules/rta/rta.routes.ts
rta	GET	/reconciliation	admin|hr|wfm|process_manager|finance|payroll	backend/src/modules/rta/rta.routes.ts
rta	GET	/live-summary	admin|hr|wfm|process_manager|team_leader|assistant_manager|manager	backend/src/modules/rta/rta.routes.ts
rta	GET	/shrinkage	admin|hr|wfm|process_manager|finance	backend/src/modules/rta/rta.routes.ts
rta	POST	/shrinkage/snapshot	admin|hr|wfm	backend/src/modules/rta/rta.routes.ts
rta	GET	/alerts	admin|hr|wfm|process_manager|team_leader|assistant_manager	backend/src/modules/rta/rta.routes.ts
rta	PATCH	/alerts/:id/acknowledge	admin|hr|wfm|process_manager|team_leader	backend/src/modules/rta/rta.routes.ts
rta	POST	/leave-impact/:leaveRequestId	admin|hr|wfm	backend/src/modules/rta/rta.routes.ts
rta	GET	/leave-impact	admin|hr|wfm|process_manager	backend/src/modules/rta/rta.routes.ts
rta	POST	/payroll-readiness/generate	admin|finance|payroll	backend/src/modules/rta/rta.routes.ts
rta	GET	/payroll-readiness	admin|finance|payroll|hr	backend/src/modules/rta/rta.routes.ts
rta	GET	/live-stream		backend/src/modules/rta/rta.routes.ts
rta	GET	/final-roster-state	admin|wfm|hr|manager|operations_manager	backend/src/modules/rta/rta.routes.ts
salary-change	GET	/employee/:employeeId	<spread>	backend/src/modules/salary-change/salary-change.routes.ts
salary-change	POST	/:employeeId	<spread>	backend/src/modules/salary-change/salary-change.routes.ts
salary-dispute	POST	/		backend/src/modules/salary-dispute/salary-dispute.routes.ts
salary-dispute	GET	/my		backend/src/modules/salary-dispute/salary-dispute.routes.ts
salary-dispute	GET	/queue/wfm	wfm|payroll_hr|payroll|super_admin	backend/src/modules/salary-dispute/salary-dispute.routes.ts
salary-dispute	GET	/queue/payroll-head	payroll_head|super_admin	backend/src/modules/salary-dispute/salary-dispute.routes.ts
salary-dispute	GET	/queue/manager	manager|branch_head|process_manager|super_admin	backend/src/modules/salary-dispute/salary-dispute.routes.ts
salary-dispute	GET	/:id		backend/src/modules/salary-dispute/salary-dispute.routes.ts
salary-dispute	POST	/:id/wfm-review	wfm|payroll_hr|payroll|super_admin	backend/src/modules/salary-dispute/salary-dispute.routes.ts
salary-dispute	POST	/:id/payroll-head-review	payroll_head|super_admin	backend/src/modules/salary-dispute/salary-dispute.routes.ts
salary-dispute	GET	/:id/salary-details	wfm|payroll_hr|payroll|payroll_head|super_admin	backend/src/modules/salary-dispute/salary-dispute.routes.ts
salary-dispute	POST	/calculate-differential	wfm|payroll_hr|payroll|super_admin	backend/src/modules/salary-dispute/salary-dispute.routes.ts
salary-dispute	POST	/:id/withdraw		backend/src/modules/salary-dispute/salary-dispute.routes.ts
salary-dispute	POST	/:id/appeal		backend/src/modules/salary-dispute/salary-dispute.routes.ts
salary-dispute	GET	/:id/audit-log	wfm|payroll_hr|payroll|payroll_head|super_admin	backend/src/modules/salary-dispute/salary-dispute.routes.ts
salary-dispute	GET	/:id/attachments		backend/src/modules/salary-dispute/salary-dispute.routes.ts
salary-dispute	POST	/:id/attachments		backend/src/modules/salary-dispute/salary-dispute.routes.ts
salary-dispute	DELETE	/attachments/:attachmentId		backend/src/modules/salary-dispute/salary-dispute.routes.ts
salary-dispute	GET	/admin/sla-breached	payroll_head|super_admin|cfo	backend/src/modules/salary-dispute/salary-dispute.routes.ts
salary-increment	GET	/		backend/src/modules/salary-increment/salaryIncrement.routes.ts
salary-increment	GET	/:id	admin|hr|finance	backend/src/modules/salary-increment/salaryIncrement.routes.ts
salary-increment	GET	/:id/audit	admin|hr|finance	backend/src/modules/salary-increment/salaryIncrement.routes.ts
salary-increment	POST	/	admin|hr	backend/src/modules/salary-increment/salaryIncrement.routes.ts
salary-increment	POST	/:id/action		backend/src/modules/salary-increment/salaryIncrement.routes.ts
salary-revision	POST	/	<spread>	backend/src/modules/salary-revision/salary-revision.routes.ts
salary-revision	GET	/	<spread>	backend/src/modules/salary-revision/salary-revision.routes.ts
salary-revision	POST	/:id/review	<spread>	backend/src/modules/salary-revision/salary-revision.routes.ts
sales-upload	GET	/health		backend/src/modules/sales-upload/sales-upload.routes.ts
sales-upload	GET	/bellavita-dashboard		backend/src/modules/sales-upload/sales-upload.routes.ts
sales-upload	GET	/gnc-dashboard		backend/src/modules/sales-upload/sales-upload.routes.ts
sales-upload	GET	/logs		backend/src/modules/sales-upload/sales-upload.routes.ts
sales-upload	GET	/neemans-dashboard		backend/src/modules/sales-upload/sales-upload.routes.ts
sales-upload	GET	/neemans-apr-dashboard		backend/src/modules/sales-upload/sales-upload.routes.ts
sales-upload	GET	/neemans-abc-cart-snap		backend/src/modules/sales-upload/sales-upload.routes.ts
sales-upload	GET	/neemans-targets		backend/src/modules/sales-upload/sales-upload.routes.ts
sales-upload	POST	/neemans-targets	super_admin|admin|operations_manager	backend/src/modules/sales-upload/sales-upload.routes.ts
sales-upload	GET	/nms-agent-details		backend/src/modules/sales-upload/sales-upload.routes.ts
sales-upload	POST	/nms-agent-details	super_admin|admin|operations_manager	backend/src/modules/sales-upload/sales-upload.routes.ts
sales-upload	PUT	/nms-agent-details/:id	super_admin|admin|operations_manager	backend/src/modules/sales-upload/sales-upload.routes.ts
sales-upload	DELETE	/nms-agent-details/:id	super_admin|admin	backend/src/modules/sales-upload/sales-upload.routes.ts
sales-upload	POST	/upload/:type	super_admin|admin|sales|operations_manager	backend/src/modules/sales-upload/sales-upload.routes.ts
sales-upload	DELETE	/batch/:batchId	super_admin|admin|operations_manager	backend/src/modules/sales-upload/sales-upload.routes.ts
sales-upload	POST	/upload-neemans-sale-raw	super_admin|admin|sales|operations_manager	backend/src/modules/sales-upload/sales-upload.routes.ts
sales-upload	POST	/upload-neemans-allocation	super_admin|admin|sales|operations_manager	backend/src/modules/sales-upload/sales-upload.routes.ts
sales-upload	POST	/upload-neemans-apr	super_admin|admin|sales|operations_manager	backend/src/modules/sales-upload/sales-upload.routes.ts
security	GET	/summary		backend/src/modules/security/security-center.routes.ts
security	GET	/events		backend/src/modules/security/security-center.routes.ts
security	POST	/events		backend/src/modules/security/security-center.routes.ts
security	POST	/export-audit		backend/src/modules/security/security-center.routes.ts
social-feed	GET	/posts		backend/src/modules/social-feed/social-feed.routes.ts
social-feed	GET	/admin/config	super_admin|hr_admin	backend/src/modules/social-feed/social-feed.routes.ts
social-feed	POST	/admin/config	super_admin|hr_admin	backend/src/modules/social-feed/social-feed.routes.ts
social-feed	POST	/admin/sync	super_admin|hr_admin	backend/src/modules/social-feed/social-feed.routes.ts
uat-pipeline	POST	/build/:id/prompt		backend/src/modules/uat-pipeline/uat-internal.routes.ts
uat-pipeline	GET	/build/:id/allowed		backend/src/modules/uat-pipeline/uat-internal.routes.ts
uat-pipeline	POST	/build/:id/evidence		backend/src/modules/uat-pipeline/uat-internal.routes.ts
uat-pipeline	POST	/build/:id/result		backend/src/modules/uat-pipeline/uat-internal.routes.ts
uat-pipeline	POST	/feedback		backend/src/modules/uat-pipeline/uat-pipeline.routes.ts
uat-pipeline	GET	/feedback/similar		backend/src/modules/uat-pipeline/uat-pipeline.routes.ts
uat-pipeline	POST	/feedback/:id/me-too		backend/src/modules/uat-pipeline/uat-pipeline.routes.ts
uat-pipeline	GET	/feedback		backend/src/modules/uat-pipeline/uat-pipeline.routes.ts
uat-pipeline	GET	/feedback/:id		backend/src/modules/uat-pipeline/uat-pipeline.routes.ts
uat-pipeline	GET	/feedback/:id/timeline		backend/src/modules/uat-pipeline/uat-pipeline.routes.ts
uat-pipeline	GET	/feedback/:id/scan	<spread>	backend/src/modules/uat-pipeline/uat-pipeline.routes.ts
uat-pipeline	GET	/feedback/:id/comments		backend/src/modules/uat-pipeline/uat-pipeline.routes.ts
uat-pipeline	POST	/feedback/:id/comments		backend/src/modules/uat-pipeline/uat-pipeline.routes.ts
uat-pipeline	POST	/feedback/:id/attachments		backend/src/modules/uat-pipeline/uat-pipeline.routes.ts
uat-pipeline	GET	/feedback/:id/attachments		backend/src/modules/uat-pipeline/uat-pipeline.routes.ts
uat-pipeline	GET	/attachments/:attachmentId/download		backend/src/modules/uat-pipeline/uat-pipeline.routes.ts
uat-pipeline	DELETE	/attachments/:attachmentId		backend/src/modules/uat-pipeline/uat-pipeline.routes.ts
uat-pipeline	POST	/feedback/:id/assign	<spread>	backend/src/modules/uat-pipeline/uat-pipeline.routes.ts
uat-pipeline	POST	/feedback/:id/duplicate	<spread>	backend/src/modules/uat-pipeline/uat-pipeline.routes.ts
uat-pipeline	GET	/feedback/:id/approvals	<spread>	backend/src/modules/uat-pipeline/uat-pipeline.routes.ts
uat-pipeline	POST	/feedback/:id/approvals/decide	<spread>	backend/src/modules/uat-pipeline/uat-pipeline.routes.ts
uat-pipeline	POST	/delegations	<spread>	backend/src/modules/uat-pipeline/uat-pipeline.routes.ts
uat-pipeline	POST	/releases	<spread>	backend/src/modules/uat-pipeline/uat-pipeline.routes.ts
uat-pipeline	POST	/feedback/:id/deploy	<spread>	backend/src/modules/uat-pipeline/uat-pipeline.routes.ts
uat-pipeline	POST	/feedback/:id/retest		backend/src/modules/uat-pipeline/uat-pipeline.routes.ts
uat-pipeline	GET	/feedback/:id/retests		backend/src/modules/uat-pipeline/uat-pipeline.routes.ts
uat-pipeline	POST	/feedback/:id/release	<spread>	backend/src/modules/uat-pipeline/uat-pipeline.routes.ts
uat-pipeline	POST	/feedback/:id/verify		backend/src/modules/uat-pipeline/uat-pipeline.routes.ts
uat-pipeline	POST	/feedback/:id/rollback	<spread>	backend/src/modules/uat-pipeline/uat-pipeline.routes.ts
uat-pipeline	POST	/feedback/:id/rollback/complete	<spread>	backend/src/modules/uat-pipeline/uat-pipeline.routes.ts
uat-pipeline	GET	/control-plane	<spread>	backend/src/modules/uat-pipeline/uat-pipeline.routes.ts
uat-pipeline	GET	/health	<spread>	backend/src/modules/uat-pipeline/uat-pipeline.routes.ts
uat-pipeline	GET	/checklist	<spread>	backend/src/modules/uat-pipeline/uat-pipeline.routes.ts
uat-pipeline	GET	/feedback/:id/checklist	<spread>	backend/src/modules/uat-pipeline/uat-pipeline.routes.ts
uat-pipeline	GET	/feedback/:id/llm-calls	<spread>	backend/src/modules/uat-pipeline/uat-pipeline.routes.ts
uat-pipeline	POST	/feedback/:id/evaluate	<spread>	backend/src/modules/uat-pipeline/uat-pipeline.routes.ts
uat-pipeline	POST	/feedback/:id/change-type	<spread>	backend/src/modules/uat-pipeline/uat-pipeline.routes.ts
uat-pipeline	GET	/feedback/:id/governance	<spread>	backend/src/modules/uat-pipeline/uat-pipeline.routes.ts
uat-pipeline	GET	/change-type-policy	<spread>	backend/src/modules/uat-pipeline/uat-pipeline.routes.ts
uat-pipeline	POST	/feedback/:id/generate-prompt	<spread>	backend/src/modules/uat-pipeline/uat-pipeline.routes.ts
uat-pipeline	GET	/feedback/:id/prompt	<spread>	backend/src/modules/uat-pipeline/uat-pipeline.routes.ts
uat-pipeline	POST	/feedback/:id/prompt/decide	<spread>	backend/src/modules/uat-pipeline/uat-pipeline.routes.ts
uat-pipeline	GET	/config	<spread>	backend/src/modules/uat-pipeline/uat-pipeline.routes.ts
visitor	GET	/branches		backend/src/modules/visitor/visitor-public.routes.ts
visitor	GET	/hosts		backend/src/modules/visitor/visitor-public.routes.ts
visitor	POST	/register		backend/src/modules/visitor/visitor-public.routes.ts
visitor	GET	/status/:trackingToken		backend/src/modules/visitor/visitor-public.routes.ts
visitor	POST	/consent		backend/src/modules/visitor/visitor-public.routes.ts
visitor	POST	/checkout-request		backend/src/modules/visitor/visitor-public.routes.ts
visitor	GET	/gate/visits		backend/src/modules/visitor/visitor-public.routes.ts
visitor	POST	/gate/check-in		backend/src/modules/visitor/visitor-public.routes.ts
visitor	POST	/gate/check-out		backend/src/modules/visitor/visitor-public.routes.ts
visitor	POST	/desk/visits		backend/src/modules/visitor/visitor-security.routes.ts
visitor	POST	/visits/:id/check-in		backend/src/modules/visitor/visitor-security.routes.ts
visitor	POST	/visits/:id/check-out		backend/src/modules/visitor/visitor-security.routes.ts
visitor	GET	/emergency-register		backend/src/modules/visitor/visitor-security.routes.ts
visitor	GET	/occupancy		backend/src/modules/visitor/visitor-security.routes.ts
visitor	GET	/hosts		backend/src/modules/visitor/visitor.routes.ts
visitor	GET	/visits		backend/src/modules/visitor/visitor.routes.ts
visitor	GET	/visits/:id		backend/src/modules/visitor/visitor.routes.ts
visitor	POST	/invitations		backend/src/modules/visitor/visitor.routes.ts
visitor	POST	/visits/:id/approve		backend/src/modules/visitor/visitor.routes.ts
visitor	POST	/visits/:id/reject		backend/src/modules/visitor/visitor.routes.ts
visitor	POST	/visits/:id/extend		backend/src/modules/visitor/visitor.routes.ts
wfm	POST	/apr-bulk-upload	wfm|hr|payroll_head|super_admin|admin	backend/src/modules/wfm/attendance-apr-bulk.routes.ts
wfm	GET	/daily		backend/src/modules/wfm/attendance-daily-scoped.routes.ts
wfm	GET	/rules		backend/src/modules/wfm/attendance-engine.routes.ts
wfm	GET	/rules/resolve		backend/src/modules/wfm/attendance-engine.routes.ts
wfm	POST	/rules	admin	backend/src/modules/wfm/attendance-engine.routes.ts
wfm	PATCH	/rules/:id	admin	backend/src/modules/wfm/attendance-engine.routes.ts
wfm	DELETE	/rules/:id	admin	backend/src/modules/wfm/attendance-engine.routes.ts
wfm	POST	/process	admin|hr|wfm	backend/src/modules/wfm/attendance-engine.routes.ts
wfm	GET	/daily		backend/src/modules/wfm/attendance-engine.routes.ts
wfm	GET	/ncosec-monthly		backend/src/modules/wfm/attendance-engine.routes.ts
wfm	GET	/apr-monthly		backend/src/modules/wfm/attendance-engine.routes.ts
wfm	GET	/attendance-source/:employeeId		backend/src/modules/wfm/attendance-engine.routes.ts
wfm	GET	/today-live		backend/src/modules/wfm/attendance-engine.routes.ts
wfm	GET	/daily/:employeeId/:date		backend/src/modules/wfm/attendance-engine.routes.ts
wfm	PATCH	/daily/:employeeId/:date	admin|hr|wfm	backend/src/modules/wfm/attendance-engine.routes.ts
wfm	GET	/summary/:employeeId/:month		backend/src/modules/wfm/attendance-engine.routes.ts
wfm	POST	/clock-in		backend/src/modules/wfm/attendance-engine.routes.ts
wfm	POST	/clock-out		backend/src/modules/wfm/attendance-engine.routes.ts
wfm	POST	/engine/trigger-batch	admin|wfm|super_admin	backend/src/modules/wfm/attendance-engine.routes.ts
wfm	POST	/:employeeId/:date/unlock	admin|wfm|super_admin	backend/src/modules/wfm/attendance-engine.routes.ts
wfm	GET	/	<spread>	backend/src/modules/wfm/attendance-exceptions.routes.ts
wfm	GET	/summary	<spread>	backend/src/modules/wfm/attendance-exceptions.routes.ts
wfm	POST	/	payroll_head|super_admin|admin	backend/src/modules/wfm/attendance-manual-mark.routes.ts
wfm	GET	/introspect	admin|hr|wfm|process_manager	backend/src/modules/wfm/auto-roster-synced.routes.ts
wfm	GET	/masters	admin|hr|wfm|process_manager|ceo	backend/src/modules/wfm/auto-roster-synced.routes.ts
wfm	GET	/requirements	admin|hr|wfm|process_manager|branch_head|operations_manager|ceo	backend/src/modules/wfm/auto-roster-synced.routes.ts
wfm	POST	/requirements	admin|wfm	backend/src/modules/wfm/auto-roster-synced.routes.ts
wfm	GET	/plans	admin|hr|wfm|process_manager|branch_head|operations_manager|ceo	backend/src/modules/wfm/auto-roster-synced.routes.ts
wfm	POST	/plans	admin|wfm	backend/src/modules/wfm/auto-roster-synced.routes.ts
wfm	POST	/plans/:id/generate	admin|wfm	backend/src/modules/wfm/auto-roster-synced.routes.ts
wfm	GET	/plans/:id/assignments	admin|hr|wfm|process_manager|ceo	backend/src/modules/wfm/auto-roster-synced.routes.ts
wfm	GET	/plans/:id/coverage	admin|hr|wfm|process_manager|ceo	backend/src/modules/wfm/auto-roster-synced.routes.ts
wfm	GET	/plans/:id/conflicts	admin|hr|wfm|process_manager|ceo	backend/src/modules/wfm/auto-roster-synced.routes.ts
wfm	POST	/plans/:id/submit	admin|wfm	backend/src/modules/wfm/auto-roster-synced.routes.ts
wfm	POST	/plans/:id/approve	admin|process_manager	backend/src/modules/wfm/auto-roster-synced.routes.ts
wfm	POST	/plans/:id/reject	admin|process_manager	backend/src/modules/wfm/auto-roster-synced.routes.ts
wfm	POST	/plans/:id/publish	admin|process_manager	backend/src/modules/wfm/auto-roster-synced.routes.ts
wfm	POST	/plans/:id/queue-manager-tasks	admin|wfm|process_manager	backend/src/modules/wfm/auto-roster-synced.routes.ts
wfm	GET	/plans/:id/events	admin|hr|wfm|process_manager|ceo	backend/src/modules/wfm/auto-roster-synced.routes.ts
wfm	GET	/plans/:id/approval-log	admin|hr|wfm|process_manager|ceo	backend/src/modules/wfm/auto-roster-synced.routes.ts
wfm	GET	/plans/:id/change-requests	admin|hr|wfm|process_manager|ceo	backend/src/modules/wfm/auto-roster-synced.routes.ts
wfm	PATCH	/assignments/:id/published-change	admin|process_manager	backend/src/modules/wfm/auto-roster-synced.routes.ts
wfm	GET	/events	admin|hr|wfm|process_manager|ceo	backend/src/modules/wfm/auto-roster-synced.routes.ts
wfm	GET	/my-roster		backend/src/modules/wfm/auto-roster-synced.routes.ts
wfm	POST	/assignments/:id/acknowledge		backend/src/modules/wfm/auto-roster-synced.routes.ts
wfm	GET	/health-summary	admin|hr|wfm|process_manager|branch_head|operations_manager|ceo	backend/src/modules/wfm/auto-roster-synced.routes.ts
wfm	GET	/schedule-config	admin|wfm|super_admin	backend/src/modules/wfm/auto-roster-synced.routes.ts
wfm	PATCH	/schedule-config/:processId	admin|wfm|super_admin	backend/src/modules/wfm/auto-roster-synced.routes.ts
wfm	GET	/employee/:employeeId		backend/src/modules/wfm/biometric-logs.routes.ts
wfm	POST	/		backend/src/modules/wfm/biometric-punch.routes.ts
wfm	GET	/adherence-summary		backend/src/modules/wfm/biometric-summary.routes.ts
wfm	GET	/agent-view		backend/src/modules/wfm/biometric-summary.routes.ts
wfm	GET	/reconciliation		backend/src/modules/wfm/biometric-summary.routes.ts
wfm	GET	/status	admin|hr|wfm|ceo	backend/src/modules/wfm/cosec-sync.routes.ts
wfm	POST	/test-connection	admin|wfm	backend/src/modules/wfm/cosec-sync.routes.ts
wfm	POST	/run	admin|hr|wfm	backend/src/modules/wfm/cosec-sync.routes.ts
wfm	GET	/stats	admin|hr|wfm|ceo	backend/src/modules/wfm/cosec-sync.routes.ts
wfm	GET	/	wfm|admin|super_admin	backend/src/modules/wfm/header-mapping-profile.routes.ts
wfm	POST	/	wfm|admin	backend/src/modules/wfm/header-mapping-profile.routes.ts
wfm	PATCH	/:id	wfm|admin	backend/src/modules/wfm/header-mapping-profile.routes.ts
wfm	DELETE	/:id	admin	backend/src/modules/wfm/header-mapping-profile.routes.ts
wfm	GET	/	<spread>	backend/src/modules/wfm/mismatch-review.routes.ts
wfm	PATCH	/:id/resolve	wfm|hr|admin|super_admin	backend/src/modules/wfm/mismatch-review.routes.ts
wfm	GET	/summary	<spread>	backend/src/modules/wfm/mismatch-review.routes.ts
wfm	GET	/:id/planning-config	wfm|admin|super_admin	backend/src/modules/wfm/planning-mode.routes.ts
wfm	PATCH	/:id/planning-config	admin|super_admin	backend/src/modules/wfm/planning-mode.routes.ts
wfm	GET	/shrinkage-intelligence/:branchId	<spread>	backend/src/modules/wfm/roster-analytics.routes.ts
wfm	GET	/quality-correlation	<spread>	backend/src/modules/wfm/roster-analytics.routes.ts
wfm	GET	/cost-impact	<spread>	backend/src/modules/wfm/roster-analytics.routes.ts
wfm	GET	/forecast/:branchId	<spread>	backend/src/modules/wfm/roster-analytics.routes.ts
wfm	GET	/summary	<spread>	backend/src/modules/wfm/roster-analytics.routes.ts
wfm	GET	/employee-profile/:employeeId	manager|process_manager|<spread>	backend/src/modules/wfm/roster-analytics.routes.ts
wfm	GET	/shift-effectiveness	<spread>	backend/src/modules/wfm/roster-analytics.routes.ts
wfm	GET	/break-compliance	<spread>	backend/src/modules/wfm/roster-analytics.routes.ts
wfm	GET	/shift-recommendations	<spread>	backend/src/modules/wfm/roster-analytics.routes.ts
wfm	GET	/team-comparison	<spread>	backend/src/modules/wfm/roster-analytics.routes.ts
wfm	GET	/team-status-mobile	manager|process_manager|tl|<spread>	backend/src/modules/wfm/roster-analytics.routes.ts
wfm	GET	/trails	hr|wfm|admin|super_admin|operations_manager	backend/src/modules/wfm/roster-audit.routes.ts
wfm	GET	/summary	hr|wfm|admin|super_admin	backend/src/modules/wfm/roster-audit.routes.ts
wfm	GET	/generation-runs	hr|wfm|admin|super_admin	backend/src/modules/wfm/roster-audit.routes.ts
wfm	GET	/grid	<spread>	backend/src/modules/wfm/roster-builder.routes.ts
wfm	POST	/assign	<spread>	backend/src/modules/wfm/roster-builder.routes.ts
wfm	POST	/	<spread>	backend/src/modules/wfm/roster-import.routes.ts
wfm	GET	/branches	<spread>	backend/src/modules/wfm/roster-import.routes.ts
wfm	GET	/:batchId	<spread>	backend/src/modules/wfm/roster-import.routes.ts
wfm	GET	/:batchId/rows	<spread>	backend/src/modules/wfm/roster-import.routes.ts
wfm	POST	/:batchId/commit	<spread>	backend/src/modules/wfm/roster-import.routes.ts
wfm	PATCH	/:batchId/header-mapping	<spread>	backend/src/modules/wfm/roster-import.routes.ts
wfm	PATCH	/:batchId/rows/:rowId	<spread>	backend/src/modules/wfm/roster-import.routes.ts
wfm	GET	/:batchId/missing-employees	<spread>	backend/src/modules/wfm/roster-import.routes.ts
wfm	GET	/view/table	<spread>	backend/src/modules/wfm/roster-import.routes.ts
wfm	GET	/adherence-trend/:employeeId	<spread>	backend/src/modules/wfm/roster-import.routes.ts
wfm	GET	/status-summary	<spread>	backend/src/modules/wfm/roster-import.routes.ts
wfm	GET	/manager-digest	<spread>	backend/src/modules/wfm/roster-intelligence.routes.ts
wfm	GET	/manager-digests	<spread>	backend/src/modules/wfm/roster-intelligence.routes.ts
wfm	GET	/branch-dashboard/:branchId	<spread>	backend/src/modules/wfm/roster-intelligence.routes.ts
wfm	GET	/branch-dashboards	<spread>	backend/src/modules/wfm/roster-intelligence.routes.ts
wfm	GET	/unplanned-absences	<spread>	backend/src/modules/wfm/roster-intelligence.routes.ts
wfm	GET	/weekly-shrinkage/:branchId	<spread>	backend/src/modules/wfm/roster-intelligence.routes.ts
wfm	POST	/send-manager-digests	<spread>	backend/src/modules/wfm/roster-intelligence.routes.ts
wfm	POST	/send-unplanned-alerts	<spread>	backend/src/modules/wfm/roster-intelligence.routes.ts
wfm	GET	/actual-process		backend/src/modules/wfm/roster.actual.secure.routes.ts
wfm	GET	/actual-assignments		backend/src/modules/wfm/roster.actual.secure.routes.ts
wfm	POST	/plans	admin|wfm|process_manager	backend/src/modules/wfm/roster.routes.ts
wfm	GET	/plans	admin|wfm|process_manager|branch_head|hr|ceo	backend/src/modules/wfm/roster.routes.ts
wfm	PATCH	/plans/:id/publish	admin|wfm|process_manager	backend/src/modules/wfm/roster.routes.ts
wfm	POST	/assignments	admin|wfm|process_manager	backend/src/modules/wfm/roster.routes.ts
wfm	GET	/assignments	admin|wfm|process_manager|branch_head|hr|ceo	backend/src/modules/wfm/roster.routes.ts
wfm	POST	/upload	admin|wfm|process_manager	backend/src/modules/wfm/roster.routes.ts
wfm	GET	/	wfm|admin|hr|manager|process_manager|team_leader	backend/src/modules/wfm/rta-exception.routes.ts
wfm	POST	/	wfm|admin|hr|manager|process_manager	backend/src/modules/wfm/rta-exception.routes.ts
wfm	PATCH	/:id/disposition	wfm|admin|hr|manager|process_manager|team_leader	backend/src/modules/wfm/rta-exception.routes.ts
wfm	PATCH	/:id/state	wfm|admin|hr|manager|process_manager|team_leader	backend/src/modules/wfm/rta-exception.routes.ts
wfm	GET	/	wfm|admin|super_admin	backend/src/modules/wfm/shift-alias.routes.ts
wfm	POST	/	wfm|admin	backend/src/modules/wfm/shift-alias.routes.ts
wfm	PATCH	/:id	wfm|admin	backend/src/modules/wfm/shift-alias.routes.ts
wfm	DELETE	/:id	admin	backend/src/modules/wfm/shift-alias.routes.ts
wfm	POST	/resolve	wfm|admin|super_admin	backend/src/modules/wfm/shift-alias.routes.ts
wfm	GET	/team-month	manager|assistant_manager|tl|team_leader|process_manager|branch_head|hr|wfm|admin|super_admin|ceo	backend/src/modules/wfm/team-attendance-month.routes.ts
wfm	POST	/team-month/flag	manager|assistant_manager|tl|team_leader|process_manager|branch_head|hr|wfm|admin|super_admin	backend/src/modules/wfm/team-attendance-month.routes.ts
wfm	POST	/team-month/leave-on-behalf	<spread>	backend/src/modules/wfm/team-attendance-month.routes.ts
wfm	GET	/team-month/leave-on-behalf/mine		backend/src/modules/wfm/team-attendance-month.routes.ts
wfm	GET	/team-month/leave-on-behalf		backend/src/modules/wfm/team-attendance-month.routes.ts
wfm	PATCH	/team-month/leave-on-behalf/:id/consent		backend/src/modules/wfm/team-attendance-month.routes.ts
wfm	GET	/employee	hr|wfm|admin|super_admin|manager|branch_head|operations_manager	backend/src/modules/wfm/wfm-compliance-analytics.routes.ts
wfm	GET	/branch	hr|wfm|admin|super_admin|manager|branch_head|operations_manager	backend/src/modules/wfm/wfm-compliance-analytics.routes.ts
wfm	GET	/summary	hr|wfm|admin|super_admin|operations_manager|ceo	backend/src/modules/wfm/wfm-compliance-analytics.routes.ts
wfm	GET	/violations	hr|wfm|admin|super_admin|operations_manager	backend/src/modules/wfm/wfm-compliance-analytics.routes.ts
wfm	GET	/trend	hr|wfm|admin|super_admin|ceo	backend/src/modules/wfm/wfm-compliance-analytics.routes.ts
wfm	POST	/regularizations		backend/src/modules/wfm/wfm.regularization.secure.routes.ts
wfm	GET	/regularizations/attendance-preview		backend/src/modules/wfm/wfm.regularization.secure.routes.ts
wfm	GET	/regularizations/date-range-preview		backend/src/modules/wfm/wfm.regularization.secure.routes.ts
wfm	POST	/regularizations/batch		backend/src/modules/wfm/wfm.regularization.secure.routes.ts
wfm	POST	/regularizations/bulk-multi-employee		backend/src/modules/wfm/wfm.regularization.secure.routes.ts
wfm	GET	/regularizations/mine		backend/src/modules/wfm/wfm.regularization.secure.routes.ts
wfm	GET	/regularizations		backend/src/modules/wfm/wfm.regularization.secure.routes.ts
wfm	PATCH	/regularizations/bulk-review		backend/src/modules/wfm/wfm.regularization.secure.routes.ts
wfm	PATCH	/regularizations/:id/review		backend/src/modules/wfm/wfm.regularization.secure.routes.ts
wfm	GET	/regularizations/reasons		backend/src/modules/wfm/wfm.regularization.secure.routes.ts
wfm	GET	/attendance-policy/:employeeId	admin|wfm|manager	backend/src/modules/wfm/wfm.routes.ts
wfm	GET	/shifts	admin|wfm|manager	backend/src/modules/wfm/wfm.routes.ts
wfm	POST	/shifts	admin|wfm	backend/src/modules/wfm/wfm.routes.ts
wfm	GET	/shifts/:id	admin|wfm|manager	backend/src/modules/wfm/wfm.routes.ts
wfm	PUT	/shifts/:id	admin|wfm	backend/src/modules/wfm/wfm.routes.ts
wfm	GET	/attendance/daily		backend/src/modules/wfm/wfm.routes.ts
wfm	POST	/sessions/clock-in		backend/src/modules/wfm/wfm.routes.ts
wfm	POST	/sessions/clock-out		backend/src/modules/wfm/wfm.routes.ts
wfm	GET	/sessions	admin|wfm|manager	backend/src/modules/wfm/wfm.routes.ts
wfm	POST	/sessions/break		backend/src/modules/wfm/wfm.routes.ts
wfm	GET	/sessions/:sessionId/breaks		backend/src/modules/wfm/wfm.routes.ts
wfm	GET	/attendance/breaks		backend/src/modules/wfm/wfm.routes.ts
wfm	PATCH	/breaks/:breakId/end		backend/src/modules/wfm/wfm.routes.ts
wfm	GET	/live	admin|wfm|manager|branch_head|process_manager|team_leader|operations_manager	backend/src/modules/wfm/wfm.routes.ts
wfm	POST	/roster-preferences		backend/src/modules/wfm/wfm.routes.ts
wfm	GET	/roster-preferences/my		backend/src/modules/wfm/wfm.routes.ts
wfm	GET	/roster-preferences/pending	admin|hr|super_admin|manager|wfm	backend/src/modules/wfm/wfm.routes.ts
wfm	PATCH	/roster-preferences/:id/approve	admin|hr|super_admin|manager|wfm	backend/src/modules/wfm/wfm.routes.ts
wfm	PATCH	/roster-preferences/:id/reject	admin|hr|super_admin|manager|wfm	backend/src/modules/wfm/wfm.routes.ts
wfm	POST	/week-off-preference		backend/src/modules/wfm/wfm.routes.ts
wfm	GET	/week-off-preference		backend/src/modules/wfm/wfm.routes.ts
wfm	PATCH	/week-off-preference/:id/approve	admin|wfm	backend/src/modules/wfm/wfm.routes.ts
wfm	GET	/rotation-summary	admin|super_admin|wfm|hr|manager|branch_head|operations_manager	backend/src/modules/wfm/wfm.routes.ts
wfm	PATCH	/employees/:id/shift-rotation	admin|super_admin|wfm|hr	backend/src/modules/wfm/wfm.routes.ts
wfm	GET	/planning-rules	admin|super_admin|wfm|hr|manager|branch_head|operations_manager	backend/src/modules/wfm/wfm.routes.ts
wfm	POST	/planning-rules	admin|wfm	backend/src/modules/wfm/wfm.routes.ts
wfm	PATCH	/planning-rules/:id	admin|wfm	backend/src/modules/wfm/wfm.routes.ts
wfm	DELETE	/planning-rules/:id	admin|wfm	backend/src/modules/wfm/wfm.routes.ts
wfm	POST	/planning-rules/calculate	admin|super_admin|wfm|hr|manager	backend/src/modules/wfm/wfm.routes.ts
wfm	GET	/rest-policy	admin|super_admin|wfm|hr	backend/src/modules/wfm/wfm.routes.ts
wfm	GET	/rest-policy/:id	admin|super_admin|wfm|hr	backend/src/modules/wfm/wfm.routes.ts
wfm	POST	/rest-policy	admin|wfm	backend/src/modules/wfm/wfm.routes.ts
wfm	PATCH	/rest-policy/:id	admin|wfm	backend/src/modules/wfm/wfm.routes.ts
wfm	DELETE	/rest-policy/:id	admin|wfm	backend/src/modules/wfm/wfm.routes.ts
wfm	GET	/slot-requirements	admin|super_admin|wfm|hr|manager|branch_head|operations_manager	backend/src/modules/wfm/wfm.routes.ts
wfm	POST	/slot-requirements	admin|wfm	backend/src/modules/wfm/wfm.routes.ts
wfm	POST	/slot-requirements/calculate	admin|wfm	backend/src/modules/wfm/wfm.routes.ts
wfm	POST	/slot-requirements/calculate-bulk	admin|wfm	backend/src/modules/wfm/wfm.routes.ts
wfm	POST	/slot-requirements/forecast-import	admin|wfm	backend/src/modules/wfm/wfm.routes.ts
wfm	PATCH	/slot-requirements/:id	admin|wfm	backend/src/modules/wfm/wfm.routes.ts
wfm	DELETE	/slot-requirements/:id	admin|wfm	backend/src/modules/wfm/wfm.routes.ts
wfm	GET	/weekoff/day-rules	admin|super_admin|wfm|hr|manager|branch_head|operations_manager	backend/src/modules/wfm/wfm.routes.ts
wfm	POST	/weekoff/day-rules	admin|wfm	backend/src/modules/wfm/wfm.routes.ts
wfm	PATCH	/weekoff/day-rules/:id	admin|wfm	backend/src/modules/wfm/wfm.routes.ts
wfm	DELETE	/weekoff/day-rules/:id	admin|wfm	backend/src/modules/wfm/wfm.routes.ts
wfm	GET	/weekoff/day-rules/capacity-grid	admin|super_admin|wfm|hr|manager|branch_head|operations_manager	backend/src/modules/wfm/wfm.routes.ts
wfm	GET	/manager/weekoff-review	admin|hr|wfm|manager|branch_head|team_leader|assistant_manager	backend/src/modules/wfm/wfm.routes.ts
wfm	POST	/manager/weekoff-review/:assignmentId/realign	admin|hr|wfm|manager|branch_head	backend/src/modules/wfm/wfm.routes.ts
wfm	POST	/manager/weekoff-review/:assignmentId/force-approve	admin|hr|wfm|manager|branch_head	backend/src/modules/wfm/wfm.routes.ts
wfm	POST	/manager/weekoff-review/:assignmentId/escalate	admin|hr|wfm|manager|branch_head	backend/src/modules/wfm/wfm.routes.ts
wfm	POST	/manager/weekoff-review/:assignmentId/reject-request	admin|hr|wfm|manager|branch_head	backend/src/modules/wfm/wfm.routes.ts
wfm	GET	/my-roster/weeks		backend/src/modules/wfm/wfm.routes.ts
wfm	GET	/my-roster/week/:weekStart		backend/src/modules/wfm/wfm.routes.ts
wfm	GET	/my-weekoff		backend/src/modules/wfm/wfm.routes.ts
wfm	POST	/my-weekoff/:assignmentId/acknowledge		backend/src/modules/wfm/wfm.routes.ts
wfm	POST	/my-weekoff/:assignmentId/reject		backend/src/modules/wfm/wfm.routes.ts
wfm	POST	/roster/publish-to-employees	admin|super_admin|wfm|hr	backend/src/modules/wfm/wfm.routes.ts
wfm	POST	/roster/publish-final	admin|super_admin|wfm|hr	backend/src/modules/wfm/wfm.routes.ts
wfm	GET	/rta/final-roster-state	admin|wfm|hr|manager|operations_manager	backend/src/modules/wfm/wfm.routes.ts
wfm	GET	/attendance/day-detail/:employeeId/:date		backend/src/modules/wfm/wfm.routes.ts
wfm	GET	/my-attendance		backend/src/modules/wfm/wfm.routes.ts
wfm	GET	/attendance/summary/:employeeId/:month		backend/src/modules/wfm/wfm.routes.ts
wfm	GET	/weekoff/fairness-scores	wfm|admin|super_admin	backend/src/modules/wfm/wfm.routes.ts
wfm	POST	/weekoff/fairness-scores/compute	wfm|admin|super_admin	backend/src/modules/wfm/wfm.routes.ts
wfm	POST	/weekoff/allocations/record	wfm|admin|super_admin	backend/src/modules/wfm/wfm.routes.ts
wfm	GET	/branch-spoc-config	super_admin|admin|wfm	backend/src/modules/wfm/wfm.routes.ts
wfm	POST	/branch-spoc-config	super_admin|admin	backend/src/modules/wfm/wfm.routes.ts
wfm	PATCH	/branch-spoc-config/:id	super_admin|admin	backend/src/modules/wfm/wfm.routes.ts
wfm	GET	/wow-impact-simulator	super_admin|admin|hr|payroll_head	backend/src/modules/wfm/wfm.routes.ts
wfm	GET	/wow-impact-simulator/finalized	super_admin|admin|payroll_head	backend/src/modules/wfm/wfm.routes.ts
wfm-extensions	GET	/roster/swaps		backend/src/modules/wfm-extensions/wfm-ext.routes.ts
wfm-extensions	POST	/roster/swaps		backend/src/modules/wfm-extensions/wfm-ext.routes.ts
wfm-extensions	POST	/roster/swaps/:id/respond		backend/src/modules/wfm-extensions/wfm-ext.routes.ts
wfm-extensions	POST	/roster/swaps/:id/review	admin|hr|wfm|manager|assistant_manager|team_leader	backend/src/modules/wfm-extensions/wfm-ext.routes.ts
wfm-extensions	GET	/roster/conflicts	admin|hr|wfm|manager|assistant_manager|team_leader|branch_head|process_manager|operations_manager	backend/src/modules/wfm-extensions/wfm-ext.routes.ts
wfm-extensions	POST	/roster/conflicts/:id/resolve	admin|hr|wfm|manager|assistant_manager|team_leader	backend/src/modules/wfm-extensions/wfm-ext.routes.ts
wfm-extensions	GET	/coverage	admin|hr|wfm|manager|assistant_manager|team_leader|branch_head|process_manager|operations_manager	backend/src/modules/wfm-extensions/wfm-ext.routes.ts
wfm-extensions	POST	/coverage/snapshot	admin|hr|wfm|manager	backend/src/modules/wfm-extensions/wfm-ext.routes.ts
wfm-extensions	GET	/attrition/summary	admin|hr|wfm|manager|branch_head|process_manager|operations_manager	backend/src/modules/wfm-extensions/wfm-ext.routes.ts
wfm-extensions	POST	/attrition/record	admin|hr	backend/src/modules/wfm-extensions/wfm-ext.routes.ts
work-inbox	GET	/stats		backend/src/modules/work-inbox/work-inbox.routes.ts
work-inbox	GET	/overdue		backend/src/modules/work-inbox/work-inbox.routes.ts
work-inbox	PATCH	/:id/priority	admin|hr	backend/src/modules/work-inbox/work-inbox.routes.ts
work-inbox	GET	/my		backend/src/modules/work-inbox/work-inbox.routes.ts
work-inbox	GET	/my-actions		backend/src/modules/work-inbox/work-inbox.routes.ts
work-inbox	GET	/team		backend/src/modules/work-inbox/work-inbox.routes.ts
work-inbox	GET	/dashboard		backend/src/modules/work-inbox/work-inbox.routes.ts
work-inbox	POST	/:id/complete		backend/src/modules/work-inbox/work-inbox.routes.ts
work-inbox	POST	/:id/escalate		backend/src/modules/work-inbox/work-inbox.routes.ts
work-inbox	POST	/:id/reassign		backend/src/modules/work-inbox/work-inbox.routes.ts
workflow	GET	/	admin|hr	backend/src/modules/workflow/workflow.routes.ts
workflow	POST	/requests		backend/src/modules/workflow/workflow.routes.ts
workflow	GET	/requests/pending	admin|hr|manager|team_leader|super_admin	backend/src/modules/workflow/workflow.routes.ts
workflow	GET	/requests/entity/:type/:id		backend/src/modules/workflow/workflow.routes.ts
workflow	POST	/requests/:id/act	admin|hr|manager|team_leader|super_admin	backend/src/modules/workflow/workflow.routes.ts
workflow	GET	/requests/my		backend/src/modules/workflow/workflow.routes.ts
workflow	GET	/requests	admin|hr|super_admin	backend/src/modules/workflow/workflow.routes.ts
workflow	GET	/requests/:id/actions	admin|hr|manager|team_leader|super_admin	backend/src/modules/workflow/workflow.routes.ts
workforce-mandate	GET	/cost-center	admin|hr|ceo|manager|branch_head	backend/src/modules/workforce-mandate/manpower-risk.routes.ts
workforce-mandate	GET	/notice-period	admin|hr|ceo|manager|branch_head	backend/src/modules/workforce-mandate/manpower-risk.routes.ts
workforce-mandate	GET	/	admin|hr|wfm|process_manager	backend/src/modules/workforce-mandate/workforce.mandate.routes.ts
workforce-mandate	POST	/	admin|hr	backend/src/modules/workforce-mandate/workforce.mandate.routes.ts
workforce-mandate	GET	/leadership-summary	admin|hr|ceo	backend/src/modules/workforce-mandate/workforce.mandate.routes.ts
workforce-mandate	GET	/support-ratios	admin|hr|wfm	backend/src/modules/workforce-mandate/workforce.mandate.routes.ts
workforce-mandate	GET	/capacity/:processId	admin|hr|wfm|process_manager|ceo	backend/src/modules/workforce-mandate/workforce.mandate.routes.ts
workforce-mandate	GET	/hc-formula	hr|admin|super_admin|wfm|manager	backend/src/modules/workforce-mandate/workforce.mandate.routes.ts
workforce-mandate	GET	/capacity-summary	hr|admin|super_admin|wfm|ceo	backend/src/modules/workforce-mandate/workforce.mandate.routes.ts
_routes	GET	/		backend/src/routes/health.routes.ts
_routes	GET	/version		backend/src/routes/health.routes.ts
_routes	GET	/ready		backend/src/routes/health.routes.ts
_routes	POST	/db-circuit/reset	admin|super_admin	backend/src/routes/health.routes.ts
_routes	GET	/readiness	admin|super_admin	backend/src/routes/health.routes.ts
_services	GET	/process-matrix		backend/src/services/roi-efficiency.service.ts
_services	GET	/lob-breakdown		backend/src/services/roi-efficiency.service.ts
_services	GET	/process-roi		backend/src/services/roi-efficiency.service.ts
_services	GET	/performance-categories		backend/src/services/roi-efficiency.service.ts
