module	table	mode	file
_app.ts	appointment	read	backend/src/app.ts
_config	JWT_SECRET	read	backend/src/config/env.ts
_config	ER_TABLEACCESS_DENIED_ERROR	read	backend/src/config/env.ts
_config	db_definitely_not_here	read	backend/src/config/env.ts
_db	mysql	read	backend/src/db/db-error-classification.ts
_db	blocking	read	backend/src/db/mysql.ts
_db	nextProbeTime	read	backend/src/db/mysql.ts
_db	employees	write	backend/src/db/pagination.ts
_db	manifest	read	backend/src/db/runPendingMigrations.ts
_db	migrations	read	backend/src/db/runPendingMigrations.ts
_db	three	read	backend/src/db/runPendingMigrations.ts
_db	whichever	read	backend/src/db/runPendingMigrations.ts
_db	their	read	backend/src/db/runPendingMigrations.ts
_db	role_page_access	read	backend/src/db/runPendingMigrations.ts
_db	client	read	backend/src/db/runPendingMigrations.ts
_db	MANIFEST	read	backend/src/db/runPendingMigrations.ts
_db	finance_year	read	backend/src/db/runPendingMigrations.ts
_db	db_bill	read	backend/src/db/runPendingMigrations.ts
_db	different	read	backend/src/db/runPendingMigrations.ts
_db	every	read	backend/src/db/runPendingMigrations.ts
_db	cannot	read	backend/src/db/runPendingMigrations.ts
_db	renamed	read	backend/src/db/runPendingMigrations.ts
_db	verified	read	backend/src/db/runPendingMigrations.ts
_db	CAPEX_COMPUTERS	read	backend/src/db/runPendingMigrations.ts
_db	cost_centre_master	read	backend/src/db/runPendingMigrations.ts
_db	being	read	backend/src/db/runPendingMigrations.ts
_db	HRMS2	read	backend/src/db/runPendingMigrations.ts
_db	finance_period_lock	read	backend/src/db/runPendingMigrations.ts
_db	expected_return_at	read	backend/src/db/runPendingMigrations.ts
_db	call_quality_assessment	read	backend/src/db/runPendingMigrations.ts
_db	ai_prompt_audit_log	read	backend/src/db/runPendingMigrations.ts
_db	festival_calendar	read	backend/src/db/runPendingMigrations.ts
_db	utf8mb4_0900_ai_ci	read	backend/src/db/runPendingMigrations.ts
_db	employees	read	backend/src/db/runPendingMigrations.ts
_db	PEOPLE_SCOPE_ROLES	read	backend/src/db/runPendingMigrations.ts
_db	legacy	read	backend/src/db/runPendingMigrations.ts
_db	branch_master	read	backend/src/db/runPendingMigrations.ts
_db	history	read	backend/src/db/runPendingMigrations.ts
_db	page_catalog	read	backend/src/db/runPendingMigrations.ts
_db	salary_component_master	read	backend/src/db/runPendingMigrations.ts
_db	WHOSE	read	backend/src/db/runPendingMigrations.ts
_db	schema_migrations	read	backend/src/db/runPendingMigrations.ts
_db	current	read	backend/src/db/runPendingMigrations.ts
_db	blocking	read	backend/src/db/runPendingMigrations.ts
_db	salary_certificate_request	write	backend/src/db/runPendingMigrations.ts
_db	statements	write	backend/src/db/runPendingMigrations.ts
_db	against	write	backend/src/db/runPendingMigrations.ts
_db	timestamp	write	backend/src/db/runPendingMigrations.ts
_db	named	write	backend/src/db/runPendingMigrations.ts
_db	through	write	backend/src/db/runPendingMigrations.ts
_db	approval_workflow_master	write	backend/src/db/runPendingMigrations.ts
_db	those	write	backend/src/db/runPendingMigrations.ts
_db	data_retention_policy	write	backend/src/db/runPendingMigrations.ts
_db	transfer_record	write	backend/src/db/runPendingMigrations.ts
_db	raises	write	backend/src/db/runPendingMigrations.ts
_db	yields	write	backend/src/db/runPendingMigrations.ts
_db	wfm_shift_master	write	backend/src/db/runPendingMigrations.ts
_db	finance_budget_line_tax_amendment	write	backend/src/db/runPendingMigrations.ts
_db	touches	write	backend/src/db/runPendingMigrations.ts
_db	employee_documents	write	backend/src/db/runPendingMigrations.ts
_db	failed	write	backend/src/db/runPendingMigrations.ts
_db	client_invoice_migration_staging	write	backend/src/db/runPendingMigrations.ts
_db	anywhere	write	backend/src/db/runPendingMigrations.ts
_db	CURRENT_TIMESTAMP	write	backend/src/db/runPendingMigrations.ts
_db	request	write	backend/src/db/runPendingMigrations.ts
_db	caught	write	backend/src/db/runPendingMigrations.ts
_db	directly	write	backend/src/db/runPendingMigrations.ts
_db	employees	write	backend/src/db/runPendingMigrations.ts
_db	schema_migrations	write	backend/src/db/runPendingMigrations.ts
_jobs	pending_unassigned	read	backend/src/jobs/provisioning-retry.job.ts
_jobs	above	read	backend/src/jobs/provisioning-retry.job.ts
_jobs	employees	read	backend/src/jobs/provisioning-retry.job.ts
_jobs	ats_onboarding_bridge	read	backend/src/jobs/provisioning-retry.job.ts
_jobs	it_provisioning_request	read	backend/src/jobs/provisioning-retry.job.ts
_lib	insertion	write	backend/src/lib/cache/quality-cache.ts
_lib	db_audit	read	backend/src/lib/query-builders/quality-queries.ts
_lib	agent_scores	read	backend/src/lib/query-builders/quality-queries.ts
_lib	agent_stats	read	backend/src/lib/query-builders/quality-queries.ts
_lib	peer_stats	read	backend/src/lib/query-builders/quality-queries.ts
_lib	agent_rank	read	backend/src/lib/query-builders/quality-queries.ts
_lib	weekly_breakdown	read	backend/src/lib/query-builders/quality-queries.ts
_lib	weakness_scores	read	backend/src/lib/query-builders/quality-queries.ts
_lib	peer_weakness	read	backend/src/lib/query-builders/quality-queries.ts
_middleware	auth_user	read	backend/src/middleware/authMiddleware.ts
_middleware	accessing	read	backend/src/middleware/requireAgent.ts
_middleware	portal_user_sessions	read	backend/src/middleware/requireClientAuth.ts
_middleware	client_user	read	backend/src/middleware/requireClientAuth.ts
_middleware	user_roles	read	backend/src/middleware/requireRole.ts
_middleware	salary_prep_line	read	backend/src/middleware/requireWFMAccess.ts
_middleware	employees	read	backend/src/middleware/requireWFMAccess.ts
_middleware	user_roles	read	backend/src/middleware/requireWFMAccess.ts
_middleware	overtime	write	backend/src/middleware/requireWFMAccess.ts
access	auth_user	read	backend/src/modules/access/access.routes.ts
access	employees	read	backend/src/modules/access/access.routes.ts
access	user_roles	read	backend/src/modules/access/access.routes.ts
access	workforce_role_catalog	read	backend/src/modules/access/access.routes.ts
access	role_page_access	read	backend/src/modules/access/access.routes.ts
access	page_catalog	read	backend/src/modules/access/access.routes.ts
access	branch_master	read	backend/src/modules/access/access.routes.ts
access	process_master	read	backend/src/modules/access/access.routes.ts
access	user_assignment_scope	read	backend/src/modules/access/access.routes.ts
access	audit	read	backend/src/modules/access/access.routes.ts
access	user_assignment_scope	write	backend/src/modules/access/access.routes.ts
access	user_roles	read	backend/src/modules/access/access.service.ts
access	workforce_role_catalog	read	backend/src/modules/access/access.service.ts
access	sensitive_action_log	read	backend/src/modules/access/access.service.ts
access	page_catalog	read	backend/src/modules/access/access.service.ts
access	role_page_access	read	backend/src/modules/access/access.service.ts
access	user_page_access	read	backend/src/modules/access/access.service.ts
access	employees	read	backend/src/modules/access/access.service.ts
access	user_assignment_scope	read	backend/src/modules/access/access.service.ts
access	user_roles	write	backend/src/modules/access/access.service.ts
access	role_page_access	read	backend/src/modules/access/role-page-access.service.ts
access	page_catalog	read	backend/src/modules/access/role-page-access.service.ts
access	designation_role_map	read	backend/src/modules/access/role-page-access.service.ts
access	designation_master	read	backend/src/modules/access/role-page-access.service.ts
access	access_requests	read	backend/src/modules/access/role-page-access.service.ts
access	auth_user	read	backend/src/modules/access/role-page-access.service.ts
access	role_page_access	write	backend/src/modules/access/role-page-access.service.ts
access	designation_role_map	write	backend/src/modules/access/role-page-access.service.ts
access	access_requests	write	backend/src/modules/access/role-page-access.service.ts
access	user_page_access	write	backend/src/modules/access/role-page-access.service.ts
access	user_page_access_audit	write	backend/src/modules/access/role-page-access.service.ts
access	client	read	backend/src/modules/access/role.catalog.ts
access	page_catalog	read	backend/src/modules/access/user-page-access.service.ts
access	auth_user	read	backend/src/modules/access/user-page-access.service.ts
access	employees	read	backend/src/modules/access/user-page-access.service.ts
access	user_page_access	read	backend/src/modules/access/user-page-access.service.ts
access	user_roles	read	backend/src/modules/access/user-page-access.service.ts
access	role_page_access	read	backend/src/modules/access/user-page-access.service.ts
access	user_page_access_audit	read	backend/src/modules/access/user-page-access.service.ts
access	existing	write	backend/src/modules/access/user-page-access.service.ts
access	user_page_access	write	backend/src/modules/access/user-page-access.service.ts
access	user_page_access_audit	write	backend/src/modules/access/user-page-access.service.ts
access	page_catalog	write	backend/src/modules/access/user-page-access.service.ts
account-control	user_roles	read	backend/src/modules/account-control/account.control.service.ts
account-control	account_control_log	read	backend/src/modules/account-control/account.control.service.ts
account-control	account_control_log	write	backend/src/modules/account-control/account.control.service.ts
account-control	auth_user	write	backend/src/modules/account-control/account.control.service.ts
admin	mas_hrms	read	backend/src/modules/admin/costEfficiency.service.ts
admin	db_audit	read	backend/src/modules/admin/costEfficiency.service.ts
admin	efficiency_ranked	read	backend/src/modules/admin/costEfficiency.service.ts
admin	salary_quartiles	read	backend/src/modules/admin/costEfficiency.service.ts
admin	sensitive_action_log	read	backend/src/modules/admin/role-assignment.routes.ts
admin	auth_user	read	backend/src/modules/admin/role-assignment.routes.ts
ai	employees	read	backend/src/modules/ai/ai-account.service.ts
ai	branch_master	read	backend/src/modules/ai/ai-account.service.ts
ai	process_master	read	backend/src/modules/ai/ai-account.service.ts
ai	designation_master	read	backend/src/modules/ai/ai-account.service.ts
ai	salary_prep_line	read	backend/src/modules/ai/ai-account.service.ts
ai	salary_prep_run	read	backend/src/modules/ai/ai-account.service.ts
ai	leave_balance_ledger	read	backend/src/modules/ai/ai-account.service.ts
ai	leave_type_master	read	backend/src/modules/ai/ai-account.service.ts
ai	exactly	read	backend/src/modules/ai/ai-account.service.ts
ai	leave_request	read	backend/src/modules/ai/ai-account.service.ts
ai	attendance_daily_record	read	backend/src/modules/ai/ai-account.service.ts
ai	kpi_daily_actual	read	backend/src/modules/ai/ai-account.service.ts
ai	kpi_metric_master	read	backend/src/modules/ai/ai-account.service.ts
ai	kpi_employee_resolved	read	backend/src/modules/ai/ai-account.service.ts
ai	resolveDashboardScope	read	backend/src/modules/ai/ai-account.service.ts
ai	roster_daily_assignment	read	backend/src/modules/ai/ai-account.service.ts
ai	weekly_roster_cycle	read	backend/src/modules/ai/ai-account.service.ts
ai	wfm_shift_template	read	backend/src/modules/ai/ai-account.service.ts
ai	leave_holiday_master	read	backend/src/modules/ai/ai-account.service.ts
ai	employee_documents	read	backend/src/modules/ai/ai-account.service.ts
ai	lms_learning_progress_snapshot	read	backend/src/modules/ai/ai-account.service.ts
ai	lms_certification_snapshot	read	backend/src/modules/ai/ai-account.service.ts
ai	work_item	read	backend/src/modules/ai/ai-account.service.ts
ai	helpdesk_ticket	read	backend/src/modules/ai/ai-account.service.ts
ai	grievance	read	backend/src/modules/ai/ai-account.service.ts
ai	payroll_readiness_snapshot	read	backend/src/modules/ai/ai-account.service.ts
ai	employee_loans	read	backend/src/modules/ai/ai-account.service.ts
ai	employee_reimbursement_claim	read	backend/src/modules/ai/ai-account.service.ts
ai	employee_journey_log	read	backend/src/modules/ai/ai-account.service.ts
ai	exit_request	read	backend/src/modules/ai/ai-account.service.ts
ai	ai_provider_usage_log	read	backend/src/modules/ai/ai-audit.service.ts
ai	ai_prompt_audit_log	read	backend/src/modules/ai/ai-audit.service.ts
ai	ai_provider_usage_log	write	backend/src/modules/ai/ai-audit.service.ts
ai	ai_prompt_audit_log	write	backend/src/modules/ai/ai-audit.service.ts
ai	ai_feedback	write	backend/src/modules/ai/ai-audit.service.ts
ai	ai_company_knowledge	read	backend/src/modules/ai/ai-company-knowledge.service.ts
ai	branch_master	read	backend/src/modules/ai/ai-company-knowledge.service.ts
ai	user_assignment_scope	read	backend/src/modules/ai/ai-company-knowledge.service.ts
ai	employees	read	backend/src/modules/ai/ai-company-knowledge.service.ts
ai	approved	read	backend/src/modules/ai/ai-company-knowledge.service.ts
ai	general	read	backend/src/modules/ai/ai-company-knowledge.service.ts
ai	ai_company_knowledge	write	backend/src/modules/ai/ai-company-knowledge.service.ts
ai	intent	read	backend/src/modules/ai/ai-conversation.service.ts
ai	work_item	write	backend/src/modules/ai/ai-feedback.service.ts
ai	matching	read	backend/src/modules/ai/ai-howto-catalog.ts
ai	every	read	backend/src/modules/ai/ai-howto-catalog.ts
ai	rbacPageMatrix	read	backend/src/modules/ai/ai-howto-catalog.ts
ai	page_catalog	read	backend/src/modules/ai/ai-howto-catalog.ts
ai	there	read	backend/src/modules/ai/ai-howto-catalog.ts
ai	statutory	write	backend/src/modules/ai/ai-howto-catalog.ts
ai	personal	write	backend/src/modules/ai/ai-howto-catalog.ts
ai	budget	write	backend/src/modules/ai/ai-howto-catalog.ts
ai	candidate	write	backend/src/modules/ai/ai-howto-catalog.ts
ai	firing	read	backend/src/modules/ai/ai-howto.service.ts
ai	employees	read	backend/src/modules/ai/ai-insights.routes.ts
ai	ai_provider_config	read	backend/src/modules/ai/ai-insights.routes.ts
ai	business_action_queue	read	backend/src/modules/ai/ai-insights.routes.ts
ai	provider	write	backend/src/modules/ai/ai-insights.routes.ts
ai	salary_prep_line	read	backend/src/modules/ai/ai-intent.service.ts
ai	salary_prep_run	read	backend/src/modules/ai/ai-intent.service.ts
ai	leave_balance_ledger	read	backend/src/modules/ai/ai-intent.service.ts
ai	leave_type_master	read	backend/src/modules/ai/ai-intent.service.ts
ai	attendance_daily_record	read	backend/src/modules/ai/ai-intent.service.ts
ai	ai_provider_config	read	backend/src/modules/ai/ai-provider-config.service.ts
ai	ai_provider_config	write	backend/src/modules/ai/ai-provider-config.service.ts
ai	OPENROUTER_API_KEY	read	backend/src/modules/ai/ai-provider.registry.ts
ai	GEMINI_API_KEY	read	backend/src/modules/ai/ai-provider.registry.ts
ai	actions	read	backend/src/modules/ai/ai-provider.types.ts
ai	first	read	backend/src/modules/ai/ai-rate-limiter.ts
ai	ai_rate_limit_bucket	read	backend/src/modules/ai/ai-rate-limiter.ts
ai	ai_rate_limit_bucket	write	backend/src/modules/ai/ai-rate-limiter.ts
ai	there	read	backend/src/modules/ai/ai-redaction.service.ts
ai	object	read	backend/src/modules/ai/ai-redaction.service.ts
ai	context	read	backend/src/modules/ai/ai-safety.service.ts
ai	payroll	read	backend/src/modules/ai/ai-safety.service.ts
ai	copies	read	backend/src/modules/ai/ai-voice-transcription.service.ts
ai	work_item_audit_log	read	backend/src/modules/ai/mira-complaints.service.ts
ai	mira_fix_draft	read	backend/src/modules/ai/mira-complaints.service.ts
ai	work_item	read	backend/src/modules/ai/mira-complaints.service.ts
ai	employees	read	backend/src/modules/ai/mira-complaints.service.ts
ai	ai_provider_usage_log	read	backend/src/modules/ai/mira-complaints.service.ts
ai	work_item_audit_log	write	backend/src/modules/ai/mira-fix-deploy.service.ts
ai	mira_fix_draft	write	backend/src/modules/ai/mira-fix-deploy.service.ts
ai	work_item_audit_log	read	backend/src/modules/ai/mira-fix-draft-generate.service.ts
ai	work_item	read	backend/src/modules/ai/mira-fix-draft-generate.service.ts
ai	work_item_audit_log	write	backend/src/modules/ai/mira-fix-draft-generate.service.ts
ai	mira_fix_draft	read	backend/src/modules/ai/mira-fix-draft.service.ts
ai	mira_fix_draft	write	backend/src/modules/ai/mira-fix-draft.service.ts
ai	reference	write	backend/src/modules/ai/mira-issue-triage-guard.ts
ai	work_item	read	backend/src/modules/ai/mira-issue-triage.service.ts
ai	work_item_audit_log	read	backend/src/modules/ai/mira-issue-triage.service.ts
ai	work_item_audit_log	write	backend/src/modules/ai/mira-issue-triage.service.ts
ai	leave_type_master	read	backend/src/modules/ai/mira-leave-action.service.ts
ai	mira_action_audit_log	write	backend/src/modules/ai/mira-leave-action.service.ts
ai	server	read	backend/src/modules/ai/mira-triage-scheduler.ts
ai	being	read	backend/src/modules/ai/mira-triage-scheduler.ts
ai	triage	read	backend/src/modules/ai/mira-triage-scheduler.ts
ai	work_item	read	backend/src/modules/ai/mira-triage-scheduler.ts
ai	work_item_audit_log	read	backend/src/modules/ai/mira-triage-scheduler.ts
ai	mira_fix_draft	read	backend/src/modules/ai/mira-triage-scheduler.ts
ai	before	read	backend/src/modules/ai/mira-triage-scheduler.ts
ai	sanitized	read	backend/src/modules/ai/providers/ruleBased.provider.ts
ai	context	read	backend/src/modules/ai/providers/ruleBased.provider.ts
analytics	quality	read	backend/src/modules/analytics/attrition-reason-inference.service.ts
analytics	employees	read	backend/src/modules/analytics/attrition-reason-inference.service.ts
analytics	attendance_daily_record	read	backend/src/modules/analytics/attrition-reason-inference.service.ts
analytics	db_audit	read	backend/src/modules/analytics/attrition-reason-inference.service.ts
analytics	pip_action_plan	read	backend/src/modules/analytics/attrition-reason-inference.service.ts
analytics	predictive	read	backend/src/modules/analytics/employee-360.service.ts
analytics	mas_hrms	read	backend/src/modules/analytics/employee-360.service.ts
analytics	db_audit	read	backend/src/modules/analytics/employee-360.service.ts
analytics	wfm_attendance_session	read	backend/src/modules/analytics/employee-360.service.ts
analytics	wfm_break_log	read	backend/src/modules/analytics/employee-360.service.ts
analytics	either	read	backend/src/modules/analytics/employee-360.service.ts
analytics	attendance_cte	read	backend/src/modules/analytics/employee-360.service.ts
analytics	quality_cte	read	backend/src/modules/analytics/employee-360.service.ts
analytics	late_marks_cte	read	backend/src/modules/analytics/employee-360.service.ts
analytics	mas_hrms	read	backend/src/modules/analytics/intervention-recommendation.service.ts
analytics	db_audit	read	backend/src/modules/analytics/intervention-recommendation.service.ts
analytics	att_cte	read	backend/src/modules/analytics/intervention-recommendation.service.ts
analytics	quality_cte	read	backend/src/modules/analytics/intervention-recommendation.service.ts
analytics	dialer_cte	read	backend/src/modules/analytics/intervention-recommendation.service.ts
analytics	team_exit_cte	read	backend/src/modules/analytics/intervention-recommendation.service.ts
analytics	manager_risk_cte	read	backend/src/modules/analytics/intervention-recommendation.service.ts
analytics	employeeId	read	backend/src/modules/analytics/intervention-recommendation.service.ts
analytics	mas_hrms	write	backend/src/modules/analytics/intervention-recommendation.service.ts
analytics	intervention	write	backend/src/modules/analytics/intervention-recommendation.service.ts
analytics	attendance_daily_record	read	backend/src/modules/analytics/manager-risk.service.ts
analytics	employees	read	backend/src/modules/analytics/manager-risk.service.ts
analytics	designation_master	read	backend/src/modules/analytics/manager-risk.service.ts
analytics	branch_master	read	backend/src/modules/analytics/manager-risk.service.ts
analytics	process_master	read	backend/src/modules/analytics/manager-risk.service.ts
analytics	db_audit	read	backend/src/modules/analytics/manager-risk.service.ts
analytics	manager_metrics	read	backend/src/modules/analytics/manager-risk.service.ts
analytics	mas_hrms	read	backend/src/modules/analytics/predictive-attrition.service.ts
analytics	db_audit	read	backend/src/modules/analytics/predictive-attrition.service.ts
analytics	attendance_cte	read	backend/src/modules/analytics/predictive-attrition.service.ts
analytics	quality_cte	read	backend/src/modules/analytics/predictive-attrition.service.ts
analytics	late_marks_cte	read	backend/src/modules/analytics/predictive-attrition.service.ts
analytics	employees	read	backend/src/modules/analytics/predictive-attrition.service.ts
analytics	mas_hrms	read	backend/src/modules/analytics/top-performers.service.ts
analytics	db_audit	read	backend/src/modules/analytics/top-performers.service.ts
analytics	quality_percentiles	read	backend/src/modules/analytics/top-performers.service.ts
analytics	top_10_agents	read	backend/src/modules/analytics/top-performers.service.ts
analytics	quality_base	read	backend/src/modules/analytics/top-performers.service.ts
analytics	percentile_90_threshold	read	backend/src/modules/analytics/top-performers.service.ts
analytics	trait_analysis	read	backend/src/modules/analytics/top-performers.service.ts
apr	user_roles	read	backend/src/modules/apr/apr.routes.ts
apr	employees	read	backend/src/modules/apr/apr.routes.ts
apr	integration_config	read	backend/src/modules/apr/apr.service.ts
assets	asset_master	write	backend/src/modules/assets/assets.routes.ts
assets	asset_master	read	backend/src/modules/assets/assets.service.ts
assets	branch_master	read	backend/src/modules/assets/assets.service.ts
assets	asset_assignment	read	backend/src/modules/assets/assets.service.ts
assets	employees	read	backend/src/modules/assets/assets.service.ts
assets	asset_master	write	backend/src/modules/assets/assets.service.ts
assets	asset_assignment	write	backend/src/modules/assets/assets.service.ts
assets	asset_service_log	write	backend/src/modules/assets/assets.service.ts
assets	generating	read	backend/src/modules/assets/exit-pass.qr.ts
assets	either	read	backend/src/modules/assets/exit-pass.routes.ts
assets	employees	read	backend/src/modules/assets/exit-pass.service.ts
assets	their	read	backend/src/modules/assets/exit-pass.service.ts
assets	exit_pass_requests	read	backend/src/modules/assets/exit-pass.service.ts
assets	branch_head_assignments	read	backend/src/modules/assets/exit-pass.service.ts
assets	branch_master	read	backend/src/modules/assets/exit-pass.service.ts
assets	status	read	backend/src/modules/assets/exit-pass.service.ts
assets	exit_pass_items	read	backend/src/modules/assets/exit-pass.service.ts
assets	exit_pass_approvals	read	backend/src/modules/assets/exit-pass.service.ts
assets	exit_pass_audit_logs	write	backend/src/modules/assets/exit-pass.service.ts
assets	exit_pass_requests	write	backend/src/modules/assets/exit-pass.service.ts
assets	exit_pass_items	write	backend/src/modules/assets/exit-pass.service.ts
assets	exit_pass_approvals	write	backend/src/modules/assets/exit-pass.service.ts
assets	inside	write	backend/src/modules/assets/exit-pass.service.ts
assets	branch_head_assignments	write	backend/src/modules/assets/exit-pass.service.ts
ats	candidate_bgv_check	read	backend/src/modules/ats/ageVerification.service.ts
ats	candidate_onboarding_document	read	backend/src/modules/ats/ageVerification.service.ts
ats	ats_candidate	read	backend/src/modules/ats/ageVerification.service.ts
ats	candidate_onboarding_profile	read	backend/src/modules/ats/ageVerification.service.ts
ats	ats_candidate	write	backend/src/modules/ats/ageVerification.service.ts
ats	every	read	backend/src/modules/ats/analytics.unified.service.ts
ats	employees	read	backend/src/modules/ats/analytics.unified.service.ts
ats	ats_candidate	read	backend/src/modules/ats/analytics.unified.service.ts
ats	before	read	backend/src/modules/ats/analytics.unified.service.ts
ats	ats_interview_result	read	backend/src/modules/ats/analytics.unified.service.ts
ats	ats_candidate	read	backend/src/modules/ats/ats-daily-report.service.ts
ats	ats_interview_submission	read	backend/src/modules/ats/ats-daily-report.service.ts
ats	ats_form_config	read	backend/src/modules/ats/ats-form-config.service.ts
ats	branch_master	read	backend/src/modules/ats/ats-form-config.service.ts
ats	process_master	read	backend/src/modules/ats/ats-form-config.service.ts
ats	ats_branch_alias_master	read	backend/src/modules/ats/ats-form-config.service.ts
ats	ats_recruiter	read	backend/src/modules/ats/ats-form-config.service.ts
ats	ats_recruiter_roster	read	backend/src/modules/ats/ats-form-config.service.ts
ats	user_roles	read	backend/src/modules/ats/ats-form-config.service.ts
ats	auth_user	read	backend/src/modules/ats/ats-form-config.service.ts
ats	employees	read	backend/src/modules/ats/ats-form-config.service.ts
ats	department_master	read	backend/src/modules/ats/ats-form-config.service.ts
ats	designation_master	read	backend/src/modules/ats/ats-form-config.service.ts
ats	leaking	read	backend/src/modules/ats/ats-form-config.service.ts
ats	field	write	backend/src/modules/ats/ats-form-config.service.ts
ats	ats_form_config	write	backend/src/modules/ats/ats-form-config.service.ts
ats	ats_recruiter	write	backend/src/modules/ats/ats-form-config.service.ts
ats	ats_branch_alias_master	write	backend/src/modules/ats/ats-form-config.service.ts
ats	ats_candidate	read	backend/src/modules/ats/ats-reminders.cron.ts
ats	ats_onboarding_bridge	read	backend/src/modules/ats/ats-reminders.cron.ts
ats	ats_recruiter_roster	read	backend/src/modules/ats/ats-reminders.cron.ts
ats	employees	read	backend/src/modules/ats/ats-reminders.cron.ts
ats	employee_joining_document_checklist	read	backend/src/modules/ats/ats-reminders.cron.ts
ats	job_requisition	read	backend/src/modules/ats/ats-reminders.cron.ts
ats	user_roles	read	backend/src/modules/ats/ats-reminders.cron.ts
ats	branch_master	read	backend/src/modules/ats/ats-reminders.cron.ts
ats	auth_user	read	backend/src/modules/ats/ats-reminders.cron.ts
ats	ats_onboarding_bridge	write	backend/src/modules/ats/ats-reminders.cron.ts
ats	ats_candidate	read	backend/src/modules/ats/ats-reporting-scope.ts
ats	employees	read	backend/src/modules/ats/ats-reporting-scope.ts
ats	could	read	backend/src/modules/ats/ats-reporting-scope.ts
ats	matches	read	backend/src/modules/ats/ats-vocabulary.ts
ats	branch_master	read	backend/src/modules/ats/ats-vocabulary.ts
ats	ats_recruiter_roster	read	backend/src/modules/ats/ats-vocabulary.ts
ats	would	write	backend/src/modules/ats/ats-vocabulary.ts
ats	ats_onboarding_bridge	read	backend/src/modules/ats/ats.convert.service.ts
ats	employees	read	backend/src/modules/ats/ats.convert.service.ts
ats	ats_onboarding_request	read	backend/src/modules/ats/ats.convert.service.ts
ats	employee	read	backend/src/modules/ats/ats.convert.service.ts
ats	whatever	read	backend/src/modules/ats/ats.convert.service.ts
ats	signing	read	backend/src/modules/ats/ats.email.service.ts
ats	ats_branch_alias_master	read	backend/src/modules/ats/ats.enhanced.service.ts
ats	ats_recruiter_roster	read	backend/src/modules/ats/ats.enhanced.service.ts
ats	employees	read	backend/src/modules/ats/ats.enhanced.service.ts
ats	department_master	read	backend/src/modules/ats/ats.enhanced.service.ts
ats	designation_master	read	backend/src/modules/ats/ats.enhanced.service.ts
ats	branch_master	read	backend/src/modules/ats/ats.enhanced.service.ts
ats	attendance_daily_record	read	backend/src/modules/ats/ats.enhanced.service.ts
ats	ats_candidate	read	backend/src/modules/ats/ats.enhanced.service.ts
ats	ats_queue_token	read	backend/src/modules/ats/ats.enhanced.service.ts
ats	employee_code_sequence	read	backend/src/modules/ats/ats.enhanced.service.ts
ats	ats_recruiter_roster	write	backend/src/modules/ats/ats.enhanced.service.ts
ats	candidate	write	backend/src/modules/ats/ats.enhanced.service.ts
ats	ats_candidate	write	backend/src/modules/ats/ats.enhanced.service.ts
ats	ats_recruiter_assignment_log	write	backend/src/modules/ats/ats.enhanced.service.ts
ats	sequence	write	backend/src/modules/ats/ats.enhanced.service.ts
ats	employee_code_sequence	write	backend/src/modules/ats/ats.enhanced.service.ts
ats	employee_code_generation_log	write	backend/src/modules/ats/ats.enhanced.service.ts
ats	employees	read	backend/src/modules/ats/ats.joiningDocumentsTracker.routes.ts
ats	ats_onboarding_bridge	read	backend/src/modules/ats/ats.joiningDocumentsTracker.routes.ts
ats	auth_user	read	backend/src/modules/ats/ats.joiningDocumentsTracker.routes.ts
ats	user_roles	read	backend/src/modules/ats/ats.joiningDocumentsTracker.routes.ts
ats	employee_joining_document_checklist	read	backend/src/modules/ats/ats.joiningDocumentsTracker.service.ts
ats	employees	read	backend/src/modules/ats/ats.joiningDocumentsTracker.service.ts
ats	branch_master	read	backend/src/modules/ats/ats.joiningDocumentsTracker.service.ts
ats	process_master	read	backend/src/modules/ats/ats.joiningDocumentsTracker.service.ts
ats	auth_user	read	backend/src/modules/ats/ats.joiningDocumentsTracker.service.ts
ats	employee_joining_document_file	read	backend/src/modules/ats/ats.joiningDocumentsTracker.service.ts
ats	employee_joining_document_checklist	write	backend/src/modules/ats/ats.joiningDocumentsTracker.service.ts
ats	employee_joining_document_audit_log	write	backend/src/modules/ats/ats.joiningDocumentsTracker.service.ts
ats	salary_band_master	read	backend/src/modules/ats/ats.onboarding.routes.ts
ats	ats_candidate	read	backend/src/modules/ats/ats.onboarding.routes.ts
ats	ats_candidate	read	backend/src/modules/ats/ats.onboarding.service.ts
ats	branch_master	read	backend/src/modules/ats/ats.onboarding.service.ts
ats	ats_onboarding_bridge	read	backend/src/modules/ats/ats.onboarding.service.ts
ats	candidate_onboarding_document	read	backend/src/modules/ats/ats.onboarding.service.ts
ats	ats_onboarding_request	read	backend/src/modules/ats/ats.onboarding.service.ts
ats	ats_employment_offer	read	backend/src/modules/ats/ats.onboarding.service.ts
ats	employees	read	backend/src/modules/ats/ats.onboarding.service.ts
ats	candidate_onboarding_profile	read	backend/src/modules/ats/ats.onboarding.service.ts
ats	candidate_onboarding_bank_detail	read	backend/src/modules/ats/ats.onboarding.service.ts
ats	ats_payroll_hr_validation	read	backend/src/modules/ats/ats.onboarding.service.ts
ats	cost_centre_master	read	backend/src/modules/ats/ats.onboarding.service.ts
ats	auth_user	read	backend/src/modules/ats/ats.onboarding.service.ts
ats	user_roles	read	backend/src/modules/ats/ats.onboarding.service.ts
ats	salary_band_master	read	backend/src/modules/ats/ats.onboarding.service.ts
ats	branch_head_assignments	read	backend/src/modules/ats/ats.onboarding.service.ts
ats	user_assignment_scope	read	backend/src/modules/ats/ats.onboarding.service.ts
ats	process_master	read	backend/src/modules/ats/ats.onboarding.service.ts
ats	designation_master	read	backend/src/modules/ats/ats.onboarding.service.ts
ats	ats_onboarding_request	write	backend/src/modules/ats/ats.onboarding.service.ts
ats	ats_onboarding_bridge	write	backend/src/modules/ats/ats.onboarding.service.ts
ats	ats_candidate	write	backend/src/modules/ats/ats.onboarding.service.ts
ats	ats_candidate_stage_log	write	backend/src/modules/ats/ats.onboarding.service.ts
ats	candidate_onboarding_profile	write	backend/src/modules/ats/ats.onboarding.service.ts
ats	ats_payroll_hr_validation	write	backend/src/modules/ats/ats.onboarding.service.ts
ats	failed	write	backend/src/modules/ats/ats.onboarding.service.ts
ats	ats_employment_offer	write	backend/src/modules/ats/ats.onboarding.service.ts
ats	ats_branch_head_approval	write	backend/src/modules/ats/ats.onboarding.service.ts
ats	ats_offer_approval	write	backend/src/modules/ats/ats.onboarding.service.ts
ats	ats_queue_token	read	backend/src/modules/ats/ats.queue.service.ts
ats	candidate	read	backend/src/modules/ats/ats.queue.service.ts
ats	ats_candidate	read	backend/src/modules/ats/ats.queue.service.ts
ats	branch_master	read	backend/src/modules/ats/ats.queue.service.ts
ats	ats_queue_token	write	backend/src/modules/ats/ats.queue.service.ts
ats	ats_candidate	read	backend/src/modules/ats/ats.routes.ts
ats	anyone	read	backend/src/modules/ats/ats.routes.ts
ats	registration	read	backend/src/modules/ats/ats.routes.ts
ats	user_assignment_scope	read	backend/src/modules/ats/ats.routes.ts
ats	employees	read	backend/src/modules/ats/ats.routes.ts
ats	ats_interview_submission	read	backend/src/modules/ats/ats.routes.ts
ats	ats_recruiter_hiring_activity	read	backend/src/modules/ats/ats.routes.ts
ats	ats_recruiter_roster	read	backend/src/modules/ats/ats.routes.ts
ats	round	read	backend/src/modules/ats/ats.routes.ts
ats	roster	read	backend/src/modules/ats/ats.routes.ts
ats	ats_employment_offer	read	backend/src/modules/ats/ats.routes.ts
ats	ats_onboarding_bridge	read	backend/src/modules/ats/ats.routes.ts
ats	candidate_onboarding_profile	read	backend/src/modules/ats/ats.routes.ts
ats	candidate_bgv_report	read	backend/src/modules/ats/ats.routes.ts
ats	ats_candidate	write	backend/src/modules/ats/ats.routes.ts
ats	ats_recruiter_roster	write	backend/src/modules/ats/ats.routes.ts
ats	ats_candidate	read	backend/src/modules/ats/ats.service.ts
ats	middleware	read	backend/src/modules/ats/ats.service.ts
ats	buildScopeWhereClause	read	backend/src/modules/ats/ats.service.ts
ats	ats_candidate_assessment	read	backend/src/modules/ats/ats.service.ts
ats	ats_typing_test_attempt	read	backend/src/modules/ats/ats.service.ts
ats	branch_master	read	backend/src/modules/ats/ats.service.ts
ats	ats_onboarding_bridge	read	backend/src/modules/ats/ats.service.ts
ats	ats_interview_submission	read	backend/src/modules/ats/ats.service.ts
ats	ats_candidate_stage_log	read	backend/src/modules/ats/ats.service.ts
ats	ats_sourcing_channel	read	backend/src/modules/ats/ats.service.ts
ats	job_requisition	read	backend/src/modules/ats/ats.service.ts
ats	ats_bgv_verification	read	backend/src/modules/ats/ats.service.ts
ats	candidate_name_match_summary	read	backend/src/modules/ats/ats.service.ts
ats	ats_payroll_hr_validation	read	backend/src/modules/ats/ats.service.ts
ats	process_master	read	backend/src/modules/ats/ats.service.ts
ats	ats_candidate	write	backend/src/modules/ats/ats.service.ts
ats	ats_onboarding_bridge	write	backend/src/modules/ats/ats.service.ts
ats	earlier	read	backend/src/modules/ats/ats.status-machine.ts
ats	ats_candidate	read	backend/src/modules/ats/ats.status-machine.ts
ats	terminal	read	backend/src/modules/ats/ats.status-machine.ts
ats	ats_candidate	write	backend/src/modules/ats/ats.status-machine.ts
ats	ats_candidate_stage_log	write	backend/src/modules/ats/ats.status-machine.ts
ats	migration	read	backend/src/modules/ats/ats.types.ts
ats	org_settings	read	backend/src/modules/ats/bgv-api-log.service.ts
ats	candidate_bgv_api_request_log	read	backend/src/modules/ats/bgv-api-log.service.ts
ats	candidate_bgv_api_request_log	write	backend/src/modules/ats/bgv-api-log.service.ts
ats	org_settings	read	backend/src/modules/ats/bgv-config.store.ts
ats	public	read	backend/src/modules/ats/bgv-provider.adapter.ts
ats	InfinitiAI	read	backend/src/modules/ats/bgv-provider.adapter.ts
ats	Super	read	backend/src/modules/ats/bgv-provider.adapter.ts
ats	ats_candidate	read	backend/src/modules/ats/bgv-provider.adapter.ts
ats	search	read	backend/src/modules/ats/bgv-provider.adapter.ts
ats	endpoint	write	backend/src/modules/ats/bgv-provider.adapter.ts
ats	designation_master	read	backend/src/modules/ats/bgv-readiness.service.ts
ats	ats_candidate	read	backend/src/modules/ats/bgv-readiness.service.ts
ats	candidate_bgv_check	read	backend/src/modules/ats/bgv-readiness.service.ts
ats	candidate_bgv_report	read	backend/src/modules/ats/bgv-readiness.service.ts
ats	ats_candidate_documents	read	backend/src/modules/ats/bgv-readiness.service.ts
ats	candidate_bgv_report	read	backend/src/modules/ats/bgv-verification.routes.ts
ats	ats_candidate	read	backend/src/modules/ats/bgv-verification.routes.ts
ats	branch_master	read	backend/src/modules/ats/bgv-verification.routes.ts
ats	process_master	read	backend/src/modules/ats/bgv-verification.routes.ts
ats	candidate_onboarding_profile	read	backend/src/modules/ats/bgv-verification.routes.ts
ats	org_settings	read	backend/src/modules/ats/bgv-verification.routes.ts
ats	candidate_onboarding_bank_detail	read	backend/src/modules/ats/bgv-verification.routes.ts
ats	candidate_onboarding_qualification	read	backend/src/modules/ats/bgv-verification.routes.ts
ats	candidate_onboarding_experience	read	backend/src/modules/ats/bgv-verification.routes.ts
ats	candidate_onboarding_family	read	backend/src/modules/ats/bgv-verification.routes.ts
ats	candidate_onboarding_document	read	backend/src/modules/ats/bgv-verification.routes.ts
ats	candidate_bgv_check	read	backend/src/modules/ats/bgv-verification.routes.ts
ats	employees	read	backend/src/modules/ats/bgv-verification.routes.ts
ats	candidate_bgv_api_request_log	read	backend/src/modules/ats/bgv-verification.routes.ts
ats	candidate_bgv_report	write	backend/src/modules/ats/bgv-verification.routes.ts
ats	org_settings	write	backend/src/modules/ats/bgv-verification.routes.ts
ats	failed	write	backend/src/modules/ats/bgv-verification.routes.ts
ats	candidate_bgv_check	read	backend/src/modules/ats/bgv-verification.service.ts
ats	candidate_bgv_consent	read	backend/src/modules/ats/bgv-verification.service.ts
ats	ats_candidate	read	backend/src/modules/ats/bgv-verification.service.ts
ats	candidate_onboarding_profile	read	backend/src/modules/ats/bgv-verification.service.ts
ats	ats_employment_offer	read	backend/src/modules/ats/bgv-verification.service.ts
ats	department_master	read	backend/src/modules/ats/bgv-verification.service.ts
ats	designation_master	read	backend/src/modules/ats/bgv-verification.service.ts
ats	candidate_onboarding_experience	read	backend/src/modules/ats/bgv-verification.service.ts
ats	every	read	backend/src/modules/ats/bgv-verification.service.ts
ats	candidate_onboarding_document	read	backend/src/modules/ats/bgv-verification.service.ts
ats	candidate_bank_verification	read	backend/src/modules/ats/bgv-verification.service.ts
ats	candidate_onboarding_bank_detail	read	backend/src/modules/ats/bgv-verification.service.ts
ats	government	read	backend/src/modules/ats/bgv-verification.service.ts
ats	candidate_bgv_vendor_dispatch	read	backend/src/modules/ats/bgv-verification.service.ts
ats	employees	read	backend/src/modules/ats/bgv-verification.service.ts
ats	branch_master	read	backend/src/modules/ats/bgv-verification.service.ts
ats	process_master	read	backend/src/modules/ats/bgv-verification.service.ts
ats	match_score	read	backend/src/modules/ats/bgv-verification.service.ts
ats	verified	read	backend/src/modules/ats/bgv-verification.service.ts
ats	org_settings	read	backend/src/modules/ats/bgv-verification.service.ts
ats	there	read	backend/src/modules/ats/bgv-verification.service.ts
ats	canonical	read	backend/src/modules/ats/bgv-verification.service.ts
ats	candidate_onboarding_qualification	read	backend/src/modules/ats/bgv-verification.service.ts
ats	candidate_bgv_verification_event	write	backend/src/modules/ats/bgv-verification.service.ts
ats	resolve	write	backend/src/modules/ats/bgv-verification.service.ts
ats	branch	write	backend/src/modules/ats/bgv-verification.service.ts
ats	candidate_bgv_check	write	backend/src/modules/ats/bgv-verification.service.ts
ats	candidate_bgv_report	write	backend/src/modules/ats/bgv-verification.service.ts
ats	candidate_bgv_consent	write	backend/src/modules/ats/bgv-verification.service.ts
ats	candidate_onboarding_profile	write	backend/src/modules/ats/bgv-verification.service.ts
ats	candidate_bgv_api_request_log	write	backend/src/modules/ats/bgv-verification.service.ts
ats	candidate_bank_verification	write	backend/src/modules/ats/bgv-verification.service.ts
ats	candidate_onboarding_bank_detail	write	backend/src/modules/ats/bgv-verification.service.ts
ats	candidate_onboarding_document	write	backend/src/modules/ats/bgv-verification.service.ts
ats	candidate_digilocker_session	write	backend/src/modules/ats/bgv-verification.service.ts
ats	ats_provider_transaction_log	write	backend/src/modules/ats/bgv-verification.service.ts
ats	existing	write	backend/src/modules/ats/bgv-verification.service.ts
ats	candidate_bgv_exception	write	backend/src/modules/ats/bgv-verification.service.ts
ats	court_status	write	backend/src/modules/ats/bgv-verification.service.ts
ats	candidate_bgv_vendor_dispatch	write	backend/src/modules/ats/bgv-verification.service.ts
ats	name_match	write	backend/src/modules/ats/bgv-verification.service.ts
ats	verification	write	backend/src/modules/ats/bgv.enhanced.routes.ts
ats	ats_bgv_verification	read	backend/src/modules/ats/bgv.enhanced.service.ts
ats	ats_candidate	read	backend/src/modules/ats/bgv.enhanced.service.ts
ats	ats_bgv_verification_details	read	backend/src/modules/ats/bgv.enhanced.service.ts
ats	employees	read	backend/src/modules/ats/bgv.enhanced.service.ts
ats	candidate_onboarding_profile	read	backend/src/modules/ats/bgv.enhanced.service.ts
ats	candidate_onboarding_bank_detail	read	backend/src/modules/ats/bgv.enhanced.service.ts
ats	candidate_onboarding_qualification	read	backend/src/modules/ats/bgv.enhanced.service.ts
ats	ats_bgv_verification	write	backend/src/modules/ats/bgv.enhanced.service.ts
ats	status	write	backend/src/modules/ats/bgv.enhanced.service.ts
ats	ats_bgv_verification_details	write	backend/src/modules/ats/bgv.enhanced.service.ts
ats	specific	write	backend/src/modules/ats/bgv.enhanced.service.ts
ats	verification	write	backend/src/modules/ats/bgv.enhanced.service.ts
ats	overall	write	backend/src/modules/ats/bgv.enhanced.service.ts
ats	candidate	write	backend/src/modules/ats/bgv.enhanced.service.ts
ats	ats_candidate	write	backend/src/modules/ats/bgv.enhanced.service.ts
ats	ats_candidate	read	backend/src/modules/ats/bmi-benchmark.routes.ts
ats	silently	read	backend/src/modules/ats/bmi-benchmark.routes.ts
ats	branch_master	read	backend/src/modules/ats/bmi-benchmark.routes.ts
ats	job_requisition	read	backend/src/modules/ats/bmi-benchmark.routes.ts
ats	ats_candidate_stage_log	read	backend/src/modules/ats/bmi-benchmark.routes.ts
ats	ats_interview_result	read	backend/src/modules/ats/bmi-benchmark.routes.ts
ats	employees	read	backend/src/modules/ats/bmi-benchmark.routes.ts
ats	ats_onboarding_bridge	read	backend/src/modules/ats/bmi-benchmark.routes.ts
ats	grn_request	read	backend/src/modules/ats/bmi-benchmark.routes.ts
ats	incentive_upload_line	read	backend/src/modules/ats/bmi-benchmark.routes.ts
ats	incentive_upload_batch	read	backend/src/modules/ats/bmi-benchmark.routes.ts
ats	incentive_master	read	backend/src/modules/ats/bmi-benchmark.routes.ts
ats	payroll	read	backend/src/modules/ats/bmi-benchmark.routes.ts
ats	salary_prep_run	read	backend/src/modules/ats/bmi-benchmark.routes.ts
ats	salary_prep_line	read	backend/src/modules/ats/bmi-benchmark.routes.ts
ats	department_master	read	backend/src/modules/ats/bmi-benchmark.routes.ts
ats	exit_request	read	backend/src/modules/ats/bmi-benchmark.routes.ts
ats	process_billing_rate	read	backend/src/modules/ats/bmi-benchmark.routes.ts
ats	process_master	read	backend/src/modules/ats/bmi-benchmark.routes.ts
ats	bmi_manual_input	read	backend/src/modules/ats/bmi-benchmark.routes.ts
ats	understaffing	read	backend/src/modules/ats/bmi-benchmark.routes.ts
ats	bmi_manual_input	write	backend/src/modules/ats/bmi-benchmark.routes.ts
ats	ats_payroll_hr_validation	read	backend/src/modules/ats/branch-head-approval.record.ts
ats	ats_branch_head_approval	read	backend/src/modules/ats/branch-head-approval.record.ts
ats	ats_branch_head_approval	write	backend/src/modules/ats/branch-head-approval.record.ts
ats	branch_head_assignments	read	backend/src/modules/ats/branch-head-approval.service.ts
ats	ats_payroll_hr_validation	read	backend/src/modules/ats/branch-head-approval.service.ts
ats	ats_candidate	read	backend/src/modules/ats/branch-head-approval.service.ts
ats	ats_branch_head_approval	read	backend/src/modules/ats/branch-head-approval.service.ts
ats	employees	read	backend/src/modules/ats/branch-head-approval.service.ts
ats	branch_master	read	backend/src/modules/ats/branch-head-approval.service.ts
ats	ats_onboarding_request	read	backend/src/modules/ats/branch-head-approval.service.ts
ats	ats_employment_offer	read	backend/src/modules/ats/branch-head-approval.service.ts
ats	ats_offer_approval	read	backend/src/modules/ats/branch-head-approval.service.ts
ats	ats_onboarding_bridge	read	backend/src/modules/ats/branch-head-approval.service.ts
ats	without	read	backend/src/modules/ats/branch-head-approval.service.ts
ats	behaves	read	backend/src/modules/ats/branch-head-approval.service.ts
ats	salary_exception_proposal	write	backend/src/modules/ats/branch-head-approval.service.ts
ats	ats_branch_head_approval	write	backend/src/modules/ats/branch-head-approval.service.ts
ats	ats_candidate	write	backend/src/modules/ats/branch-head-approval.service.ts
ats	ats_candidate_stage_log	write	backend/src/modules/ats/branch-head-approval.service.ts
ats	candidate	write	backend/src/modules/ats/branch-head-approval.service.ts
ats	ats_payroll_hr_validation	write	backend/src/modules/ats/branch-head-approval.service.ts
ats	branch_head_assignments	read	backend/src/modules/ats/branch-head-scope.ts
ats	user_assignment_scope	read	backend/src/modules/ats/branch-head-scope.ts
ats	branch	read	backend/src/modules/ats/branch-head-scope.ts
ats	employees	read	backend/src/modules/ats/branch-head-scope.ts
ats	ats_candidate	read	backend/src/modules/ats/branch-head-scope.ts
ats	branch_master	read	backend/src/modules/ats/branch-head-scope.ts
ats	employees	read	backend/src/modules/ats/bulk-import.service.ts
ats	auth_user	read	backend/src/modules/ats/bulk-import.service.ts
ats	branch_master	read	backend/src/modules/ats/bulk-import.service.ts
ats	process_master	read	backend/src/modules/ats/bulk-import.service.ts
ats	ats_candidate	read	backend/src/modules/ats/bulk-import.service.ts
ats	ats_candidate	write	backend/src/modules/ats/bulk-import.service.ts
ats	ats_candidate_stage_log	write	backend/src/modules/ats/bulk-import.service.ts
ats	ats_interview_result	write	backend/src/modules/ats/bulk-import.service.ts
ats	ats_recruiter_assignment_log	write	backend/src/modules/ats/bulk-import.service.ts
ats	recruiter	write	backend/src/modules/ats/bulk-import.service.ts
ats	ats_recruiter_hiring_activity	write	backend/src/modules/ats/bulk-import.service.ts
ats	ats_candidate	read	backend/src/modules/ats/candidate-access.ts
ats	branch_master	read	backend/src/modules/ats/candidate-access.ts
ats	candidate_id	read	backend/src/modules/ats/candidate-file.service.ts
ats	precisely	read	backend/src/modules/ats/candidate-file.service.ts
ats	ats_candidate_file	read	backend/src/modules/ats/candidate-file.service.ts
ats	ats_candidate_file	write	backend/src/modules/ats/candidate-file.service.ts
ats	ats_candidate_file_access_audit	write	backend/src/modules/ats/candidate-file.service.ts
ats	ats_candidate	read	backend/src/modules/ats/candidate-journey.service.ts
ats	branch_master	read	backend/src/modules/ats/candidate-journey.service.ts
ats	ats_queue_token	read	backend/src/modules/ats/candidate-journey.service.ts
ats	others	read	backend/src/modules/ats/candidate-journey.service.ts
ats	emitted	read	backend/src/modules/ats/candidate-journey.service.ts
ats	ats_candidate_stage_log	read	backend/src/modules/ats/candidate-journey.service.ts
ats	employees	read	backend/src/modules/ats/candidate-journey.service.ts
ats	ats_interview_submission	read	backend/src/modules/ats/candidate-journey.service.ts
ats	ats_employment_offer	read	backend/src/modules/ats/candidate-journey.service.ts
ats	ats_offer_approval	read	backend/src/modules/ats/candidate-journey.service.ts
ats	ats_payroll_hr_validation	read	backend/src/modules/ats/candidate-journey.service.ts
ats	ats_branch_head_approval	read	backend/src/modules/ats/candidate-journey.service.ts
ats	candidate_bgv_check	read	backend/src/modules/ats/candidate-journey.service.ts
ats	candidate_bgv_report	read	backend/src/modules/ats/candidate-journey.service.ts
ats	ats_onboarding_bridge	read	backend/src/modules/ats/candidate-journey.service.ts
ats	employee_joining_document_checklist	read	backend/src/modules/ats/candidate-journey.service.ts
ats	it_provisioning_request	read	backend/src/modules/ats/candidate-journey.service.ts
ats	employee_payroll_head_review	read	backend/src/modules/ats/candidate-journey.service.ts
ats	salary_component_assignments	read	backend/src/modules/ats/candidate-journey.service.ts
ats	salary_package_master	read	backend/src/modules/ats/candidate-journey.service.ts
ats	auth_user	read	backend/src/modules/ats/candidate-journey.service.ts
ats	payroll	read	backend/src/modules/ats/candidate-journey.service.ts
ats	before	read	backend/src/modules/ats/candidate-portal.service.ts
ats	ats_candidate	read	backend/src/modules/ats/candidate-portal.service.ts
ats	ats_candidate_portal_access	read	backend/src/modules/ats/candidate-portal.service.ts
ats	ats_payroll_hr_validation	read	backend/src/modules/ats/candidate-portal.service.ts
ats	ats_onboarding_tasks	read	backend/src/modules/ats/candidate-portal.service.ts
ats	ats_candidate_documents	read	backend/src/modules/ats/candidate-portal.service.ts
ats	ats_candidate_documents	write	backend/src/modules/ats/candidate-portal.service.ts
ats	ats_onboarding_tasks	write	backend/src/modules/ats/candidate-portal.service.ts
ats	ats_candidate_portal_access	write	backend/src/modules/ats/candidate-portal.service.ts
ats	ats_candidate	read	backend/src/modules/ats/command-centre.service.ts
ats	ats_interview_result	read	backend/src/modules/ats/command-centre.service.ts
ats	ats_payroll_hr_validation	read	backend/src/modules/ats/command-centre.service.ts
ats	ats_candidate_stage_log	read	backend/src/modules/ats/command-centre.service.ts
ats	ats_queue_token	read	backend/src/modules/ats/command-centre.service.ts
ats	employees	read	backend/src/modules/ats/command-centre.service.ts
ats	candidate_onboarding_profile	write	backend/src/modules/ats/digilocker-demographics.ts
ats	candidate_bgv_check	read	backend/src/modules/ats/digilocker-face-photo.ts
ats	ats_candidate	read	backend/src/modules/ats/employee-code-gate.routes.ts
ats	auth_user	read	backend/src/modules/ats/employee-code-gate.routes.ts
ats	employee_code_sequence	write	backend/src/modules/ats/employee-code-gate.routes.ts
ats	ats_candidate	write	backend/src/modules/ats/employee-code-gate.routes.ts
ats	employees	write	backend/src/modules/ats/employee-code-gate.routes.ts
ats	onboarding	write	backend/src/modules/ats/employee-code-gate.routes.ts
ats	ats_onboarding_bridge	write	backend/src/modules/ats/employee-code-gate.routes.ts
ats	employee_code_generation_log	write	backend/src/modules/ats/employee-code-gate.routes.ts
ats	sensitive_action_log	write	backend/src/modules/ats/employee-code-gate.routes.ts
ats	ats_candidate	read	backend/src/modules/ats/employee-code-gate.service.ts
ats	appointment_letter_request	read	backend/src/modules/ats/employee-code-gate.service.ts
ats	employees	read	backend/src/modules/ats/employee-code-gate.service.ts
ats	candidate_onboarding_profile	read	backend/src/modules/ats/employee-code-gate.service.ts
ats	ats_bgv_verification	read	backend/src/modules/ats/employee-code-gate.service.ts
ats	candidate_name_match_summary	read	backend/src/modules/ats/employee-code-gate.service.ts
ats	ats_payroll_hr_validation	read	backend/src/modules/ats/employee-code-gate.service.ts
ats	jclr_entries	read	backend/src/modules/ats/employee-code-gate.service.ts
ats	salary_component_assignments	read	backend/src/modules/ats/employee-code-gate.service.ts
ats	candidate_face_match	write	backend/src/modules/ats/face-match.service.ts
ats	candidate_fraud_alert	write	backend/src/modules/ats/face-match.service.ts
ats	candidate_fraud_alert	read	backend/src/modules/ats/fraud-alerts.routes.ts
ats	ats_candidate	read	backend/src/modules/ats/fraud-alerts.routes.ts
ats	candidate_name_match_summary	read	backend/src/modules/ats/fraud-alerts.routes.ts
ats	candidate_face_match	read	backend/src/modules/ats/fraud-alerts.routes.ts
ats	candidate_onboarding_document	read	backend/src/modules/ats/fraud-alerts.routes.ts
ats	candidate_onboarding_profile	read	backend/src/modules/ats/fraud-alerts.routes.ts
ats	candidate_bgv_check	read	backend/src/modules/ats/fraud-alerts.routes.ts
ats	candidate_name_match_detail	read	backend/src/modules/ats/fraud-alerts.routes.ts
ats	onboarding_penny_drop_requests	read	backend/src/modules/ats/fraud-alerts.routes.ts
ats	session	read	backend/src/modules/ats/fraud-alerts.routes.ts
ats	document	read	backend/src/modules/ats/fraud-alerts.routes.ts
ats	candidate_fraud_alert	write	backend/src/modules/ats/fraud-alerts.routes.ts
ats	carrying	read	backend/src/modules/ats/indian-name-match.ts
ats	queue	write	backend/src/modules/ats/interview.routes.ts
ats	users	read	backend/src/modules/ats/interview.service.ts
ats	ats_recruiter_roster	read	backend/src/modules/ats/interview.service.ts
ats	employees	read	backend/src/modules/ats/interview.service.ts
ats	ats_candidate	read	backend/src/modules/ats/interview.service.ts
ats	ats_queue_token	read	backend/src/modules/ats/interview.service.ts
ats	branch_master	read	backend/src/modules/ats/interview.service.ts
ats	employee	read	backend/src/modules/ats/interview.service.ts
ats	ats_onboarding_bridge	read	backend/src/modules/ats/interview.service.ts
ats	ats_interview_result	read	backend/src/modules/ats/interview.service.ts
ats	ats_interview_result	write	backend/src/modules/ats/interview.service.ts
ats	ats_candidate	write	backend/src/modules/ats/interview.service.ts
ats	queue	write	backend/src/modules/ats/interview.service.ts
ats	ats_queue_token	write	backend/src/modules/ats/interview.service.ts
ats	ats_sensitive_action_log	write	backend/src/modules/ats/interview.service.ts
ats	portal_notification	write	backend/src/modules/ats/interview.service.ts
ats	jclr_entries	read	backend/src/modules/ats/jclr.routes.ts
ats	jclr_entries	write	backend/src/modules/ats/jclr.routes.ts
ats	ats_candidate	write	backend/src/modules/ats/jclr.routes.ts
ats	ats_candidate_stage_log	write	backend/src/modules/ats/jclr.routes.ts
ats	ats_candidate	read	backend/src/modules/ats/joining-control-room.service.ts
ats	candidate_onboarding_profile	read	backend/src/modules/ats/joining-control-room.service.ts
ats	candidate_onboarding_document	read	backend/src/modules/ats/joining-control-room.service.ts
ats	ats_candidate_documents	read	backend/src/modules/ats/joining-control-room.service.ts
ats	candidate_bgv_check	read	backend/src/modules/ats/joining-control-room.service.ts
ats	ats_bgv_verification	read	backend/src/modules/ats/joining-control-room.service.ts
ats	ats_payroll_hr_validation	read	backend/src/modules/ats/joining-control-room.service.ts
ats	salary_exception_proposal	read	backend/src/modules/ats/joining-control-room.service.ts
ats	ats_branch_head_approval	read	backend/src/modules/ats/joining-control-room.service.ts
ats	salary_register	read	backend/src/modules/ats/joining-control-room.service.ts
ats	jclr_detail	read	backend/src/modules/ats/joining-control-room.service.ts
ats	statutory_declaration	read	backend/src/modules/ats/joining-control-room.service.ts
ats	dpdp_consent_register	read	backend/src/modules/ats/joining-control-room.service.ts
ats	ats_onboarding_bridge	read	backend/src/modules/ats/joining-control-room.service.ts
ats	employees	read	backend/src/modules/ats/joining-control-room.service.ts
ats	candidate_onboarding_bank_detail	read	backend/src/modules/ats/joining-control-room.service.ts
ats	candidate_onboarding_qualification	read	backend/src/modules/ats/joining-control-room.service.ts
ats	candidate_onboarding_experience	read	backend/src/modules/ats/joining-control-room.service.ts
ats	salary_proposal_approval_step	read	backend/src/modules/ats/joining-control-room.service.ts
ats	dpdp_consent_withdrawal	read	backend/src/modules/ats/joining-control-room.service.ts
ats	ats_employment_offer	read	backend/src/modules/ats/joining-control-room.service.ts
ats	department_master	read	backend/src/modules/ats/joining-control-room.service.ts
ats	designation_master	read	backend/src/modules/ats/joining-control-room.service.ts
ats	cost_centre_master	read	backend/src/modules/ats/joining-control-room.service.ts
ats	it_provisioning_request	read	backend/src/modules/ats/joining-control-room.service.ts
ats	offer	read	backend/src/modules/ats/joining-control-room.service.ts
ats	original	read	backend/src/modules/ats/joining-control-room.service.ts
ats	branch_master	read	backend/src/modules/ats/joining-control-room.service.ts
ats	ats_payroll_hr_validation	write	backend/src/modules/ats/joining-control-room.service.ts
ats	jclr_detail	write	backend/src/modules/ats/joining-control-room.service.ts
ats	jclr_audit_log	write	backend/src/modules/ats/joining-control-room.service.ts
ats	statutory_declaration	write	backend/src/modules/ats/joining-control-room.service.ts
ats	statutory_declaration_audit_log	write	backend/src/modules/ats/joining-control-room.service.ts
ats	dpdp_consent_register	write	backend/src/modules/ats/joining-control-room.service.ts
ats	dpdp_processing_activity_log	write	backend/src/modules/ats/joining-control-room.service.ts
ats	dpdp_consent_withdrawal	write	backend/src/modules/ats/joining-control-room.service.ts
ats	joining_control_room_snapshot	write	backend/src/modules/ats/joining-control-room.service.ts
ats	salary_register	write	backend/src/modules/ats/joining-control-room.service.ts
ats	salary_register_audit_log	write	backend/src/modules/ats/joining-control-room.service.ts
ats	salary_proposal_approval_step	write	backend/src/modules/ats/joining-control-room.service.ts
ats	salary_exception_proposal	write	backend/src/modules/ats/joining-control-room.service.ts
ats	referrer	read	backend/src/modules/ats/mock-digilocker.routes.ts
ats	government	read	backend/src/modules/ats/mock-digilocker.routes.ts
ats	candidate_bgv_check	read	backend/src/modules/ats/mock-digilocker.routes.ts
ats	ats_bgv_check	write	backend/src/modules/ats/mock-digilocker.routes.ts
ats	Aadhaar	write	backend/src/modules/ats/mock-digilocker.routes.ts
ats	candidate_bgv_check	write	backend/src/modules/ats/mock-digilocker.routes.ts
ats	candidate_bgv_check	read	backend/src/modules/ats/name-consistency.routes.ts
ats	candidate_onboarding_profile	read	backend/src/modules/ats/name-consistency.routes.ts
ats	ats_candidate	read	backend/src/modules/ats/name-consistency.routes.ts
ats	candidate_onboarding_bank_detail	read	backend/src/modules/ats/name-consistency.routes.ts
ats	employees	read	backend/src/modules/ats/name-consistency.routes.ts
ats	ats_onboarding_bridge	read	backend/src/modules/ats/name-consistency.routes.ts
ats	appointment_letter_request	read	backend/src/modules/ats/name-consistency.routes.ts
ats	candidate_name_match_detail	read	backend/src/modules/ats/name-consistency.routes.ts
ats	candidate_name_match_summary	read	backend/src/modules/ats/name-consistency.routes.ts
ats	candidate_name_match_detail	write	backend/src/modules/ats/name-consistency.routes.ts
ats	candidate_name_match_summary	write	backend/src/modules/ats/name-consistency.routes.ts
ats	candidate_name_override_audit	write	backend/src/modules/ats/name-consistency.routes.ts
ats	candidate_onboarding_profile	read	backend/src/modules/ats/ocr.service.ts
ats	candidate_onboarding_bank_detail	read	backend/src/modules/ats/ocr.service.ts
ats	ats_candidate	read	backend/src/modules/ats/ocr.service.ts
ats	candidate_onboarding_document	write	backend/src/modules/ats/ocr.service.ts
ats	candidate_fraud_alert	write	backend/src/modules/ats/ocr.service.ts
ats	ats_offer_letter_templates	read	backend/src/modules/ats/offer-letter.service.ts
ats	ats_candidate	read	backend/src/modules/ats/offer-letter.service.ts
ats	payroll	read	backend/src/modules/ats/offer-letter.service.ts
ats	ats_payroll_hr_validation	read	backend/src/modules/ats/offer-letter.service.ts
ats	policy	read	backend/src/modules/ats/offer-letter.service.ts
ats	ats_offer_letters	read	backend/src/modules/ats/offer-letter.service.ts
ats	ats_offer_letters	write	backend/src/modules/ats/offer-letter.service.ts
ats	candidate	write	backend/src/modules/ats/offer-letter.service.ts
ats	ats_candidate	write	backend/src/modules/ats/offer-letter.service.ts
ats	status	write	backend/src/modules/ats/offer-letter.service.ts
ats	offer	write	backend/src/modules/ats/offer-letter.service.ts
ats	cannot	write	backend/src/modules/ats/onboarding-bridge-status.ts
ats	ats_onboarding_bridge	write	backend/src/modules/ats/onboarding-bridge-status.ts
ats	candidate_onboarding_otp	read	backend/src/modules/ats/onboarding-full.routes.ts
ats	candidate_onboarding_autosave	read	backend/src/modules/ats/onboarding-full.routes.ts
ats	candidate_onboarding_otp	write	backend/src/modules/ats/onboarding-full.routes.ts
ats	candidate_onboarding_profile	write	backend/src/modules/ats/onboarding-full.routes.ts
ats	candidate_onboarding_autosave	write	backend/src/modules/ats/onboarding-full.routes.ts
ats	candidate_bgv_check	read	backend/src/modules/ats/onboarding-full.service.ts
ats	candidate_onboarding_document	read	backend/src/modules/ats/onboarding-full.service.ts
ats	ats_candidate	read	backend/src/modules/ats/onboarding-full.service.ts
ats	branch_master	read	backend/src/modules/ats/onboarding-full.service.ts
ats	process_master	read	backend/src/modules/ats/onboarding-full.service.ts
ats	ats_provider_transaction_log	read	backend/src/modules/ats/onboarding-full.service.ts
ats	candidate_digilocker_session	read	backend/src/modules/ats/onboarding-full.service.ts
ats	appointment_letter_request	read	backend/src/modules/ats/onboarding-full.service.ts
ats	ats_offer_letters	read	backend/src/modules/ats/onboarding-full.service.ts
ats	doing	read	backend/src/modules/ats/onboarding-full.service.ts
ats	org_settings	read	backend/src/modules/ats/onboarding-full.service.ts
ats	candidate_onboarding_profile	read	backend/src/modules/ats/onboarding-full.service.ts
ats	candidate_onboarding_bank_detail	read	backend/src/modules/ats/onboarding-full.service.ts
ats	legacy	read	backend/src/modules/ats/onboarding-full.service.ts
ats	storeBgvCheckError	read	backend/src/modules/ats/onboarding-full.service.ts
ats	ats_onboarding_bridge	read	backend/src/modules/ats/onboarding-full.service.ts
ats	candidate_onboarding_qualification	read	backend/src/modules/ats/onboarding-full.service.ts
ats	candidate_onboarding_family	read	backend/src/modules/ats/onboarding-full.service.ts
ats	candidate_onboarding_experience	read	backend/src/modules/ats/onboarding-full.service.ts
ats	candidate_onboarding_family_member	read	backend/src/modules/ats/onboarding-full.service.ts
ats	candidate_onboarding_language	read	backend/src/modules/ats/onboarding-full.service.ts
ats	candidate_bgv_consent	read	backend/src/modules/ats/onboarding-full.service.ts
ats	further	read	backend/src/modules/ats/onboarding-full.service.ts
ats	employees	read	backend/src/modules/ats/onboarding-full.service.ts
ats	ats_onboarding_request	read	backend/src/modules/ats/onboarding-full.service.ts
ats	ats_employment_offer	read	backend/src/modules/ats/onboarding-full.service.ts
ats	candidate_onboarding_nominee	read	backend/src/modules/ats/onboarding-full.service.ts
ats	candidate_bgv_check	write	backend/src/modules/ats/onboarding-full.service.ts
ats	candidate_onboarding_submission_log	write	backend/src/modules/ats/onboarding-full.service.ts
ats	ats_provider_transaction_log	write	backend/src/modules/ats/onboarding-full.service.ts
ats	candidate_bgv_report	write	backend/src/modules/ats/onboarding-full.service.ts
ats	candidate_onboarding_profile	write	backend/src/modules/ats/onboarding-full.service.ts
ats	ats_candidate	write	backend/src/modules/ats/onboarding-full.service.ts
ats	clause	write	backend/src/modules/ats/onboarding-full.service.ts
ats	above	write	backend/src/modules/ats/onboarding-full.service.ts
ats	candidate_onboarding_bank_detail	write	backend/src/modules/ats/onboarding-full.service.ts
ats	cheque_name_validation	write	backend/src/modules/ats/onboarding-full.service.ts
ats	candidate_onboarding_qualification	write	backend/src/modules/ats/onboarding-full.service.ts
ats	candidate_onboarding_family	write	backend/src/modules/ats/onboarding-full.service.ts
ats	candidate_onboarding_experience	write	backend/src/modules/ats/onboarding-full.service.ts
ats	matched	write	backend/src/modules/ats/onboarding-full.service.ts
ats	ats_candidate_stage_log	write	backend/src/modules/ats/onboarding-full.service.ts
ats	candidate_onboarding_document	write	backend/src/modules/ats/onboarding-full.service.ts
ats	ats_onboarding_request	write	backend/src/modules/ats/onboarding-full.service.ts
ats	candidate_digilocker_session	write	backend/src/modules/ats/onboarding-full.service.ts
ats	appointment_letter_request	write	backend/src/modules/ats/onboarding-full.service.ts
ats	candidate_onboarding_language	write	backend/src/modules/ats/onboarding-full.service.ts
ats	candidate_onboarding_family_member	write	backend/src/modules/ats/onboarding-full.service.ts
ats	candidate_onboarding_nominee	write	backend/src/modules/ats/onboarding-full.service.ts
ats	candidate_onboarding_section_status	write	backend/src/modules/ats/onboarding-full.service.ts
ats	process	read	backend/src/modules/ats/onboardingDocumentPath.ts
ats	employees	read	backend/src/modules/ats/payroll-hr.routes.ts
ats	salary_slab_master	read	backend/src/modules/ats/payroll-hr.routes.ts
ats	salary_exception_proposal	write	backend/src/modules/ats/payroll-hr.routes.ts
ats	ats_candidate	read	backend/src/modules/ats/payroll-hr.service.ts
ats	ats_bgv_verification	read	backend/src/modules/ats/payroll-hr.service.ts
ats	ats_bgv_verification_details	read	backend/src/modules/ats/payroll-hr.service.ts
ats	candidate_bgv_check	read	backend/src/modules/ats/payroll-hr.service.ts
ats	candidate_bgv_consent	read	backend/src/modules/ats/payroll-hr.service.ts
ats	candidate_onboarding_profile	read	backend/src/modules/ats/payroll-hr.service.ts
ats	ats_payroll_hr_validation	read	backend/src/modules/ats/payroll-hr.service.ts
ats	branch_master	read	backend/src/modules/ats/payroll-hr.service.ts
ats	salary_slab_master	read	backend/src/modules/ats/payroll-hr.service.ts
ats	process_master	read	backend/src/modules/ats/payroll-hr.service.ts
ats	employees	read	backend/src/modules/ats/payroll-hr.service.ts
ats	ats_onboarding_request	read	backend/src/modules/ats/payroll-hr.service.ts
ats	branch_head_assignments	read	backend/src/modules/ats/payroll-hr.service.ts
ats	auth_user	read	backend/src/modules/ats/payroll-hr.service.ts
ats	above	read	backend/src/modules/ats/payroll-hr.service.ts
ats	department_master	read	backend/src/modules/ats/payroll-hr.service.ts
ats	designation_master	read	backend/src/modules/ats/payroll-hr.service.ts
ats	cost_centre_master	read	backend/src/modules/ats/payroll-hr.service.ts
ats	validation	write	backend/src/modules/ats/payroll-hr.service.ts
ats	ats_payroll_hr_validation	write	backend/src/modules/ats/payroll-hr.service.ts
ats	ats_onboarding_request	write	backend/src/modules/ats/payroll-hr.service.ts
ats	ats_employment_offer	write	backend/src/modules/ats/payroll-hr.service.ts
ats	candidate	write	backend/src/modules/ats/payroll-hr.service.ts
ats	ats_candidate	write	backend/src/modules/ats/payroll-hr.service.ts
ats	ats_branch_head_approval	write	backend/src/modules/ats/payroll-hr.service.ts
ats	ats_notification_log	write	backend/src/modules/ats/payroll-hr.service.ts
ats	portal_notification	write	backend/src/modules/ats/payroll-hr.service.ts
ats	process_master	read	backend/src/modules/ats/process-options.ts
ats	ats_queue_token	read	backend/src/modules/ats/queue.enhanced.service.ts
ats	ats_candidate	read	backend/src/modules/ats/queue.enhanced.service.ts
ats	process_master	read	backend/src/modules/ats/queue.enhanced.service.ts
ats	branch_master	read	backend/src/modules/ats/queue.enhanced.service.ts
ats	ats_recruiter_roster	read	backend/src/modules/ats/queue.enhanced.service.ts
ats	employees	read	backend/src/modules/ats/queue.enhanced.service.ts
ats	ats_candidate_assessment	read	backend/src/modules/ats/queue.enhanced.service.ts
ats	ats_typing_test_attempt	read	backend/src/modules/ats/queue.enhanced.service.ts
ats	today	read	backend/src/modules/ats/queue.enhanced.service.ts
ats	ats_interview_submission	read	backend/src/modules/ats/queue.enhanced.service.ts
ats	ats_interview_result	read	backend/src/modules/ats/queue.enhanced.service.ts
ats	ats_recruiter_hiring_activity	read	backend/src/modules/ats/queue.enhanced.service.ts
ats	queue	write	backend/src/modules/ats/queue.enhanced.service.ts
ats	ats_queue_token	write	backend/src/modules/ats/queue.enhanced.service.ts
ats	estimated	write	backend/src/modules/ats/queue.enhanced.service.ts
ats	status	write	backend/src/modules/ats/queue.enhanced.service.ts
ats	branch_master	read	backend/src/modules/ats/queue.routes.ts
ats	employees	read	backend/src/modules/ats/queue.routes.ts
ats	ats_queue_token	read	backend/src/modules/ats/queue.routes.ts
ats	ats_candidate	read	backend/src/modules/ats/queue.routes.ts
ats	roster	read	backend/src/modules/ats/queue.routes.ts
ats	ats_recruiter_roster	read	backend/src/modules/ats/queue.routes.ts
ats	queue	write	backend/src/modules/ats/queue.routes.ts
ats	candidate_bgv_report	read	backend/src/modules/ats/reconciliation.service.ts
ats	ats_candidate	read	backend/src/modules/ats/reconciliation.service.ts
ats	candidate_bgv_check	read	backend/src/modules/ats/reconciliation.service.ts
ats	ats_onboarding_bridge	read	backend/src/modules/ats/reconciliation.service.ts
ats	employees	read	backend/src/modules/ats/reconciliation.service.ts
ats	ats_payroll_hr_validation	read	backend/src/modules/ats/reconciliation.service.ts
ats	ats_employment_offer	read	backend/src/modules/ats/reconciliation.service.ts
ats	employee_salary_assignment	read	backend/src/modules/ats/reconciliation.service.ts
ats	it_provisioning_request	read	backend/src/modules/ats/reconciliation.service.ts
ats	ats_recruiter_hiring_activity	read	backend/src/modules/ats/recruiter-hiring.routes.ts
ats	employees	read	backend/src/modules/ats/recruiter-hiring.routes.ts
ats	branch_master	read	backend/src/modules/ats/recruiter-hiring.routes.ts
ats	ats_onboarding_bridge	read	backend/src/modules/ats/recruiter-hiring.routes.ts
ats	ats_candidate	read	backend/src/modules/ats/recruiter-hiring.routes.ts
ats	work_inbox_item	read	backend/src/modules/ats/recruiter-hiring.routes.ts
ats	ats_recruiter_hiring_activity	write	backend/src/modules/ats/recruiter-hiring.routes.ts
ats	work_inbox_item	write	backend/src/modules/ats/recruiter-hiring.routes.ts
ats	ats_form_config	read	backend/src/modules/ats/recruiter-hiring.service.ts
ats	employees	read	backend/src/modules/ats/recruiter-hiring.service.ts
ats	branch_master	read	backend/src/modules/ats/recruiter-hiring.service.ts
ats	ats_recruiter_hiring_activity	read	backend/src/modules/ats/recruiter-hiring.service.ts
ats	ats_candidate	read	backend/src/modules/ats/recruiter-hiring.service.ts
ats	ats_queue_token	read	backend/src/modules/ats/recruiter-hiring.service.ts
ats	department_master	read	backend/src/modules/ats/recruiter-hiring.service.ts
ats	designation_master	read	backend/src/modules/ats/recruiter-hiring.service.ts
ats	ats_recruiter_hiring_import_batch	read	backend/src/modules/ats/recruiter-hiring.service.ts
ats	ats_recruiter_hiring_import_error	read	backend/src/modules/ats/recruiter-hiring.service.ts
ats	ats_recruiter_hiring_activity	write	backend/src/modules/ats/recruiter-hiring.service.ts
ats	ats_recruiter_hiring_import_batch	write	backend/src/modules/ats/recruiter-hiring.service.ts
ats	ats_recruiter_hiring_import_error	write	backend/src/modules/ats/recruiter-hiring.service.ts
ats	ats_queue_token	write	backend/src/modules/ats/recruiter-hiring.service.ts
ats	ats_candidate	write	backend/src/modules/ats/recruiter-hiring.service.ts
ats	display	read	backend/src/modules/ats/registration.enhanced.routes.ts
ats	ats_candidate	read	backend/src/modules/ats/registration.enhanced.routes.ts
ats	ats_recruiter_roster	read	backend/src/modules/ats/registration.enhanced.routes.ts
ats	branch_master	read	backend/src/modules/ats/registration.enhanced.routes.ts
ats	employees	read	backend/src/modules/ats/registration.enhanced.routes.ts
ats	ats_queue_token	read	backend/src/modules/ats/registration.enhanced.routes.ts
ats	plain	read	backend/src/modules/ats/registration.enhanced.routes.ts
ats	fires	write	backend/src/modules/ats/registration.enhanced.routes.ts
ats	ats_candidate	write	backend/src/modules/ats/registration.enhanced.routes.ts
ats	ats_queue_token	write	backend/src/modules/ats/registration.enhanced.routes.ts
ats	above	write	backend/src/modules/ats/registration.enhanced.routes.ts
ats	salary_component_assignments	read	backend/src/modules/ats/salary-component-assignment.routes.ts
ats	payroll_salary_slabs	read	backend/src/modules/ats/salary-component-assignment.routes.ts
ats	salary_grade_master	read	backend/src/modules/ats/salary-component-assignment.routes.ts
ats	these	read	backend/src/modules/ats/salary-component-assignment.routes.ts
ats	salary_package_master	read	backend/src/modules/ats/salary-component-assignment.routes.ts
ats	anywhere	write	backend/src/modules/ats/salary-component-assignment.routes.ts
ats	salary_component_assignments	write	backend/src/modules/ats/salary-component-assignment.routes.ts
ats	candidate	write	backend/src/modules/ats/salary-component-assignment.routes.ts
ats	ats_candidate	write	backend/src/modules/ats/salary-component-assignment.routes.ts
ats	sensitive_action_log	write	backend/src/modules/ats/salary-component-assignment.routes.ts
ats	work_item	write	backend/src/modules/ats/salary-component-assignment.routes.ts
ats	candidate_onboarding_document	read	backend/src/modules/ats/secure-documents.service.ts
ats	ats_candidate_documents	read	backend/src/modules/ats/secure-documents.service.ts
ats	candidate_document_access_log	read	backend/src/modules/ats/secure-documents.service.ts
ats	candidate_document_access_log	write	backend/src/modules/ats/secure-documents.service.ts
ats	candidate_onboarding_document	write	backend/src/modules/ats/secure-documents.service.ts
ats	ats_candidate_documents	write	backend/src/modules/ats/secure-documents.service.ts
ats	candidate_document_reupload_request	write	backend/src/modules/ats/secure-documents.service.ts
ats	module_access_control	read	backend/src/modules/ats/super-admin.service.ts
ats	employees	read	backend/src/modules/ats/super-admin.service.ts
ats	designation_master	read	backend/src/modules/ats/super-admin.service.ts
ats	branch_master	read	backend/src/modules/ats/super-admin.service.ts
ats	multiple	read	backend/src/modules/ats/super-admin.service.ts
ats	module_access_control	write	backend/src/modules/ats/super-admin.service.ts
ats-assessment	mapping	write	backend/src/modules/ats-assessment/assessment.admin.page.ts
ats-assessment	future	read	backend/src/modules/ats-assessment/assessment.catalog.ts
ats-assessment	memory	read	backend/src/modules/ats-assessment/assessment.catalog.ts
ats-assessment	timeline	write	backend/src/modules/ats-assessment/assessment.catalog.ts
ats-assessment	ats_candidate	read	backend/src/modules/ats-assessment/assessment.routes.ts
ats-assessment	ats_question_bank	write	backend/src/modules/ats-assessment/assessment.schema.ts
ats-assessment	CURRENT_TIMESTAMP	write	backend/src/modules/ats-assessment/assessment.schema.ts
ats-assessment	ats_typing_passage_bank	write	backend/src/modules/ats-assessment/assessment.schema.ts
ats-assessment	ats_assessment_template	write	backend/src/modules/ats-assessment/assessment.schema.ts
ats-assessment	ats_assessment_mapping	write	backend/src/modules/ats-assessment/assessment.schema.ts
ats-assessment	ats_candidate_assessment	write	backend/src/modules/ats-assessment/assessment.schema.ts
ats-assessment	ats_assessment_response	write	backend/src/modules/ats-assessment/assessment.schema.ts
ats-assessment	ats_typing_test_attempt	write	backend/src/modules/ats-assessment/assessment.schema.ts
ats-assessment	ats_identity_otp	write	backend/src/modules/ats-assessment/assessment.schema.ts
ats-assessment	ats_assessment_audit_log	write	backend/src/modules/ats-assessment/assessment.schema.ts
ats-assessment	ats_assessment_template	read	backend/src/modules/ats-assessment/assessment.service.ts
ats-assessment	ats_candidate	read	backend/src/modules/ats-assessment/assessment.service.ts
ats-assessment	ats_queue_token	read	backend/src/modules/ats-assessment/assessment.service.ts
ats-assessment	ats_recruiter_roster	read	backend/src/modules/ats-assessment/assessment.service.ts
ats-assessment	ats_assessment_mapping	read	backend/src/modules/ats-assessment/assessment.service.ts
ats-assessment	ats_candidate_assessment	read	backend/src/modules/ats-assessment/assessment.service.ts
ats-assessment	employees	read	backend/src/modules/ats-assessment/assessment.service.ts
ats-assessment	ats_assessment_response	read	backend/src/modules/ats-assessment/assessment.service.ts
ats-assessment	ats_typing_test_attempt	read	backend/src/modules/ats-assessment/assessment.service.ts
ats-assessment	first	read	backend/src/modules/ats-assessment/assessment.service.ts
ats-assessment	lookupOrAssignAssessment	read	backend/src/modules/ats-assessment/assessment.service.ts
ats-assessment	localStorage	read	backend/src/modules/ats-assessment/assessment.service.ts
ats-assessment	awarded	read	backend/src/modules/ats-assessment/assessment.service.ts
ats-assessment	ats_assessment_audit_log	read	backend/src/modules/ats-assessment/assessment.service.ts
ats-assessment	ats_identity_otp	read	backend/src/modules/ats-assessment/assessment.service.ts
ats-assessment	ats_assessment_audit_log	write	backend/src/modules/ats-assessment/assessment.service.ts
ats-assessment	ats_assessment_template	write	backend/src/modules/ats-assessment/assessment.service.ts
ats-assessment	ats_candidate_assessment	write	backend/src/modules/ats-assessment/assessment.service.ts
ats-assessment	ats_typing_test_attempt	write	backend/src/modules/ats-assessment/assessment.service.ts
ats-assessment	ats_assessment_response	write	backend/src/modules/ats-assessment/assessment.service.ts
ats-assessment	ats_assessment_mapping	write	backend/src/modules/ats-assessment/assessment.service.ts
ats-assessment	ats_identity_otp	write	backend/src/modules/ats-assessment/assessment.service.ts
ats-assessment	ats_assessment_template	read	backend/src/modules/ats-assessment/assessment.template-builder.service.ts
ats-assessment	ats_assessment_template	write	backend/src/modules/ats-assessment/assessment.template-builder.service.ts
ats-assessment	macOS	read	backend/src/modules/ats-assessment/device-guard.ts
ats-assessment	MOBILE_UA_PATTERN_SOURCE	read	backend/src/modules/ats-assessment/device-guard.ts
ats-assessment	Wednesday	read	backend/src/modules/ats-assessment/question-bank-seed-fresher.ts
ats-assessment	reading	read	backend/src/modules/ats-assessment/question-bank-seed-fresher.ts
ats-assessment	document	read	backend/src/modules/ats-assessment/question-bank-seed.ts
ats-assessment	receipt	read	backend/src/modules/ats-assessment/question-bank-seed.ts
ats-assessment	cheques	read	backend/src/modules/ats-assessment/question-bank-seed.ts
ats-assessment	their	read	backend/src/modules/ats-assessment/question-bank-seed.ts
ats-assessment	someone	read	backend/src/modules/ats-assessment/question-bank-seed.ts
ats-assessment	start	read	backend/src/modules/ats-assessment/question-bank-seed.ts
ats-assessment	ats_question_bank	read	backend/src/modules/ats-assessment/question-bank.service.ts
ats-assessment	ats_typing_passage_bank	read	backend/src/modules/ats-assessment/question-bank.service.ts
ats-assessment	mixed	read	backend/src/modules/ats-assessment/question-bank.service.ts
ats-assessment	ats_question_bank	write	backend/src/modules/ats-assessment/question-bank.service.ts
ats-assessment	ats_typing_passage_bank	write	backend/src/modules/ats-assessment/question-bank.service.ts
ats-extensions	everything	read	backend/src/modules/ats-extensions/ats-ext.routes.ts
ats-extensions	manpower_requisition	read	backend/src/modules/ats-extensions/ats-ext.service.ts
ats-extensions	process_master	read	backend/src/modules/ats-extensions/ats-ext.service.ts
ats-extensions	branch_master	read	backend/src/modules/ats-extensions/ats-ext.service.ts
ats-extensions	designation_master	read	backend/src/modules/ats-extensions/ats-ext.service.ts
ats-extensions	ats_bgv_record	read	backend/src/modules/ats-extensions/ats-ext.service.ts
ats-extensions	ats_candidate	read	backend/src/modules/ats-extensions/ats-ext.service.ts
ats-extensions	ats_offer	read	backend/src/modules/ats-extensions/ats-ext.service.ts
ats-extensions	ats_duplicate_log	read	backend/src/modules/ats-extensions/ats-ext.service.ts
ats-extensions	stage	read	backend/src/modules/ats-extensions/ats-ext.service.ts
ats-extensions	manpower_requisition	write	backend/src/modules/ats-extensions/ats-ext.service.ts
ats-extensions	ats_bgv_record	write	backend/src/modules/ats-extensions/ats-ext.service.ts
ats-extensions	ats_candidate	write	backend/src/modules/ats-extensions/ats-ext.service.ts
ats-extensions	ats_offer	write	backend/src/modules/ats-extensions/ats-ext.service.ts
ats-extensions	ats_duplicate_log	write	backend/src/modules/ats-extensions/ats-ext.service.ts
ats-full-parity	trends	read	backend/src/modules/ats-full-parity/analytics-simple.service.ts
ats-full-parity	periods	read	backend/src/modules/ats-full-parity/analytics-simple.service.ts
ats-full-parity	ats_recruiter_roster	read	backend/src/modules/ats-full-parity/atsFullParity.routes.ts
ats-full-parity	analytics	read	backend/src/modules/ats-full-parity/atsFullParity.routes.ts
ats-full-parity	whichever	read	backend/src/modules/ats-full-parity/atsFullParity.service.ts
ats-full-parity	different	read	backend/src/modules/ats-full-parity/atsFullParity.service.ts
ats-full-parity	waiting	read	backend/src/modules/ats-full-parity/atsFullParity.service.ts
ats-full-parity	would	read	backend/src/modules/ats-full-parity/atsFullParity.service.ts
ats-full-parity	branch_master	read	backend/src/modules/ats-full-parity/atsFullParity.service.ts
ats-full-parity	ats_command_config	read	backend/src/modules/ats-full-parity/atsFullParity.service.ts
ats-full-parity	ats_email_template	read	backend/src/modules/ats-full-parity/atsFullParity.service.ts
ats-full-parity	caller	read	backend/src/modules/ats-full-parity/atsFullParity.service.ts
ats-full-parity	ats_candidate	read	backend/src/modules/ats-full-parity/atsFullParity.service.ts
ats-full-parity	process_master	read	backend/src/modules/ats-full-parity/atsFullParity.service.ts
ats-full-parity	ats_candidate_stage_log	read	backend/src/modules/ats-full-parity/atsFullParity.service.ts
ats-full-parity	ats_candidate_confirmation	read	backend/src/modules/ats-full-parity/atsFullParity.service.ts
ats-full-parity	ats_command_email_log	read	backend/src/modules/ats-full-parity/atsFullParity.service.ts
ats-full-parity	ats_notification_log	read	backend/src/modules/ats-full-parity/atsFullParity.service.ts
ats-full-parity	ats_recruiter_roster	read	backend/src/modules/ats-full-parity/atsFullParity.service.ts
ats-full-parity	ats_sourcing_channel	read	backend/src/modules/ats-full-parity/atsFullParity.service.ts
ats-full-parity	ats_command_audit_log	write	backend/src/modules/ats-full-parity/atsFullParity.service.ts
ats-full-parity	ats_command_email_log	write	backend/src/modules/ats-full-parity/atsFullParity.service.ts
ats-full-parity	ats_candidate	write	backend/src/modules/ats-full-parity/atsFullParity.service.ts
ats-full-parity	ats_recruiter_roster	write	backend/src/modules/ats-full-parity/atsFullParity.service.ts
ats-full-parity	ats_candidate_stage_log	write	backend/src/modules/ats-full-parity/atsFullParity.service.ts
ats-full-parity	ats_candidate_confirmation	write	backend/src/modules/ats-full-parity/atsFullParity.service.ts
ats-full-parity	ats_bgv_response	write	backend/src/modules/ats-full-parity/atsFullParity.service.ts
ats-full-parity	ats_doc_upload_response	write	backend/src/modules/ats-full-parity/atsFullParity.service.ts
ats-full-parity	ats_recruiter_device	write	backend/src/modules/ats-full-parity/atsFullParity.service.ts
ats-full-parity	ats_command_sla_event	write	backend/src/modules/ats-full-parity/atsFullParity.service.ts
ats-full-parity	ats_daily_branch_report_log	write	backend/src/modules/ats-full-parity/atsFullParity.service.ts
ats-full-parity	ats_recruiter_roster	read	backend/src/modules/ats-full-parity/recruiterInterview.service.ts
ats-full-parity	employees	read	backend/src/modules/ats-full-parity/recruiterInterview.service.ts
ats-full-parity	auth_user	read	backend/src/modules/ats-full-parity/recruiterInterview.service.ts
ats-full-parity	biometric_attendance_log	read	backend/src/modules/ats-full-parity/recruiterInterview.service.ts
ats-full-parity	ats_candidate	read	backend/src/modules/ats-full-parity/recruiterInterview.service.ts
ats-full-parity	ats_interview_submission	read	backend/src/modules/ats-full-parity/recruiterInterview.service.ts
ats-full-parity	ats_onboarding_bridge	read	backend/src/modules/ats-full-parity/recruiterInterview.service.ts
ats-full-parity	branch_master	read	backend/src/modules/ats-full-parity/recruiterInterview.service.ts
ats-full-parity	designation_master	read	backend/src/modules/ats-full-parity/recruiterInterview.service.ts
ats-full-parity	process_master	read	backend/src/modules/ats-full-parity/recruiterInterview.service.ts
ats-full-parity	integration_process_alias	read	backend/src/modules/ats-full-parity/recruiterInterview.service.ts
ats-full-parity	ats_form_config	read	backend/src/modules/ats-full-parity/recruiterInterview.service.ts
ats-full-parity	ats_candidate	write	backend/src/modules/ats-full-parity/recruiterInterview.service.ts
ats-full-parity	ats_recruiter_assignment_log	write	backend/src/modules/ats-full-parity/recruiterInterview.service.ts
ats-full-parity	ats_interview_submission	write	backend/src/modules/ats-full-parity/recruiterInterview.service.ts
ats-full-parity	ats_interview_submission_audit	write	backend/src/modules/ats-full-parity/recruiterInterview.service.ts
ats-full-parity	canonical	write	backend/src/modules/ats-full-parity/recruiterInterview.service.ts
ats-full-parity	ats_queue_token	write	backend/src/modules/ats-full-parity/recruiterInterview.service.ts
ats-full-parity	ats_candidate_stage_log	write	backend/src/modules/ats-full-parity/recruiterInterview.service.ts
ats-full-parity	ats_sensitive_action_log	write	backend/src/modules/ats-full-parity/recruiterInterview.service.ts
ats-full-parity	outcome	write	backend/src/modules/ats-full-parity/recruiterInterview.service.ts
attendance	attendance_regularization	read	backend/src/modules/attendance/attendance.dispute.routes.ts
attendance	employees	read	backend/src/modules/attendance/attendance.dispute.routes.ts
attendance	branch_master	read	backend/src/modules/attendance/attendance.dispute.routes.ts
attendance	process_master	read	backend/src/modules/attendance/attendance.dispute.routes.ts
attendance	attendance_reason_master	read	backend/src/modules/attendance/attendance.dispute.routes.ts
attendance	attendance_daily_record	read	backend/src/modules/attendance/attendance.dispute.routes.ts
attendance	sensitive_action_log	read	backend/src/modules/attendance/attendance.dispute.routes.ts
attendance	attendance_regularization	write	backend/src/modules/attendance/attendance.dispute.routes.ts
attendance	attendance_daily_record	read	backend/src/modules/attendance/attendance.manual-override.routes.ts
attendance	employees	read	backend/src/modules/attendance/attendance.manual-override.routes.ts
attendance	attendance_manual_override	read	backend/src/modules/attendance/attendance.manual-override.routes.ts
attendance	branch_master	read	backend/src/modules/attendance/attendance.manual-override.routes.ts
attendance	process_master	read	backend/src/modules/attendance/attendance.manual-override.routes.ts
attendance	auth_user	read	backend/src/modules/attendance/attendance.manual-override.routes.ts
attendance	salary_prep_run	read	backend/src/modules/attendance/attendance.manual-override.routes.ts
attendance	payroll	read	backend/src/modules/attendance/attendance.manual-override.routes.ts
attendance	sensitive_action_log	read	backend/src/modules/attendance/attendance.manual-override.routes.ts
attendance	attendance_daily_record	write	backend/src/modules/attendance/attendance.manual-override.routes.ts
attendance	attendance_manual_override	write	backend/src/modules/attendance/attendance.manual-override.routes.ts
attendance	existing	write	backend/src/modules/attendance/attendance.manual-override.routes.ts
attendance	attendance_billing_config	read	backend/src/modules/attendance/billing-config.routes.ts
attendance	process_master	read	backend/src/modules/attendance/billing-config.routes.ts
attendance	branch_master	read	backend/src/modules/attendance/billing-config.routes.ts
attendance	designation_master	read	backend/src/modules/attendance/billing-config.routes.ts
attendance	employees	read	backend/src/modules/attendance/billing-config.routes.ts
attendance	attendance_billing_config	write	backend/src/modules/attendance/billing-config.routes.ts
audit	sensitive_action_log	read	backend/src/modules/audit/audit.log.routes.ts
audit	auth_user	read	backend/src/modules/audit/audit.log.routes.ts
auth	explicit	read	backend/src/modules/auth/auth-cookie.ts
auth	FRONTEND_URL	read	backend/src/modules/auth/auth-cookie.ts
auth	httpOnly	read	backend/src/modules/auth/auth-cookie.ts
auth	workforce_role_catalog	read	backend/src/modules/auth/auth-launch.routes.ts
auth	department	read	backend/src/modules/auth/auth-launch.routes.ts
auth	user_roles	read	backend/src/modules/auth/auth-launch.routes.ts
auth	auth_user	read	backend/src/modules/auth/auth-launch.routes.ts
auth	kpi_role_template	read	backend/src/modules/auth/auth-launch.routes.ts
auth	kpi_process_template	read	backend/src/modules/auth/auth-launch.routes.ts
auth	hrms_launch_invite_log	read	backend/src/modules/auth/auth-launch.routes.ts
auth	employees	read	backend/src/modules/auth/auth-launch.routes.ts
auth	user_roles	write	backend/src/modules/auth/auth-launch.routes.ts
auth	work_inbox_item	write	backend/src/modules/auth/auth-launch.routes.ts
auth	employee_journey_log	write	backend/src/modules/auth/auth-launch.routes.ts
auth	hrms_launch_bootstrap_log	write	backend/src/modules/auth/auth-launch.routes.ts
auth	auth_user	write	backend/src/modules/auth/auth-launch.routes.ts
auth	employees	write	backend/src/modules/auth/auth-launch.routes.ts
auth	hrms_launch_invite_log	write	backend/src/modules/auth/auth-launch.routes.ts
auth	kpi_employee_assignment	write	backend/src/modules/auth/auth-launch.routes.ts
auth	employees	read	backend/src/modules/auth/auth.routes.ts
auth	chain	read	backend/src/modules/auth/auth.routes.ts
auth	candidate	read	backend/src/modules/auth/auth.routes.ts
auth	auth_invitation	read	backend/src/modules/auth/auth.routes.ts
auth	auth_user	read	backend/src/modules/auth/auth.routes.ts
auth	user_roles	read	backend/src/modules/auth/auth.routes.ts
auth	designation_master	read	backend/src/modules/auth/auth.routes.ts
auth	user_device_sessions	read	backend/src/modules/auth/auth.routes.ts
auth	auth_invitation	write	backend/src/modules/auth/auth.routes.ts
auth	auth_user	write	backend/src/modules/auth/auth.routes.ts
auth	employees	write	backend/src/modules/auth/auth.routes.ts
auth	auth_refresh_token	write	backend/src/modules/auth/auth.routes.ts
auth	user_device_sessions	write	backend/src/modules/auth/auth.routes.ts
auth	user_roles	read	backend/src/modules/auth/auth.service.ts
auth	workforce_role_catalog	read	backend/src/modules/auth/auth.service.ts
auth	auth_user	read	backend/src/modules/auth/auth.service.ts
auth	employees	read	backend/src/modules/auth/auth.service.ts
auth	logging	read	backend/src/modules/auth/auth.service.ts
auth	org_settings	read	backend/src/modules/auth/auth.service.ts
auth	auth_refresh_token	read	backend/src/modules/auth/auth.service.ts
auth	refresh	read	backend/src/modules/auth/auth.service.ts
auth	pre_auth_challenge	read	backend/src/modules/auth/auth.service.ts
auth	auth_two_factor_challenge	read	backend/src/modules/auth/auth.service.ts
auth	ats_onboarding_bridge	read	backend/src/modules/auth/auth.service.ts
auth	ats_candidate	read	backend/src/modules/auth/auth.service.ts
auth	auth_password_reset	read	backend/src/modules/auth/auth.service.ts
auth	auth_otp_reset	read	backend/src/modules/auth/auth.service.ts
auth	security_audit_event	write	backend/src/modules/auth/auth.service.ts
auth	user_roles	write	backend/src/modules/auth/auth.service.ts
auth	auth_user	write	backend/src/modules/auth/auth.service.ts
auth	employees	write	backend/src/modules/auth/auth.service.ts
auth	pre_auth_challenge	write	backend/src/modules/auth/auth.service.ts
auth	auth_refresh_token	write	backend/src/modules/auth/auth.service.ts
auth	user_device_sessions	write	backend/src/modules/auth/auth.service.ts
auth	ats_candidate	write	backend/src/modules/auth/auth.service.ts
auth	auth_password_reset	write	backend/src/modules/auth/auth.service.ts
auth	lands	write	backend/src/modules/auth/auth.service.ts
auth	auth_otp_reset	write	backend/src/modules/auth/auth.service.ts
auth	const	write	backend/src/modules/auth/auth.service.ts
auth	user_roles	read	backend/src/modules/auth/launch-eligibility.ts
auth	user_assignment_scope	read	backend/src/modules/auth/launch-eligibility.ts
auth	hrms_launch_invite_log	read	backend/src/modules/auth/launch-eligibility.ts
auth	employees	read	backend/src/modules/auth/launch-eligibility.ts
auth	auth_user	read	backend/src/modules/auth/launch-eligibility.ts
auth	branch_master	read	backend/src/modules/auth/launch-eligibility.ts
auth	process_master	read	backend/src/modules/auth/launch-eligibility.ts
auth	designation_master	read	backend/src/modules/auth/launch-eligibility.ts
auth	department_master	read	backend/src/modules/auth/launch-eligibility.ts
auth	auth_user	read	backend/src/modules/auth/twoFactor.service.ts
auth	employees	read	backend/src/modules/auth/twoFactor.service.ts
auth	auth_two_factor_challenge	read	backend/src/modules/auth/twoFactor.service.ts
auth	auth_two_factor_challenge	write	backend/src/modules/auth/twoFactor.service.ts
benefits	employees	read	backend/src/modules/benefits/benefits.routes.ts
benefits	benefit_plan	read	backend/src/modules/benefits/benefits.service.ts
benefits	benefit_enrollment	read	backend/src/modules/benefits/benefits.service.ts
benefits	reimbursement_claim	read	backend/src/modules/benefits/benefits.service.ts
benefits	employees	read	backend/src/modules/benefits/benefits.service.ts
benefits	benefit_plan	write	backend/src/modules/benefits/benefits.service.ts
benefits	benefit_enrollment	write	backend/src/modules/benefits/benefits.service.ts
benefits	reimbursement_claim	write	backend/src/modules/benefits/benefits.service.ts
break-management	being	read	backend/src/modules/break-management/break-management.service.ts
break-management	wfm_roster_assignment	read	backend/src/modules/break-management/break-management.service.ts
break-management	wfm_shift_master	read	backend/src/modules/break-management/break-management.service.ts
break-management	another	read	backend/src/modules/break-management/break-management.service.ts
break-management	break_settings	read	backend/src/modules/break-management/break-management.service.ts
break-management	break_sessions	read	backend/src/modules/break-management/break-management.service.ts
break-management	employees	read	backend/src/modules/break-management/break-management.service.ts
break-management	integration_biometric_daily	read	backend/src/modules/break-management/break-management.service.ts
break-management	biometric_attendance_log	read	backend/src/modules/break-management/break-management.service.ts
break-management	leave_request	read	backend/src/modules/break-management/break-management.service.ts
break-management	leave_type_master	read	backend/src/modules/break-management/break-management.service.ts
break-management	branch_master	read	backend/src/modules/break-management/break-management.service.ts
break-management	process_master	read	backend/src/modules/break-management/break-management.service.ts
break-management	department_master	read	backend/src/modules/break-management/break-management.service.ts
break-management	break_alert_logs	read	backend/src/modules/break-management/break-management.service.ts
break-management	HRMS2	read	backend/src/modules/break-management/break-management.service.ts
break-management	break_kiosk_devices	read	backend/src/modules/break-management/break-management.service.ts
break-management	designation_master	read	backend/src/modules/break-management/break-management.service.ts
break-management	employee_biometric_enrollment	read	backend/src/modules/break-management/break-management.service.ts
break-management	break_daily_summary	read	backend/src/modules/break-management/break-management.service.ts
break-management	auth_user	read	backend/src/modules/break-management/break-management.service.ts
break-management	attendance_daily_record	read	backend/src/modules/break-management/break-management.service.ts
break-management	break_audit_logs	write	backend/src/modules/break-management/break-management.service.ts
break-management	break_daily_summary	write	backend/src/modules/break-management/break-management.service.ts
break-management	break_alert_logs	write	backend/src/modules/break-management/break-management.service.ts
break-management	break_sessions	write	backend/src/modules/break-management/break-management.service.ts
break-management	biometric_attendance_log	write	backend/src/modules/break-management/break-management.service.ts
break-management	break_kiosk_devices	write	backend/src/modules/break-management/break-management.service.ts
break-management	break_settings	write	backend/src/modules/break-management/break-management.service.ts
bulk-upload	upload_batch_row	read	backend/src/modules/bulk-upload/asset-master-bulk.service.ts
bulk-upload	branch_master	read	backend/src/modules/bulk-upload/asset-master-bulk.service.ts
bulk-upload	asset_master	write	backend/src/modules/bulk-upload/asset-master-bulk.service.ts
bulk-upload	upload_batch_row	write	backend/src/modules/bulk-upload/asset-master-bulk.service.ts
bulk-upload	upload_batch	write	backend/src/modules/bulk-upload/asset-master-bulk.service.ts
bulk-upload	upload_batch_row	read	backend/src/modules/bulk-upload/attendance-regularization-bulk.service.ts
bulk-upload	upload_batch_row	read	backend/src/modules/bulk-upload/branch-master-bulk.service.ts
bulk-upload	branch_master	write	backend/src/modules/bulk-upload/branch-master-bulk.service.ts
bulk-upload	upload_batch_row	write	backend/src/modules/bulk-upload/branch-master-bulk.service.ts
bulk-upload	upload_batch	write	backend/src/modules/bulk-upload/branch-master-bulk.service.ts
bulk-upload	upload_batch	read	backend/src/modules/bulk-upload/bulk-approval.routes.ts
bulk-upload	branch_master	read	backend/src/modules/bulk-upload/bulk-approval.routes.ts
bulk-upload	auth_user	read	backend/src/modules/bulk-upload/bulk-approval.routes.ts
bulk-upload	employees	read	backend/src/modules/bulk-upload/bulk-approval.routes.ts
bulk-upload	upload_batch_row	read	backend/src/modules/bulk-upload/bulk-approval.routes.ts
bulk-upload	upload_batch_row	read	backend/src/modules/bulk-upload/bulk-approval.service.ts
bulk-upload	employees	read	backend/src/modules/bulk-upload/bulk-approval.service.ts
bulk-upload	bulk_upload_locked_entity	read	backend/src/modules/bulk-upload/bulk-approval.service.ts
bulk-upload	upload_batch	read	backend/src/modules/bulk-upload/bulk-approval.service.ts
bulk-upload	upload_batch_row	write	backend/src/modules/bulk-upload/bulk-approval.service.ts
bulk-upload	bulk_upload_locked_entity	write	backend/src/modules/bulk-upload/bulk-approval.service.ts
bulk-upload	upload_batch	write	backend/src/modules/bulk-upload/bulk-approval.service.ts
bulk-upload	upload_template_master	read	backend/src/modules/bulk-upload/bulk-upload.routes.ts
bulk-upload	upload_batch	read	backend/src/modules/bulk-upload/bulk-upload.routes.ts
bulk-upload	upload_batch_row	read	backend/src/modules/bulk-upload/bulk-upload.routes.ts
bulk-upload	upload_batch	write	backend/src/modules/bulk-upload/bulk-upload.routes.ts
bulk-upload	upload_batch_row	write	backend/src/modules/bulk-upload/bulk-upload.routes.ts
bulk-upload	payroll_deduction_type	read	backend/src/modules/bulk-upload/deduction-bulk.service.ts
bulk-upload	employee_deduction_entries	read	backend/src/modules/bulk-upload/deduction-bulk.service.ts
bulk-upload	upload_batch_row	read	backend/src/modules/bulk-upload/deduction-bulk.service.ts
bulk-upload	employee_deduction_entries	write	backend/src/modules/bulk-upload/deduction-bulk.service.ts
bulk-upload	upload_batch_row	read	backend/src/modules/bulk-upload/department-master-bulk.service.ts
bulk-upload	department_master	write	backend/src/modules/bulk-upload/department-master-bulk.service.ts
bulk-upload	upload_batch_row	write	backend/src/modules/bulk-upload/department-master-bulk.service.ts
bulk-upload	upload_batch	write	backend/src/modules/bulk-upload/department-master-bulk.service.ts
bulk-upload	upload_batch_row	read	backend/src/modules/bulk-upload/designation-master-bulk.service.ts
bulk-upload	designation_master	write	backend/src/modules/bulk-upload/designation-master-bulk.service.ts
bulk-upload	upload_batch_row	write	backend/src/modules/bulk-upload/designation-master-bulk.service.ts
bulk-upload	upload_batch	write	backend/src/modules/bulk-upload/designation-master-bulk.service.ts
bulk-upload	upload_batch_row	read	backend/src/modules/bulk-upload/employee-master-bulk.service.ts
bulk-upload	branch_master	read	backend/src/modules/bulk-upload/employee-master-bulk.service.ts
bulk-upload	department_master	read	backend/src/modules/bulk-upload/employee-master-bulk.service.ts
bulk-upload	designation_master	read	backend/src/modules/bulk-upload/employee-master-bulk.service.ts
bulk-upload	cost_centre_master	read	backend/src/modules/bulk-upload/employee-master-bulk.service.ts
bulk-upload	process_master	read	backend/src/modules/bulk-upload/employee-master-bulk.service.ts
bulk-upload	lob_master	read	backend/src/modules/bulk-upload/employee-master-bulk.service.ts
bulk-upload	employees	write	backend/src/modules/bulk-upload/employee-master-bulk.service.ts
bulk-upload	upload_batch_row	write	backend/src/modules/bulk-upload/employee-master-bulk.service.ts
bulk-upload	upload_batch	write	backend/src/modules/bulk-upload/employee-master-bulk.service.ts
bulk-upload	incentive_master	read	backend/src/modules/bulk-upload/incentive-bulk.service.ts
bulk-upload	upload_batch	read	backend/src/modules/bulk-upload/incentive-bulk.service.ts
bulk-upload	incentive_upload_line	read	backend/src/modules/bulk-upload/incentive-bulk.service.ts
bulk-upload	incentive_upload_batch	read	backend/src/modules/bulk-upload/incentive-bulk.service.ts
bulk-upload	upload_batch_row	read	backend/src/modules/bulk-upload/incentive-bulk.service.ts
bulk-upload	approver_user_id	read	backend/src/modules/bulk-upload/incentive-bulk.service.ts
bulk-upload	incentive_upload_batch	write	backend/src/modules/bulk-upload/incentive-bulk.service.ts
bulk-upload	incentive_upload_line	write	backend/src/modules/bulk-upload/incentive-bulk.service.ts
bulk-upload	incentive_approval_step	write	backend/src/modules/bulk-upload/incentive-bulk.service.ts
bulk-upload	leave_type_master	read	backend/src/modules/bulk-upload/leave-application-bulk.service.ts
bulk-upload	upload_batch_row	read	backend/src/modules/bulk-upload/leave-application-bulk.service.ts
bulk-upload	leave_request	write	backend/src/modules/bulk-upload/leave-application-bulk.service.ts
bulk-upload	upload_batch_row	read	backend/src/modules/bulk-upload/lob-master-bulk.service.ts
bulk-upload	lob_master	write	backend/src/modules/bulk-upload/lob-master-bulk.service.ts
bulk-upload	upload_batch_row	write	backend/src/modules/bulk-upload/lob-master-bulk.service.ts
bulk-upload	upload_batch	write	backend/src/modules/bulk-upload/lob-master-bulk.service.ts
bulk-upload	upload_batch_row	read	backend/src/modules/bulk-upload/pf-uan-bulk.service.ts
bulk-upload	employees	read	backend/src/modules/bulk-upload/pf-uan-bulk.service.ts
bulk-upload	employee_statutory_info	read	backend/src/modules/bulk-upload/pf-uan-bulk.service.ts
bulk-upload	employee_statutory_info	write	backend/src/modules/bulk-upload/pf-uan-bulk.service.ts
bulk-upload	employee_uan	write	backend/src/modules/bulk-upload/pf-uan-bulk.service.ts
bulk-upload	employee_epf_compliance_profile	write	backend/src/modules/bulk-upload/pf-uan-bulk.service.ts
bulk-upload	upload_batch_row	write	backend/src/modules/bulk-upload/pf-uan-bulk.service.ts
bulk-upload	upload_batch	write	backend/src/modules/bulk-upload/pf-uan-bulk.service.ts
bulk-upload	upload_batch_row	read	backend/src/modules/bulk-upload/process-master-bulk.service.ts
bulk-upload	branch_master	read	backend/src/modules/bulk-upload/process-master-bulk.service.ts
bulk-upload	process_master	write	backend/src/modules/bulk-upload/process-master-bulk.service.ts
bulk-upload	upload_batch_row	write	backend/src/modules/bulk-upload/process-master-bulk.service.ts
bulk-upload	upload_batch	write	backend/src/modules/bulk-upload/process-master-bulk.service.ts
bulk-upload	upload_batch_row	read	backend/src/modules/bulk-upload/reporting-manager-bulk.service.ts
bulk-upload	employees	read	backend/src/modules/bulk-upload/reporting-manager-bulk.service.ts
bulk-upload	instead	write	backend/src/modules/bulk-upload/reporting-manager-bulk.service.ts
bulk-upload	always	write	backend/src/modules/bulk-upload/reporting-manager-bulk.service.ts
bulk-upload	employees	write	backend/src/modules/bulk-upload/reporting-manager-bulk.service.ts
bulk-upload	upload_batch_row	write	backend/src/modules/bulk-upload/reporting-manager-bulk.service.ts
bulk-upload	upload_batch	write	backend/src/modules/bulk-upload/reporting-manager-bulk.service.ts
bulk-upload	upload_batch_row	read	backend/src/modules/bulk-upload/roster-assignment-bulk.service.ts
bulk-upload	employees	read	backend/src/modules/bulk-upload/roster-assignment-bulk.service.ts
bulk-upload	wfm_shift_template	read	backend/src/modules/bulk-upload/roster-assignment-bulk.service.ts
bulk-upload	inside	read	backend/src/modules/bulk-upload/roster-assignment-bulk.service.ts
bulk-upload	either	read	backend/src/modules/bulk-upload/roster-assignment-bulk.service.ts
bulk-upload	wfm_roster_assignment	read	backend/src/modules/bulk-upload/roster-assignment-bulk.service.ts
bulk-upload	upload_batch_row	write	backend/src/modules/bulk-upload/roster-assignment-bulk.service.ts
bulk-upload	route	write	backend/src/modules/bulk-upload/roster-assignment-bulk.service.ts
bulk-upload	wfm_roster_assignment	write	backend/src/modules/bulk-upload/roster-assignment-bulk.service.ts
bulk-upload	upload_batch	write	backend/src/modules/bulk-upload/roster-assignment-bulk.service.ts
bulk-upload	wfm_shift_template	read	backend/src/modules/bulk-upload/shift-roster-bulk.service.ts
bulk-upload	upload_batch_row	read	backend/src/modules/bulk-upload/shift-roster-bulk.service.ts
bulk-upload	employees	read	backend/src/modules/bulk-upload/shift-roster-bulk.service.ts
bulk-upload	weekly_roster_cycle	read	backend/src/modules/bulk-upload/shift-roster-bulk.service.ts
bulk-upload	wfm_roster_assignment	read	backend/src/modules/bulk-upload/shift-roster-bulk.service.ts
bulk-upload	wfm_shift_template	write	backend/src/modules/bulk-upload/shift-roster-bulk.service.ts
bulk-upload	upload_batch_row	write	backend/src/modules/bulk-upload/shift-roster-bulk.service.ts
bulk-upload	weekly_roster_cycle	write	backend/src/modules/bulk-upload/shift-roster-bulk.service.ts
bulk-upload	wfm_roster_assignment	write	backend/src/modules/bulk-upload/shift-roster-bulk.service.ts
bulk-upload	upload_batch	write	backend/src/modules/bulk-upload/shift-roster-bulk.service.ts
bulk-upload	upload_batch_row	read	backend/src/modules/bulk-upload/shift-rotation-type-bulk.service.ts
bulk-upload	employees	read	backend/src/modules/bulk-upload/shift-rotation-type-bulk.service.ts
bulk-upload	always	write	backend/src/modules/bulk-upload/shift-rotation-type-bulk.service.ts
bulk-upload	employees	write	backend/src/modules/bulk-upload/shift-rotation-type-bulk.service.ts
bulk-upload	upload_batch_row	write	backend/src/modules/bulk-upload/shift-rotation-type-bulk.service.ts
bulk-upload	upload_batch	write	backend/src/modules/bulk-upload/shift-rotation-type-bulk.service.ts
bulk-upload	upload_batch_row	read	backend/src/modules/bulk-upload/weekoff-preference-bulk.service.ts
bulk-upload	employees	read	backend/src/modules/bulk-upload/weekoff-preference-bulk.service.ts
bulk-upload	week_off_preference	read	backend/src/modules/bulk-upload/weekoff-preference-bulk.service.ts
bulk-upload	week_off_preference	write	backend/src/modules/bulk-upload/weekoff-preference-bulk.service.ts
bulk-upload	upload_batch_row	write	backend/src/modules/bulk-upload/weekoff-preference-bulk.service.ts
bulk-upload	upload_batch	write	backend/src/modules/bulk-upload/weekoff-preference-bulk.service.ts
business-actions	business_action_queue	read	backend/src/modules/business-actions/business-actions.service.ts
business-actions	auth_user	read	backend/src/modules/business-actions/business-actions.service.ts
business-actions	employees	read	backend/src/modules/business-actions/business-actions.service.ts
business-actions	business_action_comment	read	backend/src/modules/business-actions/business-actions.service.ts
business-actions	business_action_queue	write	backend/src/modules/business-actions/business-actions.service.ts
business-actions	rather	write	backend/src/modules/business-actions/business-actions.service.ts
business-actions	business_action_comment	write	backend/src/modules/business-actions/business-actions.service.ts
business-actions	business_action_activity_log	write	backend/src/modules/business-actions/business-actions.service.ts
business-actions	business_action_queue	read	backend/src/modules/business-actions/business-actions.signal-sync.ts
business-actions	auth_user	read	backend/src/modules/business-actions/business-actions.signal-sync.ts
business-actions	people_experience_health_snapshot	read	backend/src/modules/business-actions/business-actions.signal-sync.ts
business-actions	employees	read	backend/src/modules/business-actions/business-actions.signal-sync.ts
business-actions	helpdesk_ticket	read	backend/src/modules/business-actions/business-actions.signal-sync.ts
business-actions	grievance	read	backend/src/modules/business-actions/business-actions.signal-sync.ts
business-actions	salary_prep_run	read	backend/src/modules/business-actions/business-actions.signal-sync.ts
business-actions	attendance_daily_record	read	backend/src/modules/business-actions/business-actions.signal-sync.ts
business-actions	ats_candidate	read	backend/src/modules/business-actions/business-actions.signal-sync.ts
business-actions	process	read	backend/src/modules/business-actions/business-actions.signal-sync.ts
business-actions	wfm_slot_requirement	read	backend/src/modules/business-actions/business-actions.signal-sync.ts
business-actions	process_master	read	backend/src/modules/business-actions/business-actions.signal-sync.ts
business-actions	business_action_queue	write	backend/src/modules/business-actions/business-actions.signal-sync.ts
business-actions	business_action_activity_log	write	backend/src/modules/business-actions/business-actions.signal-sync.ts
business-command	client_master	read	backend/src/modules/business-command/business-command.routes.ts
business-command	process_master	read	backend/src/modules/business-command/business-command.routes.ts
business-command	attendance_daily_record	read	backend/src/modules/business-command/business-command.routes.ts
business-command	workforce_mandate	read	backend/src/modules/business-command/business-command.routes.ts
business-command	mandate	write	backend/src/modules/business-command/business-command.routes.ts
business-command	workforce_mandate	write	backend/src/modules/business-command/business-command.routes.ts
business-command	employees	read	backend/src/modules/business-command/business-command.service.ts
business-command	attendance_daily_record	read	backend/src/modules/business-command/business-command.service.ts
business-command	helpdesk_ticket	read	backend/src/modules/business-command/business-command.service.ts
business-command	people_experience_health_snapshot	read	backend/src/modules/business-command/business-command.service.ts
business-command	grievance	read	backend/src/modules/business-command/business-command.service.ts
business-command	salary_prep_line	read	backend/src/modules/business-command/business-command.service.ts
business-command	salary_prep_run	read	backend/src/modules/business-command/business-command.service.ts
business-intelligence	attendance	read	backend/src/modules/business-intelligence/bi.service.ts
business-intelligence	employees	read	backend/src/modules/business-intelligence/bi.service.ts
business-intelligence	attendance_daily_record	read	backend/src/modules/business-intelligence/bi.service.ts
business-intelligence	process_master	read	backend/src/modules/business-intelligence/bi.service.ts
business-intelligence	policy	read	backend/src/modules/business-intelligence/bi.service.ts
business-intelligence	branch_master	read	backend/src/modules/business-intelligence/bi.service.ts
business-intelligence	exit_request	read	backend/src/modules/business-intelligence/bi.service.ts
business-intelligence	lms_learner_progress	read	backend/src/modules/business-intelligence/bi.service.ts
business-intelligence	salary_prep_line	read	backend/src/modules/business-intelligence/bi.service.ts
business-intelligence	salary_prep_run	read	backend/src/modules/business-intelligence/bi.service.ts
business-intelligence	incentive_upload_batch	read	backend/src/modules/business-intelligence/bi.service.ts
business-intelligence	ff_settlement	read	backend/src/modules/business-intelligence/bi.service.ts
business-intelligence	legacy	read	backend/src/modules/business-intelligence/bi.service.ts
business-intelligence	LoanMaster	read	backend/src/modules/business-intelligence/bi.service.ts
business-intelligence	snapshot	read	backend/src/modules/business-intelligence/bi.service.ts
business-intelligence	db_bill	read	backend/src/modules/business-intelligence/bi.service.ts
business-intelligence	bill_revenue_target_snapshot	read	backend/src/modules/business-intelligence/bi.service.ts
business-intelligence	bill_revenue_actual_snapshot	read	backend/src/modules/business-intelligence/bi.service.ts
business-intelligence	db_audit	read	backend/src/modules/business-intelligence/bi.service.ts
business-intelligence	Shivamgiri	read	backend/src/modules/business-intelligence/bi.service.ts
call-master	db_audit	read	backend/src/modules/call-master/call-master.service.ts
call-master	db_external	read	backend/src/modules/call-master/call-master.service.ts
call-master	Mydashboards	read	backend/src/modules/call-master/call-master.service.ts
call-master	Shivamgiri	read	backend/src/modules/call-master/call-master.service.ts
call-master	db_external	read	backend/src/modules/call-master/customer-intelligence.service.ts
call-master	Shivamgiri	read	backend/src/modules/call-master/customer-intelligence.service.ts
call-master	dialer_db	read	backend/src/modules/call-master/inbound.service.ts
call-master	db_external	read	backend/src/modules/call-master/opening-intelligence.service.ts
call-master	Shivamgiri	read	backend/src/modules/call-master/opening-intelligence.service.ts
call-master	db_external	read	backend/src/modules/call-master/outbound-sales.service.ts
call-master	Shivamgiri	read	backend/src/modules/call-master/outbound-sales.service.ts
candidate-onboarding	ats_onboarding_bridge	read	backend/src/modules/candidate-onboarding/candidate-onboarding.service.ts
candidate-onboarding	candidate_onboarding_sessions	read	backend/src/modules/candidate-onboarding/candidate-onboarding.service.ts
candidate-onboarding	candidate_otp_logs	read	backend/src/modules/candidate-onboarding/candidate-onboarding.service.ts
candidate-onboarding	candidate_onboarding_progress	read	backend/src/modules/candidate-onboarding/candidate-onboarding.service.ts
candidate-onboarding	onboarding_document_master	read	backend/src/modules/candidate-onboarding/candidate-onboarding.service.ts
candidate-onboarding	candidate_onboarding_readiness	read	backend/src/modules/candidate-onboarding/candidate-onboarding.service.ts
candidate-onboarding	candidate_onboarding_progress	write	backend/src/modules/candidate-onboarding/candidate-onboarding.service.ts
candidate-onboarding	candidate_otp_logs	write	backend/src/modules/candidate-onboarding/candidate-onboarding.service.ts
candidate-onboarding	candidate_onboarding_sessions	write	backend/src/modules/candidate-onboarding/candidate-onboarding.service.ts
candidate-onboarding	candidate_onboarding_readiness	write	backend/src/modules/candidate-onboarding/candidate-onboarding.service.ts
career	career_path	read	backend/src/modules/career/career.service.ts
career	employees	read	backend/src/modules/career/career.service.ts
career	pip_record	read	backend/src/modules/career/career.service.ts
career	pip_checkpoint	read	backend/src/modules/career/career.service.ts
career	career_path	write	backend/src/modules/career/career.service.ts
career	pip_record	write	backend/src/modules/career/career.service.ts
career	pip_checkpoint	write	backend/src/modules/career/career.service.ts
client-billing	client_invoice	read	backend/src/modules/client-billing/client-billing-approval.service.ts
client-billing	client_po_number	read	backend/src/modules/client-billing/client-billing-approval.service.ts
client-billing	cost_centre_master	read	backend/src/modules/client-billing/client-billing-approval.service.ts
client-billing	branch_master	read	backend/src/modules/client-billing/client-billing-approval.service.ts
client-billing	client_provision_deduction	read	backend/src/modules/client-billing/client-billing-approval.service.ts
client-billing	client_po_particular	read	backend/src/modules/client-billing/client-billing-approval.service.ts
client-billing	client_po_number	write	backend/src/modules/client-billing/client-billing-approval.service.ts
client-billing	client_po_particular	write	backend/src/modules/client-billing/client-billing-approval.service.ts
client-billing	client_invoice	write	backend/src/modules/client-billing/client-billing-approval.service.ts
client-billing	client_invoice_audit_log	write	backend/src/modules/client-billing/client-billing-approval.service.ts
client-billing	client_provision	write	backend/src/modules/client-billing/client-billing-approval.service.ts
client-billing	client_provision_deduction	write	backend/src/modules/client-billing/client-billing-approval.service.ts
client-billing	client_invoice	read	backend/src/modules/client-billing/client-billing-credit-note.service.ts
client-billing	cost_centre_master	read	backend/src/modules/client-billing/client-billing-credit-note.service.ts
client-billing	branch_master	read	backend/src/modules/client-billing/client-billing-credit-note.service.ts
client-billing	client_credit_note	read	backend/src/modules/client-billing/client-billing-credit-note.service.ts
client-billing	client_credit_note	write	backend/src/modules/client-billing/client-billing-credit-note.service.ts
client-billing	client_credit_note_line	write	backend/src/modules/client-billing/client-billing-credit-note.service.ts
client-billing	client_invoice_number_sequence	write	backend/src/modules/client-billing/client-billing-numbering.service.ts
client-billing	client_invoice	read	backend/src/modules/client-billing/client-billing-pdf.service.ts
client-billing	service_tax_no	read	backend/src/modules/client-billing/client-billing-pdf.service.ts
client-billing	cost_centre_master	read	backend/src/modules/client-billing/client-billing-pdf.service.ts
client-billing	branch_master	read	backend/src/modules/client-billing/client-billing-pdf.service.ts
client-billing	client_invoice_line	read	backend/src/modules/client-billing/client-billing-pdf.service.ts
client-billing	client_credit_note	read	backend/src/modules/client-billing/client-billing-pdf.service.ts
client-billing	client_credit_note_line	read	backend/src/modules/client-billing/client-billing-pdf.service.ts
client-billing	client_invoice	read	backend/src/modules/client-billing/client-billing.routes.ts
client-billing	cost_centre_master	read	backend/src/modules/client-billing/client-billing.routes.ts
client-billing	client_credit_note	read	backend/src/modules/client-billing/client-billing.routes.ts
client-billing	client_invoice_line	read	backend/src/modules/client-billing/client-billing.routes.ts
client-billing	client_invoice_audit_log	read	backend/src/modules/client-billing/client-billing.routes.ts
client-billing	client_credit_note_line	read	backend/src/modules/client-billing/client-billing.routes.ts
client-billing	cost_centre_master	read	backend/src/modules/client-billing/client-billing.service.ts
client-billing	branch_master	read	backend/src/modules/client-billing/client-billing.service.ts
client-billing	client_invoice	write	backend/src/modules/client-billing/client-billing.service.ts
client-billing	client_invoice_line	write	backend/src/modules/client-billing/client-billing.service.ts
communication	dispatch_log	read	backend/src/modules/communication/cleanup.cron.ts
communication	notification_log	read	backend/src/modules/communication/cleanup.cron.ts
communication	dispatch_log	write	backend/src/modules/communication/cleanup.cron.ts
communication	notification	write	backend/src/modules/communication/communication.routes.ts
communication	dispatch_log	read	backend/src/modules/communication/communication.types.ts
communication	status	read	backend/src/modules/communication/communication.types.ts
communication	employees	read	backend/src/modules/communication/dispatch.service.ts
communication	dispatch_log	read	backend/src/modules/communication/dispatch.service.ts
communication	dispatch_log	write	backend/src/modules/communication/dispatch.service.ts
communication	notification_event_config	read	backend/src/modules/communication/notification-admin.routes.ts
communication	nothing	read	backend/src/modules/communication/notification-admin.routes.ts
communication	notification_dispatch_claim	read	backend/src/modules/communication/notification-admin.routes.ts
communication	report_subscription_run	read	backend/src/modules/communication/notification-admin.routes.ts
communication	report_subscription	read	backend/src/modules/communication/notification-admin.routes.ts
communication	notificationGateway	read	backend/src/modules/communication/notification-admin.routes.ts
communication	communication_template	read	backend/src/modules/communication/notification-admin.routes.ts
communication	notification_event_config	write	backend/src/modules/communication/notification-admin.routes.ts
communication	everyone	read	backend/src/modules/communication/notification-event.service.ts
communication	notification_preferences	read	backend/src/modules/communication/notification-preferences.service.ts
communication	user_notification_preferences	read	backend/src/modules/communication/notification-preferences.service.ts
communication	notification_preferences	write	backend/src/modules/communication/notification-preferences.service.ts
communication	user_notification_preferences	write	backend/src/modules/communication/notification-preferences.service.ts
communication	dispatch_log	write	backend/src/modules/communication/notification.deliverer.ts
communication	notification_event_config	read	backend/src/modules/communication/notification.gateway.ts
communication	notification_dispatch_claim	read	backend/src/modules/communication/notification.gateway.ts
communication	notification_dispatch_claim	write	backend/src/modules/communication/notification.gateway.ts
communication	Branch	read	backend/src/modules/communication/professional-email-templates.ts
communication	branch_master	read	backend/src/modules/communication/professional-email-templates.ts
communication	festival_calendar	read	backend/src/modules/communication/professional-email-templates.ts
communication	communication_provider_config	read	backend/src/modules/communication/provider-config.service.ts
communication	communication_provider_config	write	backend/src/modules/communication/provider-config.service.ts
communication	providerConfigService	read	backend/src/modules/communication/providers/provider.factory.ts
communication	SMARTPING_DLT_REGISTRY	read	backend/src/modules/communication/providers/sms/smartping.provider.ts
communication	Submitted	write	backend/src/modules/communication/smartping-dlt-registry.ts
communication	request	write	backend/src/modules/communication/smartping-dlt-registry.ts
communication	Approved	write	backend/src/modules/communication/smartping-dlt-registry.ts
communication	Rejected	write	backend/src/modules/communication/smartping-dlt-registry.ts
communication	communication_template	read	backend/src/modules/communication/template.service.ts
communication	communication_template	write	backend/src/modules/communication/template.service.ts
compliance	status	write	backend/src/modules/compliance/compliance.routes.ts
compliance	actual	write	backend/src/modules/compliance/compliance.routes.ts
compliance	bonus_calculation	read	backend/src/modules/compliance/compliance.service.ts
compliance	employees	read	backend/src/modules/compliance/compliance.service.ts
compliance	employee_salary_assignment	read	backend/src/modules/compliance/compliance.service.ts
compliance	posh_complaint	read	backend/src/modules/compliance/compliance.service.ts
compliance	branch_master	read	backend/src/modules/compliance/compliance.service.ts
compliance	maternity_benefit_record	read	backend/src/modules/compliance/compliance.service.ts
compliance	const	write	backend/src/modules/compliance/compliance.service.ts
compliance	bonus_calculation	write	backend/src/modules/compliance/compliance.service.ts
compliance	posh_complaint	write	backend/src/modules/compliance/compliance.service.ts
compliance	maternity_benefit_record	write	backend/src/modules/compliance/compliance.service.ts
compliance	maternity_benefit_record	read	backend/src/modules/compliance/maternity.service.ts
compliance	employees	read	backend/src/modules/compliance/maternity.service.ts
compliance	leave_type_master	read	backend/src/modules/compliance/maternity.service.ts
compliance	maternity_benefit_record	write	backend/src/modules/compliance/maternity.service.ts
compliance	leave_request	write	backend/src/modules/compliance/maternity.service.ts
compliance	leave_approval_log	write	backend/src/modules/compliance/maternity.service.ts
compliance	maternity	write	backend/src/modules/compliance/maternity.service.ts
compliance	start	read	backend/src/modules/compliance/maternity.types.ts
control-tower	global_event_log	read	backend/src/modules/control-tower/control-tower.service.ts
control-tower	work_inbox_item	read	backend/src/modules/control-tower/control-tower.service.ts
control-tower	auth_user	read	backend/src/modules/control-tower/control-tower.service.ts
control-tower	employees	read	backend/src/modules/control-tower/control-tower.service.ts
control-tower	wfm_roster_assignment	read	backend/src/modules/control-tower/control-tower.service.ts
control-tower	leave_request	read	backend/src/modules/control-tower/control-tower.service.ts
control-tower	management_risk_register	read	backend/src/modules/control-tower/control-tower.service.ts
control-tower	employee_360_activity_log	read	backend/src/modules/control-tower/control-tower.service.ts
control-tower	designation_master	read	backend/src/modules/control-tower/control-tower.service.ts
control-tower	department_master	read	backend/src/modules/control-tower/control-tower.service.ts
control-tower	branch_master	read	backend/src/modules/control-tower/control-tower.service.ts
control-tower	process_master	read	backend/src/modules/control-tower/control-tower.service.ts
control-tower	wfm_roster_conflict_log	read	backend/src/modules/control-tower/control-tower.service.ts
control-tower	global_event_log	write	backend/src/modules/control-tower/control-tower.service.ts
control-tower	work_inbox_item	write	backend/src/modules/control-tower/control-tower.service.ts
customization	customization_rule	read	backend/src/modules/customization/customization-engine.ts
customization	employees	read	backend/src/modules/customization/customization-engine.ts
customization	user_roles	read	backend/src/modules/customization/customization-engine.ts
customization	customization_cache	read	backend/src/modules/customization/customization-engine.ts
customization	customization_application_log	write	backend/src/modules/customization/customization-engine.ts
customization	customization_cache	write	backend/src/modules/customization/customization-engine.ts
customization	customization_rule	read	backend/src/modules/customization/customization.service.ts
customization	customization_application_log	read	backend/src/modules/customization/customization.service.ts
customization	customization_rule	write	backend/src/modules/customization/customization.service.ts
dashboards	CeoReferenceLayout	read	backend/src/modules/dashboards/dashboard-definition.service.ts
dashboards	ats_candidate	read	backend/src/modules/dashboards/dashboard-drilldown.service.ts
dashboards	branch_master	read	backend/src/modules/dashboards/dashboard-drilldown.service.ts
dashboards	process_master	read	backend/src/modules/dashboards/dashboard-drilldown.service.ts
dashboards	db_bill	read	backend/src/modules/dashboards/dashboard-drilldown.service.ts
dashboards	employees	read	backend/src/modules/dashboards/dashboard-drilldown.service.ts
dashboards	rather	read	backend/src/modules/dashboards/dashboard-drilldown.service.ts
dashboards	ats_onboarding_bridge	read	backend/src/modules/dashboards/dashboard-drilldown.service.ts
dashboards	attendance_daily_record	read	backend/src/modules/dashboards/dashboard-drilldown.service.ts
dashboards	dashboards	read	backend/src/modules/dashboards/dashboard-drilldown.service.ts
dashboards	task_tat_instance	read	backend/src/modules/dashboards/dashboard-drilldown.service.ts
dashboards	candidate_name_match_summary	read	backend/src/modules/dashboards/dashboard-drilldown.service.ts
dashboards	incentive_upload_batch	read	backend/src/modules/dashboards/dashboard-drilldown.service.ts
dashboards	incentive_approval_step	read	backend/src/modules/dashboards/dashboard-drilldown.service.ts
dashboards	exit_request	read	backend/src/modules/dashboards/dashboard-drilldown.service.ts
dashboards	candidate_bgv_check	read	backend/src/modules/dashboards/dashboard-drilldown.service.ts
dashboards	dpdp_consent_withdrawal	read	backend/src/modules/dashboards/dashboard-drilldown.service.ts
dashboards	appointment_letter_request	read	backend/src/modules/dashboards/dashboard-drilldown.service.ts
dashboards	employee_joining_document_checklist	read	backend/src/modules/dashboards/dashboard-drilldown.service.ts
dashboards	attendance_reconciliation_issue	read	backend/src/modules/dashboards/dashboard-drilldown.service.ts
dashboards	employee_documents	read	backend/src/modules/dashboards/dashboard-drilldown.service.ts
dashboards	integration_biometric_daily	read	backend/src/modules/dashboards/dashboard-drilldown.service.ts
dashboards	salary_prep_line_component	read	backend/src/modules/dashboards/dashboard-drilldown.service.ts
dashboards	salary_prep_line	read	backend/src/modules/dashboards/dashboard-drilldown.service.ts
dashboards	salary_prep_run	read	backend/src/modules/dashboards/dashboard-drilldown.service.ts
dashboards	ats_recruiter_hiring_activity	read	backend/src/modules/dashboards/dashboard-drilldown.service.ts
dashboards	lms_learning_progress_snapshot	read	backend/src/modules/dashboards/dashboard-drilldown.service.ts
dashboards	leave_request	read	backend/src/modules/dashboards/dashboard-drilldown.service.ts
dashboards	leave_type_master	read	backend/src/modules/dashboards/dashboard-drilldown.service.ts
dashboards	db_bill	read	backend/src/modules/dashboards/dashboard-metric.service.ts
dashboards	which	read	backend/src/modules/dashboards/dashboard-metric.service.ts
dashboards	employees	read	backend/src/modules/dashboards/dashboard-metric.service.ts
dashboards	wfm_slot_requirement	read	backend/src/modules/dashboards/dashboard-metric.service.ts
dashboards	workforce_mandate	read	backend/src/modules/dashboards/dashboard-metric.service.ts
dashboards	wfm_attendance_session	read	backend/src/modules/dashboards/dashboard-metric.service.ts
dashboards	ats_onboarding_bridge	read	backend/src/modules/dashboards/dashboard-metric.service.ts
dashboards	ats_candidate	read	backend/src/modules/dashboards/dashboard-metric.service.ts
dashboards	branch_master	read	backend/src/modules/dashboards/dashboard-metric.service.ts
dashboards	process_master	read	backend/src/modules/dashboards/dashboard-metric.service.ts
dashboards	candidate_onboarding_profile	read	backend/src/modules/dashboards/dashboard-metric.service.ts
dashboards	pendingRaw	read	backend/src/modules/dashboards/dashboard-metric.service.ts
dashboards	integration_biometric_daily	read	backend/src/modules/dashboards/dashboard-metric.service.ts
dashboards	shared	read	backend/src/modules/dashboards/dashboard-metric.service.ts
dashboards	present	read	backend/src/modules/dashboards/dashboard-metric.service.ts
dashboards	attendance_daily_record	read	backend/src/modules/dashboards/dashboard-metric.service.ts
dashboards	employee_bank_detail	read	backend/src/modules/dashboards/dashboard-metric.service.ts
dashboards	invalidPan	read	backend/src/modules/dashboards/dashboard-metric.service.ts
dashboards	incentive_upload_batch	read	backend/src/modules/dashboards/dashboard-metric.service.ts
dashboards	task_tat_instance	read	backend/src/modules/dashboards/dashboard-metric.service.ts
dashboards	exit_request	read	backend/src/modules/dashboards/dashboard-metric.service.ts
dashboards	dpdp_consent_withdrawal	read	backend/src/modules/dashboards/dashboard-metric.service.ts
dashboards	appointment_letter_request	read	backend/src/modules/dashboards/dashboard-metric.service.ts
dashboards	candidate_bgv_check	read	backend/src/modules/dashboards/dashboard-metric.service.ts
dashboards	candidate_name_match_summary	read	backend/src/modules/dashboards/dashboard-metric.service.ts
dashboards	employee_joining_document_checklist	read	backend/src/modules/dashboards/dashboard-metric.service.ts
dashboards	attendance_reconciliation_issue	read	backend/src/modules/dashboards/dashboard-metric.service.ts
dashboards	employee_documents	read	backend/src/modules/dashboards/dashboard-metric.service.ts
dashboards	salary_prep_line_component	read	backend/src/modules/dashboards/dashboard-metric.service.ts
dashboards	salary_prep_line	read	backend/src/modules/dashboards/dashboard-metric.service.ts
dashboards	salary_prep_run	read	backend/src/modules/dashboards/dashboard-metric.service.ts
dashboards	ats_recruiter_hiring_activity	read	backend/src/modules/dashboards/dashboard-metric.service.ts
dashboards	lms_learning_progress_snapshot	read	backend/src/modules/dashboards/dashboard-metric.service.ts
dashboards	leave_request	read	backend/src/modules/dashboards/dashboard-metric.service.ts
dashboards	branch_master	read	backend/src/modules/dashboards/dashboard-snapshot.service.ts
dashboards	employees	read	backend/src/modules/dashboards/dashboard-snapshot.service.ts
dashboards	process_master	read	backend/src/modules/dashboards/dashboard-snapshot.service.ts
dashboards	dashboard_metric_snapshot	read	backend/src/modules/dashboards/dashboard-snapshot.service.ts
dashboards	dashboard_metric_snapshot	write	backend/src/modules/dashboards/dashboard-snapshot.service.ts
dashboards	dashboard_metric_target	read	backend/src/modules/dashboards/dashboard-target.routes.ts
dashboards	dashboard_metric_catalog	read	backend/src/modules/dashboards/dashboard-target.routes.ts
dashboards	branch_master	read	backend/src/modules/dashboards/dashboard-target.routes.ts
dashboards	process_master	read	backend/src/modules/dashboards/dashboard-target.routes.ts
dashboards	dashboard_metric_target	write	backend/src/modules/dashboards/dashboard-target.routes.ts
dashboards	dashboard_metric_target	read	backend/src/modules/dashboards/dashboard-target.service.ts
dashboards	dashboard_metric_snapshot	read	backend/src/modules/dashboards/dashboard-target.service.ts
dashboards	attendance_daily_record	read	backend/src/modules/dashboards/dashboard.routes.ts
dashboards	salary_prep_run	read	backend/src/modules/dashboards/dashboard.routes.ts
dashboards	salary_prep_line	read	backend/src/modules/dashboards/dashboard.routes.ts
dashboards	employees	read	backend/src/modules/dashboards/dashboard.routes.ts
dashboards	salary_prep_line_component	read	backend/src/modules/dashboards/dashboard.routes.ts
dashboards	employee_salary_assignment	read	backend/src/modules/dashboards/dashboard.routes.ts
dashboards	branch_master	read	backend/src/modules/dashboards/dashboard.routes.ts
dashboards	needs	read	backend/src/modules/dashboards/dashboard.routes.ts
dashboards	payroll_disbursement	read	backend/src/modules/dashboards/dashboard.routes.ts
dashboards	payroll_branch_readiness	read	backend/src/modules/dashboards/dashboard.routes.ts
dashboards	salary_payslip	read	backend/src/modules/dashboards/dashboard.routes.ts
dashboards	dashboard_metric_catalog	read	backend/src/modules/dashboards/dashboard.routes.ts
dashboards	dashboard_role_metric_config	read	backend/src/modules/dashboards/dashboard.routes.ts
dashboards	dashboard_metric_snapshot	read	backend/src/modules/dashboards/dashboard.routes.ts
dashboards	process_master	read	backend/src/modules/dashboards/dashboard.routes.ts
dashboards	ats_onboarding_bridge	read	backend/src/modules/dashboards/dashboard.routes.ts
dashboards	ats_candidate	read	backend/src/modules/dashboards/dashboard.routes.ts
dashboards	work_item	read	backend/src/modules/dashboards/dashboard.routes.ts
dashboards	work_inbox_item	read	backend/src/modules/dashboards/dashboard.routes.ts
dashboards	which	read	backend/src/modules/dashboards/pendency-cutoff.ts
dashboards	db_bill	read	backend/src/modules/dashboards/pendency-cutoff.ts
dashboards	employee_performance_daily_snapshot	read	backend/src/modules/dashboards/performance-scorecard-drilldown.ts
dashboards	employees	read	backend/src/modules/dashboards/performance-scorecard-drilldown.ts
dashboards	pip_record	read	backend/src/modules/dashboards/performance-scorecard-drilldown.ts
dashboards	pip_checkpoint	read	backend/src/modules/dashboards/performance-scorecard-drilldown.ts
discard	payroll	read	backend/src/modules/discard/discard.service.ts
discard	employees	read	backend/src/modules/discard/discard.service.ts
discard	salary_prep_run	read	backend/src/modules/discard/discard.service.ts
discard	leave_request	read	backend/src/modules/discard/discard.service.ts
discard	leave_type_master	read	backend/src/modules/discard/discard.service.ts
discard	attendance_regularization	read	backend/src/modules/discard/discard.service.ts
discard	attendance_daily_record	read	backend/src/modules/discard/discard.service.ts
discard	leave_balance_ledger	read	backend/src/modules/discard/discard.service.ts
discard	before	read	backend/src/modules/discard/discard.service.ts
discard	approval_discard_log	read	backend/src/modules/discard/discard.service.ts
discard	auth_user	read	backend/src/modules/discard/discard.service.ts
discard	salary_prep_run	write	backend/src/modules/discard/discard.service.ts
discard	approval_discard_log	write	backend/src/modules/discard/discard.service.ts
discard	leave_balance_ledger	write	backend/src/modules/discard/discard.service.ts
discard	leave_request	write	backend/src/modules/discard/discard.service.ts
discard	leave_approval_log	write	backend/src/modules/discard/discard.service.ts
discard	attendance_regularization	write	backend/src/modules/discard/discard.service.ts
document-vault	document_vault_inventory	read	backend/src/modules/document-vault/documentVault.service.ts
document-vault	document_download_token	read	backend/src/modules/document-vault/documentVault.service.ts
document-vault	document_vault_inventory	write	backend/src/modules/document-vault/documentVault.service.ts
document-vault	document_download_token	write	backend/src/modules/document-vault/documentVault.service.ts
document-vault	document_access_log	write	backend/src/modules/document-vault/documentVault.service.ts
email-templates	subject	read	backend/src/modules/email-templates/email-templates.service.ts
email-templates	email_templates	read	backend/src/modules/email-templates/email-templates.service.ts
email-templates	upload_batch	read	backend/src/modules/email-templates/email-templates.service.ts
email-templates	autoVars	write	backend/src/modules/email-templates/email-templates.service.ts
email-templates	upload_batch	write	backend/src/modules/email-templates/email-templates.service.ts
email-templates	email_templates	write	backend/src/modules/email-templates/email-templates.service.ts
email-templates	upload_batch_row	write	backend/src/modules/email-templates/email-templates.service.ts
email-templates	single	write	backend/src/modules/email-templates/email-templates.service.ts
employees	employees	read	backend/src/modules/employees/awol-detection.service.ts
employees	attendance_daily_record	read	backend/src/modules/employees/awol-detection.service.ts
employees	leave_request	read	backend/src/modules/employees/awol-detection.service.ts
employees	exit_request	read	backend/src/modules/employees/awol-detection.service.ts
employees	branch_payroll_hr_signatory	read	backend/src/modules/employees/branchPayrollHrSignatory.service.ts
employees	employees	read	backend/src/modules/employees/branchPayrollHrSignatory.service.ts
employees	branch_master	read	backend/src/modules/employees/branchPayrollHrSignatory.service.ts
employees	branch_payroll_hr_signatory	write	backend/src/modules/employees/branchPayrollHrSignatory.service.ts
employees	org_settings	read	backend/src/modules/employees/companySeal.routes.ts
employees	org_settings	write	backend/src/modules/employees/companySeal.routes.ts
employees	hardcoded	read	backend/src/modules/employees/companySeal.service.ts
employees	files	read	backend/src/modules/employees/companySeal.service.ts
employees	org_settings	read	backend/src/modules/employees/companySeal.service.ts
employees	being	read	backend/src/modules/employees/companySeal.service.ts
employees	employees	read	backend/src/modules/employees/employee-activation.service.ts
employees	auth_user	read	backend/src/modules/employees/employee-activation.service.ts
employees	sensitive_action_log	read	backend/src/modules/employees/employee-activation.service.ts
employees	it_provisioning_request	read	backend/src/modules/employees/employee-activation.service.ts
employees	employees	write	backend/src/modules/employees/employee-activation.service.ts
employees	above	write	backend/src/modules/employees/employee-activation.service.ts
employees	employee_lifecycle_event	write	backend/src/modules/employees/employee-activation.service.ts
employees	auth_invitation	write	backend/src/modules/employees/employee-activation.service.ts
employees	employees	read	backend/src/modules/employees/employee-bgv-bootstrap.service.ts
employees	branch_master	read	backend/src/modules/employees/employee-bgv-bootstrap.service.ts
employees	process_master	read	backend/src/modules/employees/employee-bgv-bootstrap.service.ts
employees	ats_candidate	read	backend/src/modules/employees/employee-bgv-bootstrap.service.ts
employees	ats_candidate	write	backend/src/modules/employees/employee-bgv-bootstrap.service.ts
employees	candidate_bgv_consent	write	backend/src/modules/employees/employee-bgv-bootstrap.service.ts
employees	employees	write	backend/src/modules/employees/employee-bgv-bootstrap.service.ts
employees	requireRole	read	backend/src/modules/employees/employee-bgv.routes.ts
employees	employees	read	backend/src/modules/employees/employee-bgv.service.ts
employees	ats_onboarding_bridge	read	backend/src/modules/employees/employee-bgv.service.ts
employees	candidate_bgv_check	read	backend/src/modules/employees/employee-bgv.service.ts
employees	candidate_bgv_report	read	backend/src/modules/employees/employee-bgv.service.ts
employees	candidate_bgv_consent	read	backend/src/modules/employees/employee-bgv.service.ts
employees	candidate_digilocker_session	read	backend/src/modules/employees/employee-bgv.service.ts
employees	checks	read	backend/src/modules/employees/employee-bgv.service.ts
employees	employee_code_sequence	read	backend/src/modules/employees/employee-code.service.ts
employees	employees	read	backend/src/modules/employees/employee-code.service.ts
employees	employee_code_sequence	write	backend/src/modules/employees/employee-code.service.ts
employees	candidates	read	backend/src/modules/employees/employee-creation-orchestrator.service.ts
employees	approved	read	backend/src/modules/employees/employee-creation-orchestrator.service.ts
employees	ats_onboarding_bridge	read	backend/src/modules/employees/employee-creation-orchestrator.service.ts
employees	ats_employment_offer	read	backend/src/modules/employees/employee-creation-orchestrator.service.ts
employees	branch_master	read	backend/src/modules/employees/employee-creation-orchestrator.service.ts
employees	process_master	read	backend/src/modules/employees/employee-creation-orchestrator.service.ts
employees	conversion	read	backend/src/modules/employees/employee-creation-orchestrator.service.ts
employees	ats_candidate	read	backend/src/modules/employees/employee-creation-orchestrator.service.ts
employees	candidate_onboarding_profile	read	backend/src/modules/employees/employee-creation-orchestrator.service.ts
employees	cost_centre_master	read	backend/src/modules/employees/employee-creation-orchestrator.service.ts
employees	ats_payroll_hr_validation	read	backend/src/modules/employees/employee-creation-orchestrator.service.ts
employees	cost_centre	read	backend/src/modules/employees/employee-creation-orchestrator.service.ts
employees	user_roles	read	backend/src/modules/employees/employee-creation-orchestrator.service.ts
employees	candidate_onboarding_document	read	backend/src/modules/employees/employee-creation-orchestrator.service.ts
employees	employees	read	backend/src/modules/employees/employee-creation-orchestrator.service.ts
employees	auth_user	read	backend/src/modules/employees/employee-creation-orchestrator.service.ts
employees	ats_branch_head_approval	read	backend/src/modules/employees/employee-creation-orchestrator.service.ts
employees	salary_exception_proposal	read	backend/src/modules/employees/employee-creation-orchestrator.service.ts
employees	dpdp_consent_register	read	backend/src/modules/employees/employee-creation-orchestrator.service.ts
employees	designation_master	read	backend/src/modules/employees/employee-creation-orchestrator.service.ts
employees	org_settings	read	backend/src/modules/employees/employee-creation-orchestrator.service.ts
employees	candidate_fraud_alert	read	backend/src/modules/employees/employee-creation-orchestrator.service.ts
employees	employee_statutory_info	read	backend/src/modules/employees/employee-creation-orchestrator.service.ts
employees	leave_type_master	read	backend/src/modules/employees/employee-creation-orchestrator.service.ts
employees	offer	read	backend/src/modules/employees/employee-creation-orchestrator.service.ts
employees	every	read	backend/src/modules/employees/employee-creation-orchestrator.service.ts
employees	Onboarding	read	backend/src/modules/employees/employee-creation-orchestrator.service.ts
employees	onboarding_penny_drop_requests	read	backend/src/modules/employees/employee-creation-orchestrator.service.ts
employees	employee_bank_detail	read	backend/src/modules/employees/employee-creation-orchestrator.service.ts
employees	employees	write	backend/src/modules/employees/employee-creation-orchestrator.service.ts
employees	matches	write	backend/src/modules/employees/employee-creation-orchestrator.service.ts
employees	ats_onboarding_bridge	write	backend/src/modules/employees/employee-creation-orchestrator.service.ts
employees	offer	write	backend/src/modules/employees/employee-creation-orchestrator.service.ts
employees	ats_employment_offer	write	backend/src/modules/employees/employee-creation-orchestrator.service.ts
employees	candidate	write	backend/src/modules/employees/employee-creation-orchestrator.service.ts
employees	ats_candidate	write	backend/src/modules/employees/employee-creation-orchestrator.service.ts
employees	work_item	write	backend/src/modules/employees/employee-creation-orchestrator.service.ts
employees	candidate_bgv_check	write	backend/src/modules/employees/employee-creation-orchestrator.service.ts
employees	employee_statutory_info	write	backend/src/modules/employees/employee-creation-orchestrator.service.ts
employees	employee_salary_snapshot	write	backend/src/modules/employees/employee-creation-orchestrator.service.ts
employees	leave_balance_ledger	write	backend/src/modules/employees/employee-creation-orchestrator.service.ts
employees	employee_emergency_contact	write	backend/src/modules/employees/employee-creation-orchestrator.service.ts
employees	employee_bank_detail	write	backend/src/modules/employees/employee-creation-orchestrator.service.ts
employees	employee_reactivation_requests	read	backend/src/modules/employees/employee-reactivation.routes.ts
employees	employees	read	backend/src/modules/employees/employee-reactivation.routes.ts
employees	branch_master	read	backend/src/modules/employees/employee-reactivation.routes.ts
employees	cost_centre_master	read	backend/src/modules/employees/employee-reactivation.routes.ts
employees	auth_user	read	backend/src/modules/employees/employee-reactivation.routes.ts
employees	exit_requests	read	backend/src/modules/employees/employee-reactivation.routes.ts
employees	employee_reactivation_requests	write	backend/src/modules/employees/employee-reactivation.routes.ts
employees	employees	write	backend/src/modules/employees/employee-reactivation.routes.ts
employees	employee_epf_form_instance	read	backend/src/modules/employees/employee.compliance.routes.ts
employees	employee_epf_compliance_profile	read	backend/src/modules/employees/employee.compliance.routes.ts
employees	employees	read	backend/src/modules/employees/employee.compliance.routes.ts
employees	ats_onboarding_bridge	read	backend/src/modules/employees/employee.compliance.routes.ts
employees	branch_master	read	backend/src/modules/employees/employee.compliance.routes.ts
employees	process_master	read	backend/src/modules/employees/employee.compliance.routes.ts
employees	employee_epf_nominee	read	backend/src/modules/employees/employee.compliance.routes.ts
employees	employee_epf_validation_result	read	backend/src/modules/employees/employee.compliance.routes.ts
employees	employee_epf_consent_receipt	read	backend/src/modules/employees/employee.compliance.routes.ts
employees	employee_epf_ecr_readiness	read	backend/src/modules/employees/employee.compliance.routes.ts
employees	employee_joining_document_template	read	backend/src/modules/employees/employee.compliance.routes.ts
employees	Luckpay	read	backend/src/modules/employees/employee.compliance.routes.ts
employees	appointment_letter_request	read	backend/src/modules/employees/employee.compliance.routes.ts
employees	ats_candidate	read	backend/src/modules/employees/employee.compliance.routes.ts
employees	ats_provider_transaction_log	read	backend/src/modules/employees/employee.compliance.routes.ts
employees	ats_offer_letters	read	backend/src/modules/employees/employee.compliance.routes.ts
employees	employee_document_vault	read	backend/src/modules/employees/employee.compliance.routes.ts
employees	employee_epf_audit_log	write	backend/src/modules/employees/employee.compliance.routes.ts
employees	employee_epf_form_instance	write	backend/src/modules/employees/employee.compliance.routes.ts
employees	employee_epf_compliance_profile	write	backend/src/modules/employees/employee.compliance.routes.ts
employees	employee_epf_validation_result	write	backend/src/modules/employees/employee.compliance.routes.ts
employees	employee_epf_ecr_readiness	write	backend/src/modules/employees/employee.compliance.routes.ts
employees	employee_epf_nominee	write	backend/src/modules/employees/employee.compliance.routes.ts
employees	employee_joining_document_template	write	backend/src/modules/employees/employee.compliance.routes.ts
employees	employee_epf_consent_receipt	write	backend/src/modules/employees/employee.compliance.routes.ts
employees	appointment_letter_request	write	backend/src/modules/employees/employee.compliance.routes.ts
employees	employee_document_vault	write	backend/src/modules/employees/employee.compliance.routes.ts
employees	appointment_letter_audit	write	backend/src/modules/employees/employee.compliance.routes.ts
employees	employees	write	backend/src/modules/employees/employee.compliance.routes.ts
employees	employee_documents	read	backend/src/modules/employees/employee.documents.routes.ts
employees	caller	read	backend/src/modules/employees/employee.documents.routes.ts
employees	employee_documents	write	backend/src/modules/employees/employee.documents.routes.ts
employees	backend	read	backend/src/modules/employees/employee.photo.compat.routes.ts
employees	process_master	read	backend/src/modules/employees/employee.photo.compat.routes.ts
employees	employees	read	backend/src/modules/employees/employee.photo.compat.routes.ts
employees	branch_master	read	backend/src/modules/employees/employee.photo.compat.routes.ts
employees	department_master	read	backend/src/modules/employees/employee.photo.compat.routes.ts
employees	designation_master	read	backend/src/modules/employees/employee.photo.compat.routes.ts
employees	employees	write	backend/src/modules/employees/employee.photo.compat.routes.ts
employees	pattern	write	backend/src/modules/employees/employee.photo.compat.routes.ts
employees	branch_master	read	backend/src/modules/employees/employee.report-master.routes.ts
employees	employees	read	backend/src/modules/employees/employee.report-master.routes.ts
employees	process_master	read	backend/src/modules/employees/employee.report-master.routes.ts
employees	cost_centre_master	read	backend/src/modules/employees/employee.report-master.routes.ts
employees	address1	read	backend/src/modules/employees/employee.routes.ts
employees	employees	read	backend/src/modules/employees/employee.routes.ts
employees	designation_master	read	backend/src/modules/employees/employee.routes.ts
employees	department_master	read	backend/src/modules/employees/employee.routes.ts
employees	process_master	read	backend/src/modules/employees/employee.routes.ts
employees	branch_master	read	backend/src/modules/employees/employee.routes.ts
employees	employee_address	read	backend/src/modules/employees/employee.routes.ts
employees	NOT_PROVIDED	read	backend/src/modules/employees/employee.routes.ts
employees	UNAVAILABLE	read	backend/src/modules/employees/employee.routes.ts
employees	employee_bank_detail	read	backend/src/modules/employees/employee.routes.ts
employees	employee_statutory_info	read	backend/src/modules/employees/employee.routes.ts
employees	employee_emergency_contact	read	backend/src/modules/employees/employee.routes.ts
employees	employee_nominee	read	backend/src/modules/employees/employee.routes.ts
employees	fieldOwnership	read	backend/src/modules/employees/employee.routes.ts
employees	three	read	backend/src/modules/employees/employee.routes.ts
employees	profile_update_approval	read	backend/src/modules/employees/employee.routes.ts
employees	employee_education	read	backend/src/modules/employees/employee.routes.ts
employees	employee_experience	read	backend/src/modules/employees/employee.routes.ts
employees	active	read	backend/src/modules/employees/employee.routes.ts
employees	attendance_daily_record	read	backend/src/modules/employees/employee.routes.ts
employees	salary_prep_line	read	backend/src/modules/employees/employee.routes.ts
employees	salary_prep_run	read	backend/src/modules/employees/employee.routes.ts
employees	middleware	read	backend/src/modules/employees/employee.routes.ts
employees	user_roles	read	backend/src/modules/employees/employee.routes.ts
employees	leave_balance_ledger	read	backend/src/modules/employees/employee.routes.ts
employees	leave_type_master	read	backend/src/modules/employees/employee.routes.ts
employees	performance_feedback_report	read	backend/src/modules/employees/employee.routes.ts
employees	performance_feedback_cycle	read	backend/src/modules/employees/employee.routes.ts
employees	asset_assignment	read	backend/src/modules/employees/employee.routes.ts
employees	employee_joining_document_checklist	read	backend/src/modules/employees/employee.routes.ts
employees	employee_documents	read	backend/src/modules/employees/employee.routes.ts
employees	gamification_tier_master	read	backend/src/modules/employees/employee.routes.ts
employees	employee_tier_status	read	backend/src/modules/employees/employee.routes.ts
employees	employee_epf_compliance_profile	read	backend/src/modules/employees/employee.routes.ts
employees	employee_journey_log	read	backend/src/modules/employees/employee.routes.ts
employees	legacy	read	backend/src/modules/employees/employee.routes.ts
employees	official_email	write	backend/src/modules/employees/employee.routes.ts
employees	employees	write	backend/src/modules/employees/employee.routes.ts
employees	employee_emergency_contact	write	backend/src/modules/employees/employee.routes.ts
employees	employee_nominee	write	backend/src/modules/employees/employee.routes.ts
employees	nominee	write	backend/src/modules/employees/employee.routes.ts
employees	employee_bank_detail	write	backend/src/modules/employees/employee.routes.ts
employees	employee_statutory_info	write	backend/src/modules/employees/employee.routes.ts
employees	after	write	backend/src/modules/employees/employee.routes.ts
employees	employee_education	write	backend/src/modules/employees/employee.routes.ts
employees	employee_experience	write	backend/src/modules/employees/employee.routes.ts
employees	notification_log	write	backend/src/modules/employees/employee.routes.ts
employees	employees	read	backend/src/modules/employees/employee.secure.routes.ts
employees	salary_component_assignments	read	backend/src/modules/employees/employee.secure.routes.ts
employees	salary_structure_component	read	backend/src/modules/employees/employee.secure.routes.ts
employees	salary_component_master	read	backend/src/modules/employees/employee.secure.routes.ts
employees	process_master	read	backend/src/modules/employees/employee.secure.routes.ts
employees	branch_master	read	backend/src/modules/employees/employee.secure.routes.ts
employees	designation_master	read	backend/src/modules/employees/employee.secure.routes.ts
employees	department_master	read	backend/src/modules/employees/employee.secure.routes.ts
employees	cost_centre_master	read	backend/src/modules/employees/employee.secure.routes.ts
employees	employee_address	read	backend/src/modules/employees/employee.secure.routes.ts
employees	employee_emergency_contact	read	backend/src/modules/employees/employee.secure.routes.ts
employees	employee_salary_assignment	read	backend/src/modules/employees/employee.secure.routes.ts
employees	salary_structure_master	read	backend/src/modules/employees/employee.secure.routes.ts
employees	leave_balance_ledger	read	backend/src/modules/employees/employee.secure.routes.ts
employees	leave_type_master	read	backend/src/modules/employees/employee.secure.routes.ts
employees	attendance_daily_record	read	backend/src/modules/employees/employee.secure.routes.ts
employees	performance_feedback_report	read	backend/src/modules/employees/employee.secure.routes.ts
employees	performance_feedback_cycle	read	backend/src/modules/employees/employee.secure.routes.ts
employees	asset_assignment	read	backend/src/modules/employees/employee.secure.routes.ts
employees	employee_joining_document_checklist	read	backend/src/modules/employees/employee.secure.routes.ts
employees	employee_documents	read	backend/src/modules/employees/employee.secure.routes.ts
employees	employee_tier_status	read	backend/src/modules/employees/employee.secure.routes.ts
employees	gamification_tier_master	read	backend/src/modules/employees/employee.secure.routes.ts
employees	gamification_tier	read	backend/src/modules/employees/employee.secure.routes.ts
employees	db_bill	read	backend/src/modules/employees/employee.secure.routes.ts
employees	auth_user	read	backend/src/modules/employees/employee.service.ts
employees	workforce_role_catalog	read	backend/src/modules/employees/employee.service.ts
employees	employees	read	backend/src/modules/employees/employee.service.ts
employees	employee_statutory_info	read	backend/src/modules/employees/employee.service.ts
employees	cost_centre	read	backend/src/modules/employees/employee.service.ts
employees	cost_centre_master	read	backend/src/modules/employees/employee.service.ts
employees	every	read	backend/src/modules/employees/employee.service.ts
employees	middleware	read	backend/src/modules/employees/employee.service.ts
employees	designation_master	read	backend/src/modules/employees/employee.service.ts
employees	department_master	read	backend/src/modules/employees/employee.service.ts
employees	process_master	read	backend/src/modules/employees/employee.service.ts
employees	branch_master	read	backend/src/modules/employees/employee.service.ts
employees	payroll	read	backend/src/modules/employees/employee.service.ts
employees	user_roles	read	backend/src/modules/employees/employee.service.ts
employees	employee_salary_assignment	write	backend/src/modules/employees/employee.service.ts
employees	employees	write	backend/src/modules/employees/employee.service.ts
employees	auth_user	write	backend/src/modules/employees/employee.service.ts
employees	user_roles	write	backend/src/modules/employees/employee.service.ts
employees	employees	read	backend/src/modules/employees/employee.verify.routes.ts
employees	designation_master	read	backend/src/modules/employees/employee.verify.routes.ts
employees	branch_master	read	backend/src/modules/employees/employee.verify.routes.ts
employees	salary_prep_line	read	backend/src/modules/employees/employee.verify.routes.ts
employees	salary_prep_run	read	backend/src/modules/employees/employee.verify.routes.ts
employees	salary_payslip	read	backend/src/modules/employees/employee.verify.routes.ts
employees	content	read	backend/src/modules/employees/employeeJoiningDocumentAnalysis.service.ts
employees	developer	read	backend/src/modules/employees/employeeJoiningDocuments.service.ts
employees	those	read	backend/src/modules/employees/employeeJoiningDocuments.service.ts
employees	employees	read	backend/src/modules/employees/employeeJoiningDocuments.service.ts
employees	ats_onboarding_bridge	read	backend/src/modules/employees/employeeJoiningDocuments.service.ts
employees	employee_joining_document_template	read	backend/src/modules/employees/employeeJoiningDocuments.service.ts
employees	employee_joining_document_checklist	read	backend/src/modules/employees/employeeJoiningDocuments.service.ts
employees	employee_joining_document_file	read	backend/src/modules/employees/employeeJoiningDocuments.service.ts
employees	employee_document_esign_transaction	read	backend/src/modules/employees/employeeJoiningDocuments.service.ts
employees	employee_joining_document_public_token	read	backend/src/modules/employees/employeeJoiningDocuments.service.ts
employees	employee_documents	read	backend/src/modules/employees/employeeJoiningDocuments.service.ts
employees	employee_joining_document_audit_log	read	backend/src/modules/employees/employeeJoiningDocuments.service.ts
employees	storage	read	backend/src/modules/employees/employeeJoiningDocuments.service.ts
employees	document_template_field_map	read	backend/src/modules/employees/employeeJoiningDocuments.service.ts
employees	auth_user	read	backend/src/modules/employees/employeeJoiningDocuments.service.ts
employees	user_roles	read	backend/src/modules/employees/employeeJoiningDocuments.service.ts
employees	employee_joining_document_audit_log	write	backend/src/modules/employees/employeeJoiningDocuments.service.ts
employees	employee_joining_document_checklist	write	backend/src/modules/employees/employeeJoiningDocuments.service.ts
employees	employees	write	backend/src/modules/employees/employeeJoiningDocuments.service.ts
employees	ats_onboarding_bridge	write	backend/src/modules/employees/employeeJoiningDocuments.service.ts
employees	employee_joining_document_file	write	backend/src/modules/employees/employeeJoiningDocuments.service.ts
employees	employee_joining_document_public_token	write	backend/src/modules/employees/employeeJoiningDocuments.service.ts
employees	employee_document_esign_transaction	write	backend/src/modules/employees/employeeJoiningDocuments.service.ts
employees	employee_joining_document_template	write	backend/src/modules/employees/employeeJoiningDocuments.service.ts
employees	employee_epf_compliance_profile	read	backend/src/modules/employees/epfComplianceValidation.service.ts
employees	employee_joining_document_checklist	read	backend/src/modules/employees/epfKycCapture.service.ts
employees	employee_epf_compliance_profile	write	backend/src/modules/employees/epfKycCapture.service.ts
employees	failed	write	backend/src/modules/employees/epfKycCapture.service.ts
employees	employee_joining_document_audit_log	write	backend/src/modules/employees/epfKycCapture.service.ts
employees	through	read	backend/src/modules/employees/epfNominationForm.ts
employees	SELF_EDITABLE_PERSONAL_COLUMNS	read	backend/src/modules/employees/fieldOwnership.ts
employees	schema	write	backend/src/modules/employees/fieldOwnership.ts
employees	being	read	backend/src/modules/employees/joiningDocumentTemplatePath.ts
employees	unauthorized	read	backend/src/modules/employees/joiningDocumentTemplates.ts
employees	which	read	backend/src/modules/employees/joiningDocumentTemplates.ts
employees	employee_joining_document_checklist	read	backend/src/modules/employees/joiningKit.routes.ts
employees	employee_joining_esign_kit	read	backend/src/modules/employees/joiningKit.routes.ts
employees	employee_joining_esign_kit_item	read	backend/src/modules/employees/joiningKit.routes.ts
employees	TEMPLATE_DEFINITIONS	read	backend/src/modules/employees/joiningKitAssembly.service.ts
employees	employee_joining_document_checklist	read	backend/src/modules/employees/joiningKitAssembly.service.ts
employees	employee_joining_document_file	read	backend/src/modules/employees/joiningKitAssembly.service.ts
employees	employee_joining_esign_kit	read	backend/src/modules/employees/joiningKitDispatch.service.ts
employees	employees	read	backend/src/modules/employees/joiningKitDispatch.service.ts
employees	designation_master	read	backend/src/modules/employees/joiningKitDispatch.service.ts
employees	branch_master	read	backend/src/modules/employees/joiningKitDispatch.service.ts
employees	employee_joining_document_public_token	read	backend/src/modules/employees/joiningKitDispatch.service.ts
employees	employee_joining_document_checklist	read	backend/src/modules/employees/joiningKitDispatch.service.ts
employees	salary_package_master	read	backend/src/modules/employees/joiningKitDispatch.service.ts
employees	employee_payroll_head_review	read	backend/src/modules/employees/joiningKitDispatch.service.ts
employees	employee_joining_esign_kit_item	read	backend/src/modules/employees/joiningKitDispatch.service.ts
employees	employee_joining_document_audit_log	write	backend/src/modules/employees/joiningKitDispatch.service.ts
employees	employee_joining_esign_kit	write	backend/src/modules/employees/joiningKitDispatch.service.ts
employees	employee_joining_document_file	write	backend/src/modules/employees/joiningKitDispatch.service.ts
employees	employee_joining_esign_kit_item	write	backend/src/modules/employees/joiningKitDispatch.service.ts
employees	employee_joining_document_public_token	write	backend/src/modules/employees/joiningKitDispatch.service.ts
employees	employee_document_esign_transaction	write	backend/src/modules/employees/joiningKitDispatch.service.ts
employees	employee_joining_document_checklist	write	backend/src/modules/employees/joiningKitDispatch.service.ts
employees	employee_joining_document_public_token	read	backend/src/modules/employees/joiningKitPublic.service.ts
employees	employee_joining_esign_kit	read	backend/src/modules/employees/joiningKitPublic.service.ts
employees	employees	read	backend/src/modules/employees/joiningKitPublic.service.ts
employees	branch_master	read	backend/src/modules/employees/joiningKitPublic.service.ts
employees	employee_joining_esign_kit_item	read	backend/src/modules/employees/joiningKitPublic.service.ts
employees	employee_document_esign_transaction	read	backend/src/modules/employees/joiningKitPublic.service.ts
employees	employee_joining_document_file	read	backend/src/modules/employees/joiningKitPublic.service.ts
employees	employee_joining_document_audit_log	write	backend/src/modules/employees/joiningKitPublic.service.ts
employees	employee_journey_log	read	backend/src/modules/employees/journeyLog.service.ts
employees	employees	read	backend/src/modules/employees/journeyLog.service.ts
employees	designation_master	read	backend/src/modules/employees/journeyLog.service.ts
employees	department_master	read	backend/src/modules/employees/journeyLog.service.ts
employees	branch_master	read	backend/src/modules/employees/journeyLog.service.ts
employees	process_master	read	backend/src/modules/employees/journeyLog.service.ts
employees	auth_user	read	backend/src/modules/employees/journeyLog.service.ts
employees	ats_onboarding_bridge	read	backend/src/modules/employees/journeyLog.service.ts
employees	ats_candidate	read	backend/src/modules/employees/journeyLog.service.ts
employees	ats_candidate_stage_log	read	backend/src/modules/employees/journeyLog.service.ts
employees	employee_lifecycle_event	read	backend/src/modules/employees/journeyLog.service.ts
employees	promotion_record	read	backend/src/modules/employees/journeyLog.service.ts
employees	transfer_record	read	backend/src/modules/employees/journeyLog.service.ts
employees	pip_record	read	backend/src/modules/employees/journeyLog.service.ts
employees	pip_checkpoint	read	backend/src/modules/employees/journeyLog.service.ts
employees	kudos_transaction	read	backend/src/modules/employees/journeyLog.service.ts
employees	kudos_master	read	backend/src/modules/employees/journeyLog.service.ts
employees	employee_salary_assignment	read	backend/src/modules/employees/journeyLog.service.ts
employees	salary_structure_master	read	backend/src/modules/employees/journeyLog.service.ts
employees	exit_request	read	backend/src/modules/employees/journeyLog.service.ts
employees	exit_approval_log	read	backend/src/modules/employees/journeyLog.service.ts
employees	employee_journey_log	write	backend/src/modules/employees/journeyLog.service.ts
employees	profile_update_approval	read	backend/src/modules/employees/profile-approval.service.ts
employees	user_roles	read	backend/src/modules/employees/profile-approval.service.ts
employees	auth_user	read	backend/src/modules/employees/profile-approval.service.ts
employees	employees	read	backend/src/modules/employees/profile-approval.service.ts
employees	employee_statutory_info	read	backend/src/modules/employees/profile-approval.service.ts
employees	request	write	backend/src/modules/employees/profile-approval.service.ts
employees	bank_penny_drop_log	write	backend/src/modules/employees/profile-approval.service.ts
employees	profile_update_approval	write	backend/src/modules/employees/profile-approval.service.ts
employees	employees	read	backend/src/modules/employees/rm-change.routes.ts
employees	designation_master	read	backend/src/modules/employees/rm-change.routes.ts
employees	rm_change_requests	read	backend/src/modules/employees/rm-change.routes.ts
employees	branch_master	read	backend/src/modules/employees/rm-change.routes.ts
employees	rm_change_requests	write	backend/src/modules/employees/rm-change.routes.ts
employees	employees	write	backend/src/modules/employees/rm-change.routes.ts
employees	profile_update_approval	read	backend/src/modules/employees/statutory-approval.routes.ts
employees	employees	read	backend/src/modules/employees/statutory-approval.routes.ts
employees	branch_master	read	backend/src/modules/employees/statutory-approval.routes.ts
employees	employee_statutory_info	write	backend/src/modules/employees/statutory-approval.routes.ts
employees	employees	write	backend/src/modules/employees/statutory-approval.routes.ts
employees	profile_update_approval	write	backend/src/modules/employees/statutory-approval.routes.ts
employees	never	read	backend/src/modules/employees/universalDigitalFormFill.service.ts
employees	gender	read	backend/src/modules/employees/universalDigitalFormFill.service.ts
employees	employee_joining_document_checklist	read	backend/src/modules/employees/universalDigitalFormFill.service.ts
employees	employee_joining_document_template	read	backend/src/modules/employees/universalDigitalFormFill.service.ts
employees	apr_eligibility_config	read	backend/src/modules/employees/universalDigitalFormFill.service.ts
employees	employees	read	backend/src/modules/employees/universalDigitalFormFill.service.ts
employees	designation_master	read	backend/src/modules/employees/universalDigitalFormFill.service.ts
employees	department_master	read	backend/src/modules/employees/universalDigitalFormFill.service.ts
employees	branch_master	read	backend/src/modules/employees/universalDigitalFormFill.service.ts
employees	process_master	read	backend/src/modules/employees/universalDigitalFormFill.service.ts
employees	ats_candidate	read	backend/src/modules/employees/universalDigitalFormFill.service.ts
employees	employee_bank_detail	read	backend/src/modules/employees/universalDigitalFormFill.service.ts
employees	candidate_onboarding_profile	read	backend/src/modules/employees/universalDigitalFormFill.service.ts
employees	employee_epf_compliance_profile	read	backend/src/modules/employees/universalDigitalFormFill.service.ts
employees	employee_salary_snapshot	read	backend/src/modules/employees/universalDigitalFormFill.service.ts
employees	employee_epf_nominee	read	backend/src/modules/employees/universalDigitalFormFill.service.ts
employees	employee_nominee	read	backend/src/modules/employees/universalDigitalFormFill.service.ts
employees	candidate_onboarding_family_member	read	backend/src/modules/employees/universalDigitalFormFill.service.ts
employees	salary_component_assignments	read	backend/src/modules/employees/universalDigitalFormFill.service.ts
employees	salary_package_master	read	backend/src/modules/employees/universalDigitalFormFill.service.ts
employees	document_template_field_map	read	backend/src/modules/employees/universalDigitalFormFill.service.ts
employees	employee_joining_document_field_value	read	backend/src/modules/employees/universalDigitalFormFill.service.ts
employees	employee	read	backend/src/modules/employees/universalDigitalFormFill.service.ts
employees	employee_joining_document_file	read	backend/src/modules/employees/universalDigitalFormFill.service.ts
employees	employee_joining_document_public_token	read	backend/src/modules/employees/universalDigitalFormFill.service.ts
employees	employee_joining_document_audit_log	write	backend/src/modules/employees/universalDigitalFormFill.service.ts
employees	employee_joining_document_field_value	write	backend/src/modules/employees/universalDigitalFormFill.service.ts
employees	employee_joining_document_checklist	write	backend/src/modules/employees/universalDigitalFormFill.service.ts
employees	document_template_field_map	write	backend/src/modules/employees/universalDigitalFormFill.service.ts
employees	employee_joining_document_file	write	backend/src/modules/employees/universalDigitalFormFill.service.ts
engagement	gamification_badge_master	read	backend/src/modules/engagement/badge.service.ts
engagement	employees	read	backend/src/modules/engagement/badge.service.ts
engagement	employee_badge_earned	read	backend/src/modules/engagement/badge.service.ts
engagement	performance_feedback_report	read	backend/src/modules/engagement/badge.service.ts
engagement	wfm_attendance_session	read	backend/src/modules/engagement/badge.service.ts
engagement	wfm_roster_assignment	read	backend/src/modules/engagement/badge.service.ts
engagement	queueAutoAwards	read	backend/src/modules/engagement/badge.service.ts
engagement	survey_response	read	backend/src/modules/engagement/badge.service.ts
engagement	pulse_response	read	backend/src/modules/engagement/badge.service.ts
engagement	salary_payslip	read	backend/src/modules/engagement/badge.service.ts
engagement	kpi_score	read	backend/src/modules/engagement/badge.service.ts
engagement	kpi_template_metric	read	backend/src/modules/engagement/badge.service.ts
engagement	kpi_metric_master	read	backend/src/modules/engagement/badge.service.ts
engagement	kpi_assignment	read	backend/src/modules/engagement/badge.service.ts
engagement	gamification_badge_master	write	backend/src/modules/engagement/badge.service.ts
engagement	badge	write	backend/src/modules/engagement/badge.service.ts
engagement	brain_teaser	read	backend/src/modules/engagement/brain-teaser.service.ts
engagement	brain_teaser_attempt	read	backend/src/modules/engagement/brain-teaser.service.ts
engagement	brain_teaser_attempt	write	backend/src/modules/engagement/brain-teaser.service.ts
engagement	brain_teaser	write	backend/src/modules/engagement/brain-teaser.service.ts
engagement	branch_master	read	backend/src/modules/engagement/celebration-post.service.ts
engagement	auth_user	read	backend/src/modules/engagement/celebration-post.service.ts
engagement	user_roles	read	backend/src/modules/engagement/celebration-post.service.ts
engagement	user_assignment_scope	read	backend/src/modules/engagement/celebration-post.service.ts
engagement	employees	read	backend/src/modules/engagement/celebration-post.service.ts
engagement	designation_master	read	backend/src/modules/engagement/celebration-post.service.ts
engagement	process_master	read	backend/src/modules/engagement/celebration-post.service.ts
engagement	company_posts	read	backend/src/modules/engagement/celebration-post.service.ts
engagement	company_posts	write	backend/src/modules/engagement/celebration-post.service.ts
engagement	user_roles	read	backend/src/modules/engagement/company-posts.service.ts
engagement	company_post_creator_access	read	backend/src/modules/engagement/company-posts.service.ts
engagement	employees	read	backend/src/modules/engagement/company-posts.service.ts
engagement	company_post_media	read	backend/src/modules/engagement/company-posts.service.ts
engagement	company_posts	read	backend/src/modules/engagement/company-posts.service.ts
engagement	company_post_likes	read	backend/src/modules/engagement/company-posts.service.ts
engagement	department_master	read	backend/src/modules/engagement/company-posts.service.ts
engagement	company_post_comments	read	backend/src/modules/engagement/company-posts.service.ts
engagement	sensitive_action_log	write	backend/src/modules/engagement/company-posts.service.ts
engagement	company_posts	write	backend/src/modules/engagement/company-posts.service.ts
engagement	company_post_media	write	backend/src/modules/engagement/company-posts.service.ts
engagement	company_post_creator_access	write	backend/src/modules/engagement/company-posts.service.ts
engagement	company_post_likes	write	backend/src/modules/engagement/company-posts.service.ts
engagement	company_post_comments	write	backend/src/modules/engagement/company-posts.service.ts
engagement	rotating	read	backend/src/modules/engagement/daily-games.cron.ts
engagement	tenure	read	backend/src/modules/engagement/daily-games.cron.ts
engagement	achievement	read	backend/src/modules/engagement/daily-games.cron.ts
engagement	auth_user	read	backend/src/modules/engagement/daily-games.cron.ts
engagement	user_roles	read	backend/src/modules/engagement/daily-games.cron.ts
engagement	daily_trivia_question	read	backend/src/modules/engagement/daily-games.cron.ts
engagement	brain_teaser	read	backend/src/modules/engagement/daily-games.cron.ts
engagement	daily_word_puzzle	read	backend/src/modules/engagement/daily-games.cron.ts
engagement	daily_tip	read	backend/src/modules/engagement/daily-games.cron.ts
engagement	daily_trivia_question	write	backend/src/modules/engagement/daily-games.cron.ts
engagement	brain_teaser	write	backend/src/modules/engagement/daily-games.cron.ts
engagement	daily_word_puzzle	write	backend/src/modules/engagement/daily-games.cron.ts
engagement	daily_tip	write	backend/src/modules/engagement/daily-games.cron.ts
engagement	employee_daily_login	read	backend/src/modules/engagement/daily-login.service.ts
engagement	employee_tier_status	read	backend/src/modules/engagement/daily-login.service.ts
engagement	gamification_tier_master	read	backend/src/modules/engagement/daily-login.service.ts
engagement	gamification_points_ledger	read	backend/src/modules/engagement/daily-login.service.ts
engagement	employees	read	backend/src/modules/engagement/daily-login.service.ts
engagement	longest	write	backend/src/modules/engagement/daily-login.service.ts
engagement	employee_daily_login	write	backend/src/modules/engagement/daily-login.service.ts
engagement	employee_tier_status	write	backend/src/modules/engagement/daily-login.service.ts
engagement	gamification_points_ledger	write	backend/src/modules/engagement/daily-login.service.ts
engagement	daily_tip	read	backend/src/modules/engagement/daily-tips.service.ts
engagement	daily_tip_read	read	backend/src/modules/engagement/daily-tips.service.ts
engagement	daily_tip_read	write	backend/src/modules/engagement/daily-tips.service.ts
engagement	daily_tip	write	backend/src/modules/engagement/daily-tips.service.ts
engagement	daily_trivia_question	read	backend/src/modules/engagement/daily-trivia.service.ts
engagement	daily_trivia_response	read	backend/src/modules/engagement/daily-trivia.service.ts
engagement	employees	read	backend/src/modules/engagement/daily-trivia.service.ts
engagement	daily_trivia_response	write	backend/src/modules/engagement/daily-trivia.service.ts
engagement	daily_trivia_question	write	backend/src/modules/engagement/daily-trivia.service.ts
engagement	management_kpi_summary	read	backend/src/modules/engagement/engagement-health.service.ts
engagement	employee_kpi_score	read	backend/src/modules/engagement/engagement-health.service.ts
engagement	pip_record	read	backend/src/modules/engagement/engagement-health.service.ts
engagement	performance_feedback_response	read	backend/src/modules/engagement/engagement-health.service.ts
engagement	performance_feedback_request	read	backend/src/modules/engagement/engagement-health.service.ts
engagement	lms_learning_progress_snapshot	read	backend/src/modules/engagement/engagement-health.service.ts
engagement	development_plan	read	backend/src/modules/engagement/engagement-health.service.ts
engagement	named	read	backend/src/modules/engagement/engagement-health.service.ts
engagement	development_plan_goal	read	backend/src/modules/engagement/engagement-health.service.ts
engagement	employee_career_event	read	backend/src/modules/engagement/engagement-health.service.ts
engagement	helpdesk_ticket	read	backend/src/modules/engagement/engagement-health.service.ts
engagement	grievance	read	backend/src/modules/engagement/engagement-health.service.ts
engagement	kudos_transaction	read	backend/src/modules/engagement/engagement-health.service.ts
engagement	employee_badge_earned	read	backend/src/modules/engagement/engagement-health.service.ts
engagement	survey_response	read	backend/src/modules/engagement/engagement-health.service.ts
engagement	pulse_response	read	backend/src/modules/engagement/engagement-health.service.ts
engagement	attendance_daily_record	read	backend/src/modules/engagement/engagement-health.service.ts
engagement	people_experience_health_snapshot	read	backend/src/modules/engagement/engagement-health.service.ts
engagement	employees	read	backend/src/modules/engagement/engagement-health.service.ts
engagement	branch_master	read	backend/src/modules/engagement/engagement-health.service.ts
engagement	process_master	read	backend/src/modules/engagement/engagement-health.service.ts
engagement	department_master	read	backend/src/modules/engagement/engagement-health.service.ts
engagement	kudos_master	read	backend/src/modules/engagement/engagement-health.service.ts
engagement	kudos_reaction	read	backend/src/modules/engagement/engagement-health.service.ts
engagement	people_experience_health_snapshot	write	backend/src/modules/engagement/engagement-health.service.ts
engagement	engagement_health_snapshot	write	backend/src/modules/engagement/engagement-health.service.ts
engagement	user_roles	read	backend/src/modules/engagement/engagement-intelligence.routes.ts
engagement	people_experience_action	read	backend/src/modules/engagement/engagement-intelligence.routes.ts
engagement	employees	read	backend/src/modules/engagement/engagement-intelligence.routes.ts
engagement	people_experience_action	write	backend/src/modules/engagement/engagement-intelligence.routes.ts
engagement	kudos_reaction	write	backend/src/modules/engagement/engagement-intelligence.routes.ts
engagement	kudos_moderation_log	write	backend/src/modules/engagement/engagement-intelligence.routes.ts
engagement	employee_badge_earned	read	backend/src/modules/engagement/engagement.controller.ts
engagement	kudos	read	backend/src/modules/engagement/engagement.controller.ts
engagement	survey_response	read	backend/src/modules/engagement/engagement.controller.ts
engagement	gamification_points_ledger	read	backend/src/modules/engagement/engagement.controller.ts
engagement	employees	read	backend/src/modules/engagement/engagement.controller.ts
engagement	employee_tier_status	read	backend/src/modules/engagement/engagement.controller.ts
engagement	gamification_tier_master	read	backend/src/modules/engagement/engagement.controller.ts
engagement	branch_master	read	backend/src/modules/engagement/engagement.controller.ts
engagement	department_master	read	backend/src/modules/engagement/engagement.controller.ts
engagement	designation_master	read	backend/src/modules/engagement/engagement.controller.ts
engagement	employees	read	backend/src/modules/engagement/engagement.routes.ts
engagement	designation_master	read	backend/src/modules/engagement/engagement.routes.ts
engagement	survey_response	read	backend/src/modules/engagement/engagement.service.ts
engagement	pulse_response	read	backend/src/modules/engagement/engagement.service.ts
engagement	auth_user	read	backend/src/modules/engagement/festival-greeting.cron.ts
engagement	user_roles	read	backend/src/modules/engagement/festival-greeting.cron.ts
engagement	company_posts	read	backend/src/modules/engagement/festival-greeting.cron.ts
engagement	employees	read	backend/src/modules/engagement/festival-greeting.cron.ts
engagement	festival_calendar	read	backend/src/modules/engagement/festival-greeting.cron.ts
engagement	company_posts	write	backend/src/modules/engagement/festival-greeting.cron.ts
engagement	gamification_points_ledger	read	backend/src/modules/engagement/gamification.service.ts
engagement	employees	read	backend/src/modules/engagement/gamification.service.ts
engagement	employee_tier_status	read	backend/src/modules/engagement/gamification.service.ts
engagement	gamification_tier_master	read	backend/src/modules/engagement/gamification.service.ts
engagement	employee_badge_earned	read	backend/src/modules/engagement/gamification.service.ts
engagement	gamification_points_ledger	write	backend/src/modules/engagement/gamification.service.ts
engagement	gamification_tier_master	write	backend/src/modules/engagement/gamification.service.ts
engagement	employee_tier_status	write	backend/src/modules/engagement/gamification.service.ts
engagement	points	write	backend/src/modules/engagement/gamification.service.ts
engagement	kudos_master	read	backend/src/modules/engagement/kudos.service.ts
engagement	kudos_transaction	read	backend/src/modules/engagement/kudos.service.ts
engagement	employees	read	backend/src/modules/engagement/kudos.service.ts
engagement	kudos_master	write	backend/src/modules/engagement/kudos.service.ts
engagement	kudos_transaction	write	backend/src/modules/engagement/kudos.service.ts
engagement	quick_poll_vote	read	backend/src/modules/engagement/quick-poll.service.ts
engagement	quick_poll	read	backend/src/modules/engagement/quick-poll.service.ts
engagement	quick_poll_vote	write	backend/src/modules/engagement/quick-poll.service.ts
engagement	quick_poll	write	backend/src/modules/engagement/quick-poll.service.ts
engagement	survey_master	read	backend/src/modules/engagement/survey.service.ts
engagement	survey_question	read	backend/src/modules/engagement/survey.service.ts
engagement	survey_response	read	backend/src/modules/engagement/survey.service.ts
engagement	pulse_check	read	backend/src/modules/engagement/survey.service.ts
engagement	pulse_response	read	backend/src/modules/engagement/survey.service.ts
engagement	another	read	backend/src/modules/engagement/survey.service.ts
engagement	survey_master	write	backend/src/modules/engagement/survey.service.ts
engagement	survey_question	write	backend/src/modules/engagement/survey.service.ts
engagement	survey_response	write	backend/src/modules/engagement/survey.service.ts
engagement	pulse_response	write	backend/src/modules/engagement/survey.service.ts
engagement	employees	read	backend/src/modules/engagement/tenure.cron.ts
engagement	remaining	read	backend/src/modules/engagement/word-puzzle.service.ts
engagement	daily_word_puzzle	read	backend/src/modules/engagement/word-puzzle.service.ts
engagement	daily_word_attempt	read	backend/src/modules/engagement/word-puzzle.service.ts
engagement	daily_word_attempt	write	backend/src/modules/engagement/word-puzzle.service.ts
engagement	existing	write	backend/src/modules/engagement/word-puzzle.service.ts
engagement	daily_word_puzzle	write	backend/src/modules/engagement/word-puzzle.service.ts
erp	session	read	backend/src/modules/erp/erp.routes.ts
erp	historical	read	backend/src/modules/erp/erp.service.ts
erp	vendor_master	read	backend/src/modules/erp/erp.service.ts
erp	VendorSheet	read	backend/src/modules/erp/erp.service.ts
erp	contract_master	read	backend/src/modules/erp/erp.service.ts
erp	expense_claim	read	backend/src/modules/erp/erp.service.ts
erp	employees	read	backend/src/modules/erp/erp.service.ts
erp	expense_policy	read	backend/src/modules/erp/erp.service.ts
erp	breaks	read	backend/src/modules/erp/erp.service.ts
erp	billing_unit	read	backend/src/modules/erp/erp.service.ts
erp	process_master	read	backend/src/modules/erp/erp.service.ts
erp	billing_invoice	read	backend/src/modules/erp/erp.service.ts
erp	procurement_request	read	backend/src/modules/erp/erp.service.ts
erp	department_master	read	backend/src/modules/erp/erp.service.ts
erp	vendor_master	write	backend/src/modules/erp/erp.service.ts
erp	contract_master	write	backend/src/modules/erp/erp.service.ts
erp	expense_claim	write	backend/src/modules/erp/erp.service.ts
erp	expense_policy	write	backend/src/modules/erp/erp.service.ts
erp	billing_unit	write	backend/src/modules/erp/erp.service.ts
erp	billing_invoice	write	backend/src/modules/erp/erp.service.ts
erp	procurement_request	write	backend/src/modules/erp/erp.service.ts
erp	db_bill	read	backend/src/modules/erp/vendor-sync.service.ts
erp	mas_hrms	read	backend/src/modules/erp/vendor-sync.service.ts
erp	tbl_vendormaster	read	backend/src/modules/erp/vendor-sync.service.ts
erp	vendor_master	read	backend/src/modules/erp/vendor-sync.service.ts
erp	vendor_master	write	backend/src/modules/erp/vendor-sync.service.ts
exit	exit_request	read	backend/src/modules/exit/exit-intelligence.service.ts
exit	employees	read	backend/src/modules/exit/exit-intelligence.service.ts
exit	pip_action_plan	read	backend/src/modules/exit/exit-intelligence.service.ts
exit	exit_clearance_task	read	backend/src/modules/exit/exit-intelligence.service.ts
exit	exit_employee_health_snapshot	read	backend/src/modules/exit/exit-intelligence.service.ts
exit	branch_master	read	backend/src/modules/exit/exit-intelligence.service.ts
exit	process_master	read	backend/src/modules/exit/exit-intelligence.service.ts
exit	exit_employee_health_snapshot	write	backend/src/modules/exit/exit-intelligence.service.ts
exit	exit_clearance_task	write	backend/src/modules/exit/exit-intelligence.service.ts
exit	exit_retention_action	write	backend/src/modules/exit/exit-intelligence.service.ts
exit	exit_interview_response	write	backend/src/modules/exit/exit-intelligence.service.ts
exit	exit_request	read	backend/src/modules/exit/exit-lwd-scan.service.ts
exit	exit_request	read	backend/src/modules/exit/exit-status-guard.compat.routes.ts
exit	exit_clearance_task	read	backend/src/modules/exit/exit-status-guard.compat.routes.ts
exit	exit_clearance_task	read	backend/src/modules/exit/exit.compat.routes.ts
exit	full_final_calculation	read	backend/src/modules/exit/exit.compat.routes.ts
exit	exit_request	read	backend/src/modules/exit/exit.compat.routes.ts
exit	employees	read	backend/src/modules/exit/exit.compat.routes.ts
exit	branch_master	read	backend/src/modules/exit/exit.compat.routes.ts
exit	process_master	read	backend/src/modules/exit/exit.compat.routes.ts
exit	exit_employee_health_snapshot	read	backend/src/modules/exit/exit.compat.routes.ts
exit	exit_request	read	backend/src/modules/exit/exit.notifications.ts
exit	employees	read	backend/src/modules/exit/exit.notifications.ts
exit	designation_master	read	backend/src/modules/exit/exit.notifications.ts
exit	full_final_calculation	read	backend/src/modules/exit/exit.notifications.ts
exit	exit_clearance_task	read	backend/src/modules/exit/exit.notifications.ts
exit	exit_request	read	backend/src/modules/exit/exit.routes.ts
exit	exit_clearance_task	read	backend/src/modules/exit/exit.routes.ts
exit	exit_approval_log	read	backend/src/modules/exit/exit.routes.ts
exit	employees	read	backend/src/modules/exit/exit.routes.ts
exit	branch_master	read	backend/src/modules/exit/exit.routes.ts
exit	process_master	read	backend/src/modules/exit/exit.routes.ts
exit	departments	read	backend/src/modules/exit/exit.routes.ts
exit	designations	read	backend/src/modules/exit/exit.routes.ts
exit	auth_user	read	backend/src/modules/exit/exit.routes.ts
exit	salary_advance_log	read	backend/src/modules/exit/exit.routes.ts
exit	exit_clearance_task	write	backend/src/modules/exit/exit.routes.ts
exit	approval	read	backend/src/modules/exit/exit.secure.routes.ts
exit	exit_clearance_task	read	backend/src/modules/exit/exit.secure.routes.ts
exit	full_final_calculation	read	backend/src/modules/exit/exit.secure.routes.ts
exit	exit_request	read	backend/src/modules/exit/exit.secure.routes.ts
exit	employees	read	backend/src/modules/exit/exit.secure.routes.ts
exit	branch_master	read	backend/src/modules/exit/exit.secure.routes.ts
exit	process_master	read	backend/src/modules/exit/exit.secure.routes.ts
exit	exit_employee_health_snapshot	read	backend/src/modules/exit/exit.secure.routes.ts
exit	handler	write	backend/src/modules/exit/exit.secure.routes.ts
exit	employees	read	backend/src/modules/exit/exit.service.ts
exit	under	read	backend/src/modules/exit/exit.service.ts
exit	exit_request	read	backend/src/modules/exit/exit.service.ts
exit	branch_master	read	backend/src/modules/exit/exit.service.ts
exit	process_master	read	backend/src/modules/exit/exit.service.ts
exit	department_master	read	backend/src/modules/exit/exit.service.ts
exit	exit_employee_health_snapshot	read	backend/src/modules/exit/exit.service.ts
exit	exit_clearance_task	read	backend/src/modules/exit/exit.service.ts
exit	exit_request	write	backend/src/modules/exit/exit.service.ts
exit	across	write	backend/src/modules/exit/exit.service.ts
exit	closes	write	backend/src/modules/exit/exit.service.ts
exit	could	write	backend/src/modules/exit/exit.service.ts
exit	exit_approval_log	write	backend/src/modules/exit/exit.service.ts
exit	employees	write	backend/src/modules/exit/exit.service.ts
exit	full_final_calculation	read	backend/src/modules/exit/ff-approval-guard.compat.routes.ts
exit	exit_clearance_task	read	backend/src/modules/exit/ff-approval-guard.compat.routes.ts
exit	employee_salary_assignment	read	backend/src/modules/exit/ff-compute.service.ts
exit	exit_request	read	backend/src/modules/exit/ff-compute.service.ts
exit	statutory_config	read	backend/src/modules/exit/ff-compute.service.ts
exit	salary_advance_log	read	backend/src/modules/exit/ff-compute.service.ts
exit	employee_loans	read	backend/src/modules/exit/ff-compute.service.ts
exit	asset_assignment	read	backend/src/modules/exit/ff-compute.service.ts
exit	asset_master	read	backend/src/modules/exit/ff-compute.service.ts
exit	salary_prep_line	read	backend/src/modules/exit/ff-compute.service.ts
exit	salary_prep_run	read	backend/src/modules/exit/ff-compute.service.ts
exit	tax_declaration	read	backend/src/modules/exit/ff-compute.service.ts
exit	employees	read	backend/src/modules/exit/ff-compute.service.ts
exit	date_of_joining	read	backend/src/modules/exit/ff.service.ts
exit	employees	read	backend/src/modules/exit/ff.service.ts
exit	exit_request	read	backend/src/modules/exit/ff.service.ts
exit	employee_salary_assignment	read	backend/src/modules/exit/ff.service.ts
exit	salary_structure_master	read	backend/src/modules/exit/ff.service.ts
exit	full_final_calculation	read	backend/src/modules/exit/ff.service.ts
exit	salary_prep_line	read	backend/src/modules/exit/ff.service.ts
exit	salary_prep_run	read	backend/src/modules/exit/ff.service.ts
exit	gratuity_calculation_audit	write	backend/src/modules/exit/ff.service.ts
exit	full_final_calculation	write	backend/src/modules/exit/ff.service.ts
exit	another	write	backend/src/modules/exit/ff.service.ts
exit	impossible	write	backend/src/modules/exit/ff.service.ts
exit	employee_nominee	read	backend/src/modules/exit/gratuity-distribution.service.ts
exit	gratuity_distribution	write	backend/src/modules/exit/gratuity-distribution.service.ts
exit	resignation_discussion	read	backend/src/modules/exit/resignation.routes.ts
exit	auth_user	read	backend/src/modules/exit/resignation.routes.ts
exit	employees	read	backend/src/modules/exit/resignation.routes.ts
exit	retention_offer	read	backend/src/modules/exit/resignation.routes.ts
exit	exit_request	read	backend/src/modules/exit/resignation.routes.ts
exit	exit_approval_log	read	backend/src/modules/exit/resignation.routes.ts
exit	exit_retention_action	read	backend/src/modules/exit/resignation.routes.ts
exit	exit_retention_action	write	backend/src/modules/exit/resignation.routes.ts
exit	exit_approval_log	write	backend/src/modules/exit/resignation.routes.ts
exit	resignation_discussion	write	backend/src/modules/exit/resignation.routes.ts
exit	resignation_discussion_note	write	backend/src/modules/exit/resignation.routes.ts
exit	work_item	write	backend/src/modules/exit/resignation.routes.ts
exit	retention_offer	write	backend/src/modules/exit/resignation.routes.ts
exit	exit_request	write	backend/src/modules/exit/resignation.routes.ts
exit	employees	read	backend/src/modules/exit/resolveEmployeeRef.ts
expenses	employees	read	backend/src/modules/expenses/expense.controller.ts
expenses	expense_claim	read	backend/src/modules/expenses/expense.service.ts
expenses	draft	read	backend/src/modules/expenses/expense.service.ts
expenses	expense_claim	write	backend/src/modules/expenses/expense.service.ts
expenses	expense_claim	read	backend/src/modules/expenses/expenseApproval.service.ts
expenses	employees	read	backend/src/modules/expenses/expenseApproval.service.ts
expenses	expense_claim	write	backend/src/modules/expenses/expenseApproval.service.ts
expenses	expense_categories	read	backend/src/modules/expenses/expenseCategory.service.ts
expenses	expense_categories	write	backend/src/modules/expenses/expenseCategory.service.ts
expenses	expense_claim	read	backend/src/modules/expenses/expenseReport.service.ts
expenses	employees	read	backend/src/modules/expenses/expenseReport.service.ts
expenses	through	read	backend/src/modules/expenses/expenseReport.service.ts
expenses	employee_bank_detail	read	backend/src/modules/expenses/expenseReport.service.ts
external-db	integration_config	read	backend/src/modules/external-db/external-db.routes.ts
external-db	integration_config	write	backend/src/modules/external-db/external-db.routes.ts
external-db	integration_config	read	backend/src/modules/external-db/external-db.service.ts
external-db	integration_config	write	backend/src/modules/external-db/external-db.service.ts
files	files	read	backend/src/modules/files/documentVaultAuth.ts
files	candidate_id	read	backend/src/modules/files/files.routes.ts
files	actorUserId	read	backend/src/modules/files/files.routes.ts
files	document_legal_hold	read	backend/src/modules/files/files.routes.ts
files	document_retention_policy	read	backend/src/modules/files/files.routes.ts
files	document_vault_inventory	read	backend/src/modules/files/files.routes.ts
files	document_deletion_request	read	backend/src/modules/files/files.routes.ts
files	failed	write	backend/src/modules/files/files.routes.ts
finance	tbl_invoice	read	backend/src/modules/finance/client-payment-tracking.service.ts
finance	client_invoice_payment_status	read	backend/src/modules/finance/client-payment-tracking.service.ts
finance	client_invoice_payment_log	read	backend/src/modules/finance/client-payment-tracking.service.ts
finance	employees	read	backend/src/modules/finance/client-payment-tracking.service.ts
finance	cost_master	read	backend/src/modules/finance/client-payment-tracking.service.ts
finance	inv_particulars	read	backend/src/modules/finance/client-payment-tracking.service.ts
finance	client_invoice_payment_status	write	backend/src/modules/finance/client-payment-tracking.service.ts
finance	client_invoice_payment_log	write	backend/src/modules/finance/client-payment-tracking.service.ts
finance	create	read	backend/src/modules/finance/cost-centre-management.service.ts
finance	cost_centre_master	read	backend/src/modules/finance/cost-centre-management.service.ts
finance	client_master	read	backend/src/modules/finance/cost-centre-management.service.ts
finance	lob_master	read	backend/src/modules/finance/cost-centre-management.service.ts
finance	branch_master	read	backend/src/modules/finance/cost-centre-management.service.ts
finance	process_master	read	backend/src/modules/finance/cost-centre-management.service.ts
finance	employees	read	backend/src/modules/finance/cost-centre-management.service.ts
finance	cost_centre_contacts	read	backend/src/modules/finance/cost-centre-management.service.ts
finance	cost_centre_approval_log	read	backend/src/modules/finance/cost-centre-management.service.ts
finance	db_bill	read	backend/src/modules/finance/cost-centre-management.service.ts
finance	someone	read	backend/src/modules/finance/cost-centre-management.service.ts
finance	entirely	write	backend/src/modules/finance/cost-centre-management.service.ts
finance	cost_centre_approval_log	write	backend/src/modules/finance/cost-centre-management.service.ts
finance	cost_centre_master	write	backend/src/modules/finance/cost-centre-management.service.ts
finance	below	write	backend/src/modules/finance/cost-centre-management.service.ts
finance	contacts	write	backend/src/modules/finance/cost-centre-management.service.ts
finance	cost_centre_contacts	write	backend/src/modules/finance/cost-centre-management.service.ts
finance	employees	read	backend/src/modules/finance/finance-access-scope.ts
finance	hasGlobalFinanceScope	read	backend/src/modules/finance/finance-access-scope.ts
finance	nowhere	read	backend/src/modules/finance/finance-access-scope.ts
finance	finance	read	backend/src/modules/finance/finance-access-scope.ts
finance	another	read	backend/src/modules/finance/finance-access-scope.ts
finance	every	read	backend/src/modules/finance/finance-workflow-role.ts
finance	resolveFinanceStageRole	read	backend/src/modules/finance/finance-workflow-role.ts
finance	process_lob_master	read	backend/src/modules/finance/grn-lob-attribution.service.ts
finance	grn_request	read	backend/src/modules/finance/grn-lob-attribution.service.ts
finance	grn_cost_allocation	read	backend/src/modules/finance/grn-lob-attribution.service.ts
finance	branch_master	read	backend/src/modules/finance/grn-lob-attribution.service.ts
finance	process_master	read	backend/src/modules/finance/grn-lob-attribution.service.ts
finance	finance_budget_line	read	backend/src/modules/finance/grn-lob-attribution.service.ts
finance	cost_centre_master	read	backend/src/modules/finance/grn-lob-attribution.service.ts
finance	grn_cost_allocation	write	backend/src/modules/finance/grn-lob-attribution.service.ts
finance	finance_config	read	backend/src/modules/finance/grn-number-monthly.service.ts
finance	allocateGrnNumber	read	backend/src/modules/finance/grn-number-monthly.service.ts
finance	burning	read	backend/src/modules/finance/grn-number-monthly.service.ts
finance	finance_company	read	backend/src/modules/finance/grn-number-monthly.service.ts
finance	finance_grn_monthly_sequence	read	backend/src/modules/finance/grn-number-monthly.service.ts
finance	next_sequence	write	backend/src/modules/finance/grn-number-monthly.service.ts
finance	finance_grn_monthly_sequence	write	backend/src/modules/finance/grn-number-monthly.service.ts
finance	db_bill	read	backend/src/modules/finance/grn-number-on-submit.ts
finance	branch_master	read	backend/src/modules/finance/grn-number.service.ts
finance	finance_grn_sequence	read	backend/src/modules/finance/grn-number.service.ts
finance	grn_request	read	backend/src/modules/finance/grn-number.service.ts
finance	finance_grn_sequence	write	backend/src/modules/finance/grn-number.service.ts
finance	equal	read	backend/src/modules/finance/grn-period-allocation.service.ts
finance	grn_period_allocation	read	backend/src/modules/finance/grn-period-allocation.service.ts
finance	grn_cost_allocation	read	backend/src/modules/finance/grn-period-allocation.service.ts
finance	grn_period_allocation	write	backend/src/modules/finance/grn-period-allocation.service.ts
finance	grn_request	write	backend/src/modules/finance/grn-period-allocation.service.ts
finance	gst_type	read	backend/src/modules/finance/grn-report.service.ts
finance	status	read	backend/src/modules/finance/grn-report.service.ts
finance	grn_request	read	backend/src/modules/finance/grn-report.service.ts
finance	branch_master	read	backend/src/modules/finance/grn-report.service.ts
finance	employees	read	backend/src/modules/finance/grn-report.service.ts
finance	cost_centre_master	read	backend/src/modules/finance/grn-report.service.ts
finance	grn_cost_allocation	read	backend/src/modules/finance/grn-report.service.ts
finance	vendor_payment_tracking	read	backend/src/modules/finance/grn-report.service.ts
finance	finance_approval_event	read	backend/src/modules/finance/grn-report.service.ts
finance	finance_budget_topup_request	read	backend/src/modules/finance/grn-report.service.ts
finance	finance_budget_line	read	backend/src/modules/finance/grn-report.service.ts
finance	finance_budget_header	read	backend/src/modules/finance/grn-report.service.ts
finance	vendor	read	backend/src/modules/finance/grn-smart.routes.ts
finance	justifying	read	backend/src/modules/finance/grn-smart.routes.ts
finance	quantity	read	backend/src/modules/finance/grn-smart.service.ts
finance	GSTIN	read	backend/src/modules/finance/grn-smart.service.ts
finance	grn_request	read	backend/src/modules/finance/grn-smart.service.ts
finance	finance_budget_line	read	backend/src/modules/finance/grn-smart.service.ts
finance	finance_budget_header	read	backend/src/modules/finance/grn-smart.service.ts
finance	process_master	read	backend/src/modules/finance/grn-smart.service.ts
finance	cost_centre_master	read	backend/src/modules/finance/grn-smart.service.ts
finance	resolves	read	backend/src/modules/finance/grn-smart.service.ts
finance	grn_cost_allocation	read	backend/src/modules/finance/grn-smart.service.ts
finance	grn_invoice_component	read	backend/src/modules/finance/grn-smart.service.ts
finance	grn_duplicate_match	read	backend/src/modules/finance/grn-smart.service.ts
finance	grn_document	read	backend/src/modules/finance/grn-smart.service.ts
finance	grn_document_extraction	read	backend/src/modules/finance/grn-smart.service.ts
finance	finance_budget_line_allocation	read	backend/src/modules/finance/grn-smart.service.ts
finance	grn_validation_result	read	backend/src/modules/finance/grn-smart.service.ts
finance	branch	read	backend/src/modules/finance/grn-smart.service.ts
finance	reserved	read	backend/src/modules/finance/grn-smart.service.ts
finance	referenceLine	read	backend/src/modules/finance/grn-smart.service.ts
finance	is_unbudgeted	read	backend/src/modules/finance/grn-smart.service.ts
finance	today	read	backend/src/modules/finance/grn-smart.service.ts
finance	whether	read	backend/src/modules/finance/grn-smart.service.ts
finance	another	read	backend/src/modules/finance/grn-smart.service.ts
finance	status	read	backend/src/modules/finance/grn-smart.service.ts
finance	branch_master	read	backend/src/modules/finance/grn-smart.service.ts
finance	before	read	backend/src/modules/finance/grn-smart.service.ts
finance	after	read	backend/src/modules/finance/grn-smart.service.ts
finance	grn_period_allocation	read	backend/src/modules/finance/grn-smart.service.ts
finance	imprest_manager	read	backend/src/modules/finance/grn-smart.service.ts
finance	sensitive_action_log	write	backend/src/modules/finance/grn-smart.service.ts
finance	grn_duplicate_match	write	backend/src/modules/finance/grn-smart.service.ts
finance	grn_validation_result	write	backend/src/modules/finance/grn-smart.service.ts
finance	grn_request	write	backend/src/modules/finance/grn-smart.service.ts
finance	grn_cost_allocation	write	backend/src/modules/finance/grn-smart.service.ts
finance	grn_invoice_component	write	backend/src/modules/finance/grn-smart.service.ts
finance	grn_document	write	backend/src/modules/finance/grn-smart.service.ts
finance	grn_document_extraction	write	backend/src/modules/finance/grn-smart.service.ts
finance	grn_period_allocation	write	backend/src/modules/finance/grn-smart.service.ts
finance	every	read	backend/src/modules/finance/grn-type-support.ts
finance	db_bill	read	backend/src/modules/finance/grn-type-support.ts
finance	grn_validation_override	read	backend/src/modules/finance/grn-validation-control.service.ts
finance	grn_validation_result	read	backend/src/modules/finance/grn-validation-control.service.ts
finance	grn_cost_allocation	read	backend/src/modules/finance/grn-validation-control.service.ts
finance	process_lob_master	read	backend/src/modules/finance/grn-validation-control.service.ts
finance	process_master	read	backend/src/modules/finance/grn-validation-control.service.ts
finance	grn_request	read	backend/src/modules/finance/grn-validation-control.service.ts
finance	grn_validation_result	write	backend/src/modules/finance/grn-validation-control.service.ts
finance	grn_cost_allocation	write	backend/src/modules/finance/grn-validation-control.service.ts
finance	grn_validation_override	write	backend/src/modules/finance/grn-validation-control.service.ts
finance	grn_request	write	backend/src/modules/finance/grn-validation-control.service.ts
finance	vendor_master	read	backend/src/modules/finance/grn.routes.ts
finance	vendor_expense_mapping	read	backend/src/modules/finance/grn.routes.ts
finance	finance_company	read	backend/src/modules/finance/grn.routes.ts
finance	vendor_debit_note	read	backend/src/modules/finance/grn.routes.ts
finance	finance_config	write	backend/src/modules/finance/grn.routes.ts
finance	enforcement	write	backend/src/modules/finance/grn.routes.ts
finance	vendor_debit_note	write	backend/src/modules/finance/grn.routes.ts
finance	reserved	read	backend/src/modules/finance/grn.service.ts
finance	Vendor	read	backend/src/modules/finance/grn.service.ts
finance	vendor_master	read	backend/src/modules/finance/grn.service.ts
finance	grn_request	read	backend/src/modules/finance/grn.service.ts
finance	grn_entry_line_snapshot	read	backend/src/modules/finance/grn.service.ts
finance	cost_centre_master	read	backend/src/modules/finance/grn.service.ts
finance	branch_master	read	backend/src/modules/finance/grn.service.ts
finance	cancelGrn	read	backend/src/modules/finance/grn.service.ts
finance	grn_invoice_component	read	backend/src/modules/finance/grn.service.ts
finance	grn_cost_allocation	read	backend/src/modules/finance/grn.service.ts
finance	finance_budget_line	read	backend/src/modules/finance/grn.service.ts
finance	query	read	backend/src/modules/finance/grn.service.ts
finance	db_bill	read	backend/src/modules/finance/grn.service.ts
finance	process_master	read	backend/src/modules/finance/grn.service.ts
finance	finance_budget_header	read	backend/src/modules/finance/grn.service.ts
finance	employees	read	backend/src/modules/finance/grn.service.ts
finance	grn_entry_snapshot	read	backend/src/modules/finance/grn.service.ts
finance	finance_expense_head_snapshot	read	backend/src/modules/finance/grn.service.ts
finance	scratch	read	backend/src/modules/finance/grn.service.ts
finance	branch_head_approved	read	backend/src/modules/finance/grn.service.ts
finance	returned_to_branch_head	read	backend/src/modules/finance/grn.service.ts
finance	someone	read	backend/src/modules/finance/grn.service.ts
finance	their	read	backend/src/modules/finance/grn.service.ts
finance	grn_request	write	backend/src/modules/finance/grn.service.ts
finance	grn_invoice_component	write	backend/src/modules/finance/grn.service.ts
finance	imprest_transaction_ledger	read	backend/src/modules/finance/imprest-ledger.service.ts
finance	imprest_manager	read	backend/src/modules/finance/imprest-ledger.service.ts
finance	branch_master	read	backend/src/modules/finance/imprest-ledger.service.ts
finance	every	read	backend/src/modules/finance/imprest-ledger.service.ts
finance	imprest_allocation	read	backend/src/modules/finance/imprest-ledger.service.ts
finance	balance_after	read	backend/src/modules/finance/imprest-ledger.service.ts
finance	grn_request	read	backend/src/modules/finance/imprest-ledger.service.ts
finance	imprest_transaction_ledger	write	backend/src/modules/finance/imprest-ledger.service.ts
finance	imprest_allocation	read	backend/src/modules/finance/imprest.routes.ts
finance	imprest_manager	read	backend/src/modules/finance/imprest.routes.ts
finance	branch_master	read	backend/src/modules/finance/imprest.routes.ts
finance	employees	read	backend/src/modules/finance/imprest.routes.ts
finance	imprest_allocation_sequence	read	backend/src/modules/finance/imprest.service.ts
finance	imprest_manager	read	backend/src/modules/finance/imprest.service.ts
finance	branch_master	read	backend/src/modules/finance/imprest.service.ts
finance	employees	read	backend/src/modules/finance/imprest.service.ts
finance	imprest_allocation	read	backend/src/modules/finance/imprest.service.ts
finance	imprest_allocation_sequence	write	backend/src/modules/finance/imprest.service.ts
finance	BEFORE	write	backend/src/modules/finance/imprest.service.ts
finance	imprest_manager	write	backend/src/modules/finance/imprest.service.ts
finance	imprest_allocation	write	backend/src/modules/finance/imprest.service.ts
finance	db_bill	read	backend/src/modules/finance/mandate-seat-tracking.routes.ts
finance	mandate	write	backend/src/modules/finance/mandate-seat-tracking.routes.ts
finance	db_bill	read	backend/src/modules/finance/mandate-seat-tracking.service.ts
finance	inv_particulars	read	backend/src/modules/finance/mandate-seat-tracking.service.ts
finance	cost_master	read	backend/src/modules/finance/mandate-seat-tracking.service.ts
finance	mandate_seat_history	read	backend/src/modules/finance/mandate-seat-tracking.service.ts
finance	mandate_seat_history	write	backend/src/modules/finance/mandate-seat-tracking.service.ts
finance	mandate	write	backend/src/modules/finance/mandate-seat-tracking.service.ts
finance	salary	read	backend/src/modules/finance/salary-voucher-bill.service.ts
finance	db_bill	read	backend/src/modules/finance/salary-voucher-bill.service.ts
finance	salary_data	read	backend/src/modules/finance/salary-voucher-bill.service.ts
finance	mas_hrms	read	backend/src/modules/finance/salary-voucher-bill.service.ts
finance	branch_master	read	backend/src/modules/finance/salary-voucher-bill.service.ts
finance	finance_payroll_voucher_cohort	read	backend/src/modules/finance/salary-voucher.service.ts
finance	salary_prep_run	read	backend/src/modules/finance/salary-voucher.service.ts
finance	finance_payroll_entity_rule	read	backend/src/modules/finance/salary-voucher.service.ts
finance	salary_prep_line	read	backend/src/modules/finance/salary-voucher.service.ts
finance	employees	read	backend/src/modules/finance/salary-voucher.service.ts
finance	branch_master	read	backend/src/modules/finance/salary-voucher.service.ts
finance	designation_master	read	backend/src/modules/finance/salary-voucher.service.ts
finance	vendor_company_applicability	read	backend/src/modules/finance/vendor-applicability.service.ts
finance	finance_company	read	backend/src/modules/finance/vendor-applicability.service.ts
finance	vendor_branch_applicability	read	backend/src/modules/finance/vendor-applicability.service.ts
finance	branch_master	read	backend/src/modules/finance/vendor-applicability.service.ts
finance	vendor_company_applicability	write	backend/src/modules/finance/vendor-applicability.service.ts
finance	vendor_branch_applicability	write	backend/src/modules/finance/vendor-applicability.service.ts
finance	request	write	backend/src/modules/finance/vendor-approval.routes.ts
finance	vendor_approval_request	read	backend/src/modules/finance/vendor-approval.service.ts
finance	auth_user	read	backend/src/modules/finance/vendor-approval.service.ts
finance	employees	read	backend/src/modules/finance/vendor-approval.service.ts
finance	branch_master	read	backend/src/modules/finance/vendor-approval.service.ts
finance	requests	write	backend/src/modules/finance/vendor-approval.service.ts
finance	vendor_approval_request	write	backend/src/modules/finance/vendor-approval.service.ts
finance	vendor_bank_detail	read	backend/src/modules/finance/vendor-bank.service.ts
finance	vendor_master	read	backend/src/modules/finance/vendor-bank.service.ts
finance	vendor_bank_change_request	read	backend/src/modules/finance/vendor-bank.service.ts
finance	vendor_bank_detail_log	read	backend/src/modules/finance/vendor-bank.service.ts
finance	auth_user	read	backend/src/modules/finance/vendor-bank.service.ts
finance	vendor_bank_detail_log	write	backend/src/modules/finance/vendor-bank.service.ts
finance	vendor_bank_change_request	write	backend/src/modules/finance/vendor-bank.service.ts
finance	vendor_bank_detail	write	backend/src/modules/finance/vendor-bank.service.ts
finance	finance_config	read	backend/src/modules/finance/vendor-expense-mapping.service.ts
finance	vendor_expense_mapping	read	backend/src/modules/finance/vendor-expense-mapping.service.ts
finance	finance_expense_head_master	read	backend/src/modules/finance/vendor-expense-mapping.service.ts
finance	finance_expense_sub_head_master	read	backend/src/modules/finance/vendor-expense-mapping.service.ts
finance	finance_budget_line	read	backend/src/modules/finance/vendor-expense-mapping.service.ts
finance	finance_budget_header	read	backend/src/modules/finance/vendor-expense-mapping.service.ts
finance	vendor_expense_mapping	write	backend/src/modules/finance/vendor-expense-mapping.service.ts
finance	vendor_payment_tracking	read	backend/src/modules/finance/vendor-payment-ledger.service.ts
finance	vendor_payment_transaction	read	backend/src/modules/finance/vendor-payment-ledger.service.ts
finance	bank_master	read	backend/src/modules/finance/vendor-payment-ledger.service.ts
finance	grn_request	read	backend/src/modules/finance/vendor-payment-ledger.service.ts
finance	vendor_master	read	backend/src/modules/finance/vendor-payment-ledger.service.ts
finance	finance_action_audit_log	write	backend/src/modules/finance/vendor-payment-ledger.service.ts
finance	vendor_payment_transaction	write	backend/src/modules/finance/vendor-payment-ledger.service.ts
finance	vendor_payment_tracking	write	backend/src/modules/finance/vendor-payment-ledger.service.ts
finance	grn_request	write	backend/src/modules/finance/vendor-payment-ledger.service.ts
finance	expense_entry_master	read	backend/src/modules/finance/vendor-payment.routes.ts
finance	these	read	backend/src/modules/finance/vendor-payment.routes.ts
finance	bank_master	read	backend/src/modules/finance/vendor-payment.service.ts
finance	vendor_payment_tracking	read	backend/src/modules/finance/vendor-payment.service.ts
finance	branch_master	read	backend/src/modules/finance/vendor-payment.service.ts
finance	process_master	read	backend/src/modules/finance/vendor-payment.service.ts
finance	cost_centre_master	read	backend/src/modules/finance/vendor-payment.service.ts
finance	vendor_master	read	backend/src/modules/finance/vendor-payment.service.ts
finance	grn_request	read	backend/src/modules/finance/vendor-payment.service.ts
finance	auth_user	read	backend/src/modules/finance/vendor-payment.service.ts
finance	user_roles	read	backend/src/modules/finance/vendor-payment.service.ts
finance	finance_action_audit_log	write	backend/src/modules/finance/vendor-payment.service.ts
finance	vendor_payment_tracking	write	backend/src/modules/finance/vendor-payment.service.ts
finance	grn_request	write	backend/src/modules/finance/vendor-payment.service.ts
finance	failed	write	backend/src/modules/finance/vendor-payment.service.ts
goals	cycle	write	backend/src/modules/goals/goals.routes.ts
goals	employee	write	backend/src/modules/goals/goals.routes.ts
goals	employees	read	backend/src/modules/goals/goals.service.ts
goals	appraisal_cycle	read	backend/src/modules/goals/goals.service.ts
goals	appraisal_rating	read	backend/src/modules/goals/goals.service.ts
goals	skill_master	read	backend/src/modules/goals/goals.service.ts
goals	employee_skill	read	backend/src/modules/goals/goals.service.ts
goals	appraisal_cycle	write	backend/src/modules/goals/goals.service.ts
goals	appraisal_rating	write	backend/src/modules/goals/goals.service.ts
goals	skill_master	write	backend/src/modules/goals/goals.service.ts
goals	employee_skill	write	backend/src/modules/goals/goals.service.ts
governance	tat_matrix_master	read	backend/src/modules/governance/tat.routes.ts
governance	escalation_matrix_master	read	backend/src/modules/governance/tat.routes.ts
governance	task_tat_instance	read	backend/src/modules/governance/tat.routes.ts
governance	tat_matrix_master	write	backend/src/modules/governance/tat.routes.ts
governance	escalation_matrix_master	write	backend/src/modules/governance/tat.routes.ts
governance	tat_matrix_master	read	backend/src/modules/governance/tat.service.ts
governance	task_tat_instance	read	backend/src/modules/governance/tat.service.ts
governance	escalation_matrix_master	read	backend/src/modules/governance/tat.service.ts
governance	task_escalation_log	read	backend/src/modules/governance/tat.service.ts
governance	task_tat_instance	write	backend/src/modules/governance/tat.service.ts
governance	work_item	write	backend/src/modules/governance/tat.service.ts
governance	task_escalation_log	write	backend/src/modules/governance/tat.service.ts
gst	place	read	backend/src/modules/gst/gst-export.service.ts
gst	gst_export_batch	read	backend/src/modules/gst/gst-export.service.ts
gst	gst_export_row	read	backend/src/modules/gst/gst-export.service.ts
gst	client_invoice	read	backend/src/modules/gst/gst-export.service.ts
gst	cost_centre_master	read	backend/src/modules/gst/gst-export.service.ts
gst	branch_master	read	backend/src/modules/gst/gst-export.service.ts
gst	client_credit_note	read	backend/src/modules/gst/gst-export.service.ts
gst	gst_export_batch	write	backend/src/modules/gst/gst-export.service.ts
gst	gst_export_row	write	backend/src/modules/gst/gst-export.service.ts
helpdesk	employees	read	backend/src/modules/helpdesk/helpdesk-sla.service.ts
helpdesk	helpdesk_ticket	read	backend/src/modules/helpdesk/helpdesk-sla.service.ts
helpdesk	auth_user	read	backend/src/modules/helpdesk/helpdesk-sla.service.ts
helpdesk	emp_ow	read	backend/src/modules/helpdesk/helpdesk-sla.service.ts
helpdesk	grievance	read	backend/src/modules/helpdesk/helpdesk-sla.service.ts
helpdesk	branch_master	read	backend/src/modules/helpdesk/helpdesk-sla.service.ts
helpdesk	helpdesk_ticket	write	backend/src/modules/helpdesk/helpdesk-sla.service.ts
helpdesk	employees	read	backend/src/modules/helpdesk/helpdesk.routes.ts
helpdesk	helpdesk_ticket	read	backend/src/modules/helpdesk/helpdesk.service.ts
helpdesk	employees	read	backend/src/modules/helpdesk/helpdesk.service.ts
helpdesk	branch_master	read	backend/src/modules/helpdesk/helpdesk.service.ts
helpdesk	process_master	read	backend/src/modules/helpdesk/helpdesk.service.ts
helpdesk	auth_user	read	backend/src/modules/helpdesk/helpdesk.service.ts
helpdesk	identity	read	backend/src/modules/helpdesk/helpdesk.service.ts
helpdesk	helpdesk_ticket_comment	read	backend/src/modules/helpdesk/helpdesk.service.ts
helpdesk	grievance	read	backend/src/modules/helpdesk/helpdesk.service.ts
helpdesk	updated_at	read	backend/src/modules/helpdesk/helpdesk.service.ts
helpdesk	sensitive_action_log	read	backend/src/modules/helpdesk/helpdesk.service.ts
helpdesk	user_roles	read	backend/src/modules/helpdesk/helpdesk.service.ts
helpdesk	helpdesk_kb_article	read	backend/src/modules/helpdesk/helpdesk.service.ts
helpdesk	helpdesk_kb_feedback	read	backend/src/modules/helpdesk/helpdesk.service.ts
helpdesk	helpdesk_ticket	write	backend/src/modules/helpdesk/helpdesk.service.ts
helpdesk	helpdesk_ticket_comment	write	backend/src/modules/helpdesk/helpdesk.service.ts
helpdesk	grievance	write	backend/src/modules/helpdesk/helpdesk.service.ts
helpdesk	helpdesk_kb_article	write	backend/src/modules/helpdesk/helpdesk.service.ts
helpdesk	helpdesk_kb_feedback	write	backend/src/modules/helpdesk/helpdesk.service.ts
ijp	posting	write	backend/src/modules/ijp/ijp.routes.ts
ijp	application	write	backend/src/modules/ijp/ijp.routes.ts
ijp	ijp_posting	read	backend/src/modules/ijp/ijp.service.ts
ijp	ijp_application	read	backend/src/modules/ijp/ijp.service.ts
ijp	department_master	read	backend/src/modules/ijp/ijp.service.ts
ijp	process_master	read	backend/src/modules/ijp/ijp.service.ts
ijp	designation_master	read	backend/src/modules/ijp/ijp.service.ts
ijp	branch_master	read	backend/src/modules/ijp/ijp.service.ts
ijp	employees	read	backend/src/modules/ijp/ijp.service.ts
ijp	every	read	backend/src/modules/ijp/ijp.service.ts
ijp	ijp_audit_log	write	backend/src/modules/ijp/ijp.service.ts
ijp	ijp_posting	write	backend/src/modules/ijp/ijp.service.ts
ijp	ijp_application	write	backend/src/modules/ijp/ijp.service.ts
inbox	anything	read	backend/src/modules/inbox/inbox-reconciliation.ts
inbox	ats_candidate	read	backend/src/modules/inbox/inbox-reconciliation.ts
inbox	ats_queue_token	read	backend/src/modules/inbox/inbox-reconciliation.ts
inbox	ats_interview_result	read	backend/src/modules/inbox/inbox-reconciliation.ts
inbox	leave_request	read	backend/src/modules/inbox/inbox-reconciliation.ts
inbox	attendance_regularization	read	backend/src/modules/inbox/inbox-reconciliation.ts
inbox	attendance_daily_record	read	backend/src/modules/inbox/inbox-reconciliation.ts
inbox	it_provisioning_request	read	backend/src/modules/inbox/inbox-reconciliation.ts
inbox	employees	read	backend/src/modules/inbox/inbox-reconciliation.ts
inbox	work_inbox_item	read	backend/src/modules/inbox/inbox-reconciliation.ts
inbox	work_inbox_item	write	backend/src/modules/inbox/inbox-reconciliation.ts
inbox	statement	write	backend/src/modules/inbox/inbox-reconciliation.ts
inbox	work_inbox_item	read	backend/src/modules/inbox/inbox.service.ts
inbox	task_tat_instance	read	backend/src/modules/inbox/inbox.service.ts
inbox	work_item	read	backend/src/modules/inbox/inbox.service.ts
inbox	leave_request	read	backend/src/modules/inbox/inbox.service.ts
inbox	employee_name	read	backend/src/modules/inbox/inbox.service.ts
inbox	created_by	read	backend/src/modules/inbox/inbox.service.ts
inbox	user_roles	read	backend/src/modules/inbox/inbox.service.ts
inbox	employees	read	backend/src/modules/inbox/inbox.service.ts
inbox	branch_master	read	backend/src/modules/inbox/inbox.service.ts
inbox	sensitive_action_log	read	backend/src/modules/inbox/inbox.service.ts
inbox	exit_retention_action	read	backend/src/modules/inbox/inbox.service.ts
inbox	work_item_audit_log	read	backend/src/modules/inbox/inbox.service.ts
inbox	getMyPending	read	backend/src/modules/inbox/inbox.service.ts
inbox	work_inbox_item	write	backend/src/modules/inbox/inbox.service.ts
inbox	tat_task_completions	write	backend/src/modules/inbox/inbox.service.ts
inbox	task_tat_instance	write	backend/src/modules/inbox/inbox.service.ts
inbox	work_item	write	backend/src/modules/inbox/inbox.service.ts
inbox	work_item_audit_log	write	backend/src/modules/inbox/inbox.service.ts
incentives	incentive_master	read	backend/src/modules/incentives/incentives.routes.ts
incentives	employees	read	backend/src/modules/incentives/incentives.routes.ts
incentives	branch_master	read	backend/src/modules/incentives/incentives.routes.ts
incentives	cost_centre_master	read	backend/src/modules/incentives/incentives.routes.ts
incentives	employee_id	read	backend/src/modules/incentives/incentives.routes.ts
incentives	incentive_approval_step	read	backend/src/modules/incentives/incentives.routes.ts
incentives	user_roles	read	backend/src/modules/incentives/incentives.routes.ts
incentives	auth_user	read	backend/src/modules/incentives/incentives.routes.ts
incentives	incentive_upload_batch	read	backend/src/modules/incentives/incentives.routes.ts
incentives	incentive_payroll_register	read	backend/src/modules/incentives/incentives.routes.ts
incentives	incentive_upload_batch	write	backend/src/modules/incentives/incentives.routes.ts
incentives	incentive_upload_line	write	backend/src/modules/incentives/incentives.routes.ts
incentives	batch	write	backend/src/modules/incentives/incentives.routes.ts
incentives	work_item	write	backend/src/modules/incentives/incentives.routes.ts
incentives	incentive_approval_step	write	backend/src/modules/incentives/incentives.routes.ts
incentives	work_item_audit_log	write	backend/src/modules/incentives/incentives.routes.ts
incentives	incentive_payroll_register	write	backend/src/modules/incentives/incentives.routes.ts
incentives	incentive_master	read	backend/src/modules/incentives/incentives.service.ts
incentives	incentive_upload_batch	read	backend/src/modules/incentives/incentives.service.ts
incentives	incentive_upload_line	read	backend/src/modules/incentives/incentives.service.ts
incentives	employees	read	backend/src/modules/incentives/incentives.service.ts
incentives	gross_salary	read	backend/src/modules/incentives/incentives.service.ts
incentives	salary_prep_line_component	read	backend/src/modules/incentives/incentives.service.ts
incentives	salary_prep_line	read	backend/src/modules/incentives/incentives.service.ts
incentives	incentive_master	write	backend/src/modules/incentives/incentives.service.ts
incentives	incentive_upload_batch	write	backend/src/modules/incentives/incentives.service.ts
incentives	incentive_upload_line	write	backend/src/modules/incentives/incentives.service.ts
incentives	incentive_approval_log	write	backend/src/modules/incentives/incentives.service.ts
incentives	salary_prep_line_component	write	backend/src/modules/incentives/incentives.service.ts
incentives	rollup	write	backend/src/modules/incentives/incentives.service.ts
incentives	gross	write	backend/src/modules/incentives/incentives.service.ts
incentives	salary_prep_run	write	backend/src/modules/incentives/incentives.service.ts
integration-hub	dialer_session_log	write	backend/src/modules/integration-hub/adapters/dbSyncService.ts
integration-hub	integration_call_daily	write	backend/src/modules/integration-hub/adapters/dbSyncService.ts
integration-hub	integration_biometric_daily	write	backend/src/modules/integration-hub/adapters/dbSyncService.ts
integration-hub	integration_connector_run	read	backend/src/modules/integration-hub/connectorHealth.ts
integration-hub	integration_connector_run	write	backend/src/modules/integration-hub/connectorRunner.ts
integration-hub	integration_raw_payload	write	backend/src/modules/integration-hub/connectorService.ts
integration-hub	integration_schema_snapshot	write	backend/src/modules/integration-hub/connectorService.ts
integration-hub	integration_connector_run	write	backend/src/modules/integration-hub/connectorService.ts
integration-hub	integration_event_log	read	backend/src/modules/integration-hub/eventLog.ts
integration-hub	integration_event_log	write	backend/src/modules/integration-hub/eventLog.ts
integration-hub	integration_sync_run	read	backend/src/modules/integration-hub/integration.routes.ts
integration-hub	integration_field_map	write	backend/src/modules/integration-hub/integration.routes.ts
integration-hub	integration_table_map	write	backend/src/modules/integration-hub/integration.routes.ts
integration-hub	integration_connector_run	read	backend/src/modules/integration-hub/integration.service.ts
integration-hub	integration_config	read	backend/src/modules/integration-hub/integration.service.ts
integration-hub	integration_schedule	read	backend/src/modules/integration-hub/integration.service.ts
integration-hub	integration_field_map	read	backend/src/modules/integration-hub/integration.service.ts
integration-hub	integration_table_map	read	backend/src/modules/integration-hub/integration.service.ts
integration-hub	integration_field_map_suggestion	read	backend/src/modules/integration-hub/integration.service.ts
integration-hub	integration_event_log	read	backend/src/modules/integration-hub/integration.service.ts
integration-hub	integration_schema_snapshot	read	backend/src/modules/integration-hub/integration.service.ts
integration-hub	integration_config	write	backend/src/modules/integration-hub/integration.service.ts
integration-hub	integration_schedule	write	backend/src/modules/integration-hub/integration.service.ts
integration-hub	integration_field_map	write	backend/src/modules/integration-hub/integration.service.ts
integration-hub	integration_table_map	write	backend/src/modules/integration-hub/integration.service.ts
integration-hub	integration_field_map_suggestion	write	backend/src/modules/integration-hub/integration.service.ts
integration-hub	integration_event_log	write	backend/src/modules/integration-hub/integration.service.ts
integration-hub	integration_connector_run	write	backend/src/modules/integration-hub/integration.service.ts
integrations	mas_hrms	read	backend/src/modules/integrations/cosec/cosec-registration.service.ts
integrations	employees	read	backend/src/modules/integrations/cosec/cosec-registration.service.ts
integrations	branch_master	read	backend/src/modules/integrations/cosec/cosec-registration.service.ts
integrations	department_master	read	backend/src/modules/integrations/cosec/cosec-registration.service.ts
integrations	designation_master	read	backend/src/modules/integrations/cosec/cosec-registration.service.ts
integrations	Mx_UserMst	read	backend/src/modules/integrations/cosec/cosec-registration.service.ts
integrations	cosec_user_sync_queue	write	backend/src/modules/integrations/cosec/cosec-registration.service.ts
integrations	failed	write	backend/src/modules/integrations/cosec/cosec-registration.service.ts
integrations	Mx_UserMst	write	backend/src/modules/integrations/cosec/cosec-registration.service.ts
integrations	employee_biometric_enrollment	write	backend/src/modules/integrations/cosec/cosec-registration.service.ts
integrations	ats_provider_transaction_log	read	backend/src/modules/integrations/luckpay/luckpay-status.service.ts
integrations	candidate_digilocker_session	read	backend/src/modules/integrations/luckpay/luckpay-status.service.ts
integrations	employee_document_esign_transaction	read	backend/src/modules/integrations/luckpay/luckpay-status.service.ts
integrations	candidate_bgv_check	write	backend/src/modules/integrations/luckpay/luckpay-status.service.ts
integrations	ats_provider_transaction_log	write	backend/src/modules/integrations/luckpay/luckpay-status.service.ts
integrations	candidate_digilocker_session	write	backend/src/modules/integrations/luckpay/luckpay-status.service.ts
integrations	candidate_bgv_report	write	backend/src/modules/integrations/luckpay/luckpay-status.service.ts
integrations	employee_document_esign_transaction	write	backend/src/modules/integrations/luckpay/luckpay-status.service.ts
integrations	employee_joining_document_file	write	backend/src/modules/integrations/luckpay/luckpay-status.service.ts
integrations	employee_joining_document_checklist	write	backend/src/modules/integrations/luckpay/luckpay-status.service.ts
integrations	employee_joining_document_public_token	write	backend/src/modules/integrations/luckpay/luckpay-status.service.ts
integrations	credential	read	backend/src/modules/integrations/luckpay/luckpay.transport.ts
integrations	response	read	backend/src/modules/integrations/luckpay/luckpay.transport.ts
it-provisioning	upload_batch_row	read	backend/src/modules/it-provisioning/it-provisioning.bulk.service.ts
it-provisioning	employees	read	backend/src/modules/it-provisioning/it-provisioning.bulk.service.ts
it-provisioning	instead	write	backend/src/modules/it-provisioning/it-provisioning.bulk.service.ts
it-provisioning	always	write	backend/src/modules/it-provisioning/it-provisioning.bulk.service.ts
it-provisioning	employees	write	backend/src/modules/it-provisioning/it-provisioning.bulk.service.ts
it-provisioning	upload_batch_row	write	backend/src/modules/it-provisioning/it-provisioning.bulk.service.ts
it-provisioning	batch	write	backend/src/modules/it-provisioning/it-provisioning.bulk.service.ts
it-provisioning	upload_batch	write	backend/src/modules/it-provisioning/it-provisioning.bulk.service.ts
it-provisioning	appointment_letter_request	read	backend/src/modules/it-provisioning/it-provisioning.routes.ts
it-provisioning	it_provisioning_request	read	backend/src/modules/it-provisioning/it-provisioning.routes.ts
it-provisioning	provisioning	read	backend/src/modules/it-provisioning/it-provisioning.routes.ts
it-provisioning	employees	read	backend/src/modules/it-provisioning/it-provisioning.routes.ts
it-provisioning	ats_candidate	read	backend/src/modules/it-provisioning/it-provisioning.routes.ts
it-provisioning	designation_master	read	backend/src/modules/it-provisioning/it-provisioning.routes.ts
it-provisioning	branch_master	read	backend/src/modules/it-provisioning/it-provisioning.routes.ts
it-provisioning	process_master	read	backend/src/modules/it-provisioning/it-provisioning.routes.ts
it-provisioning	helpdesk_ticket	read	backend/src/modules/it-provisioning/it-provisioning.routes.ts
it-provisioning	their	read	backend/src/modules/it-provisioning/it-provisioning.routes.ts
it-provisioning	auth_user	read	backend/src/modules/it-provisioning/it-provisioning.routes.ts
it-provisioning	asset_master	read	backend/src/modules/it-provisioning/it-provisioning.routes.ts
it-provisioning	department_master	read	backend/src/modules/it-provisioning/it-provisioning.routes.ts
it-provisioning	asset_assignment	read	backend/src/modules/it-provisioning/it-provisioning.routes.ts
it-provisioning	it_provisioning_request	write	backend/src/modules/it-provisioning/it-provisioning.routes.ts
it-provisioning	appointment_letter_request	write	backend/src/modules/it-provisioning/it-provisioning.routes.ts
it-provisioning	appointment_letter_audit_log	write	backend/src/modules/it-provisioning/it-provisioning.routes.ts
it-provisioning	employees	write	backend/src/modules/it-provisioning/it-provisioning.routes.ts
it-provisioning	user_assignment_scope	read	backend/src/modules/it-provisioning/it-provisioning.service.ts
it-provisioning	auth_user	read	backend/src/modules/it-provisioning/it-provisioning.service.ts
it-provisioning	employees	read	backend/src/modules/it-provisioning/it-provisioning.service.ts
it-provisioning	user_roles	read	backend/src/modules/it-provisioning/it-provisioning.service.ts
it-provisioning	branch_master	read	backend/src/modules/it-provisioning/it-provisioning.service.ts
it-provisioning	branch_head_assignments	read	backend/src/modules/it-provisioning/it-provisioning.service.ts
it-provisioning	tables	read	backend/src/modules/it-provisioning/it-provisioning.service.ts
it-provisioning	joining	read	backend/src/modules/it-provisioning/it-provisioning.service.ts
it-provisioning	it_provisioning_request	read	backend/src/modules/it-provisioning/it-provisioning.service.ts
it-provisioning	trigger	read	backend/src/modules/it-provisioning/it-provisioning.service.ts
it-provisioning	provisioning	read	backend/src/modules/it-provisioning/it-provisioning.service.ts
it-provisioning	biometric	read	backend/src/modules/it-provisioning/it-provisioning.service.ts
it-provisioning	Dialler	read	backend/src/modules/it-provisioning/it-provisioning.service.ts
it-provisioning	notification_event_config	read	backend/src/modules/it-provisioning/it-provisioning.service.ts
it-provisioning	it_provisioning_request	write	backend/src/modules/it-provisioning/it-provisioning.service.ts
it-provisioning	three	read	backend/src/modules/it-provisioning/notification-recipients.routes.ts
it-provisioning	employees	read	backend/src/modules/it-provisioning/notification-recipients.routes.ts
it-provisioning	branch_master	read	backend/src/modules/it-provisioning/notification-recipients.routes.ts
it-provisioning	user_assignment_scope	read	backend/src/modules/it-provisioning/notification-recipients.routes.ts
it-provisioning	auth_user	read	backend/src/modules/it-provisioning/notification-recipients.routes.ts
it-provisioning	branch_head_assignments	read	backend/src/modules/it-provisioning/notification-recipients.routes.ts
it-provisioning	designation_master	read	backend/src/modules/it-provisioning/notification-recipients.routes.ts
it-provisioning	three	read	backend/src/modules/it-provisioning/notification-recipients.service.ts
it-provisioning	branch_notification_recipient	read	backend/src/modules/it-provisioning/notification-recipients.service.ts
it-provisioning	employees	read	backend/src/modules/it-provisioning/notification-recipients.service.ts
it-provisioning	auth_user	read	backend/src/modules/it-provisioning/notification-recipients.service.ts
it-provisioning	branch_notification_recipient	write	backend/src/modules/it-provisioning/notification-recipients.service.ts
it-provisioning	it_provisioning_request	read	backend/src/modules/it-provisioning/task-completion-handlers.service.ts
it-provisioning	employees	read	backend/src/modules/it-provisioning/task-completion-handlers.service.ts
it-provisioning	asset_master	read	backend/src/modules/it-provisioning/task-completion-handlers.service.ts
it-provisioning	employee_biometric_enrollment	read	backend/src/modules/it-provisioning/task-completion-handlers.service.ts
it-provisioning	employee_documents	read	backend/src/modules/it-provisioning/task-completion-handlers.service.ts
it-provisioning	employee_roster_preference	read	backend/src/modules/it-provisioning/task-completion-handlers.service.ts
it-provisioning	employees	write	backend/src/modules/it-provisioning/task-completion-handlers.service.ts
it-provisioning	existing	write	backend/src/modules/it-provisioning/task-completion-handlers.service.ts
it-provisioning	auth_user	write	backend/src/modules/it-provisioning/task-completion-handlers.service.ts
it-provisioning	employee_documents	write	backend/src/modules/it-provisioning/task-completion-handlers.service.ts
it-provisioning	asset	write	backend/src/modules/it-provisioning/task-completion-handlers.service.ts
it-provisioning	asset_master	write	backend/src/modules/it-provisioning/task-completion-handlers.service.ts
it-provisioning	asset_assignment	write	backend/src/modules/it-provisioning/task-completion-handlers.service.ts
it-provisioning	it_provisioning_request	write	backend/src/modules/it-provisioning/task-completion-handlers.service.ts
it-provisioning	employee_biometric_enrollment	write	backend/src/modules/it-provisioning/task-completion-handlers.service.ts
it-provisioning	employee	write	backend/src/modules/it-provisioning/task-completion-handlers.service.ts
it-provisioning	employee_roster_preference	write	backend/src/modules/it-provisioning/task-completion-handlers.service.ts
it-provisioning	cosec	write	backend/src/modules/it-provisioning/task-completion-handlers.service.ts
job-requisition	another	read	backend/src/modules/job-requisition/job-requisition.routes.ts
job-requisition	process_master	read	backend/src/modules/job-requisition/job-requisition.routes.ts
job-requisition	job_requisition	read	backend/src/modules/job-requisition/job-requisition.routes.ts
job-requisition	employees	read	backend/src/modules/job-requisition/job-requisition.routes.ts
job-requisition	branch_master	read	backend/src/modules/job-requisition/job-requisition.routes.ts
job-requisition	ats_candidate	read	backend/src/modules/job-requisition/job-requisition.routes.ts
job-requisition	job_requisition_candidate	read	backend/src/modules/job-requisition/job-requisition.routes.ts
job-requisition	Requisition	write	backend/src/modules/job-requisition/job-requisition.routes.ts
job-requisition	Candidate	write	backend/src/modules/job-requisition/job-requisition.routes.ts
job-requisition	Planned	write	backend/src/modules/job-requisition/job-requisition.routes.ts
job-requisition	job_requisition_candidate	write	backend/src/modules/job-requisition/job-requisition.routes.ts
job-requisition	branch_master	read	backend/src/modules/job-requisition/job-requisition.service.ts
job-requisition	raising	read	backend/src/modules/job-requisition/job-requisition.service.ts
job-requisition	job_requisition	read	backend/src/modules/job-requisition/job-requisition.service.ts
job-requisition	silently	read	backend/src/modules/job-requisition/job-requisition.service.ts
job-requisition	user_roles	read	backend/src/modules/job-requisition/job-requisition.service.ts
job-requisition	employees	read	backend/src/modules/job-requisition/job-requisition.service.ts
job-requisition	designation_master	read	backend/src/modules/job-requisition/job-requisition.service.ts
job-requisition	job_requisition_candidate	read	backend/src/modules/job-requisition/job-requisition.service.ts
job-requisition	ats_candidate	read	backend/src/modules/job-requisition/job-requisition.service.ts
job-requisition	candidate_onboarding_profile	read	backend/src/modules/job-requisition/job-requisition.service.ts
job-requisition	job_requisition_approval_log	read	backend/src/modules/job-requisition/job-requisition.service.ts
job-requisition	process_master	read	backend/src/modules/job-requisition/job-requisition.service.ts
job-requisition	ats_queue_token	read	backend/src/modules/job-requisition/job-requisition.service.ts
job-requisition	ats_onboarding_bridge	read	backend/src/modules/job-requisition/job-requisition.service.ts
job-requisition	lms_employee_mapping	read	backend/src/modules/job-requisition/job-requisition.service.ts
job-requisition	external	read	backend/src/modules/job-requisition/job-requisition.service.ts
job-requisition	batch_master	read	backend/src/modules/job-requisition/job-requisition.service.ts
job-requisition	auth_user	read	backend/src/modules/job-requisition/job-requisition.service.ts
job-requisition	job_requisition	write	backend/src/modules/job-requisition/job-requisition.service.ts
job-requisition	job_requisition_approval_log	write	backend/src/modules/job-requisition/job-requisition.service.ts
job-requisition	job_requisition_candidate	write	backend/src/modules/job-requisition/job-requisition.service.ts
job-requisition	ats_candidate	write	backend/src/modules/job-requisition/job-requisition.service.ts
job-requisition	candidate	write	backend/src/modules/job-requisition/job-requisition.service.ts
job-requisition	planned	write	backend/src/modules/job-requisition/job-requisition.service.ts
jobs	job_posting	read	backend/src/modules/jobs/jobs.service.ts
jobs	walkin_queue	read	backend/src/modules/jobs/jobs.service.ts
jobs	job_posting	write	backend/src/modules/jobs/jobs.service.ts
jobs	walkin_queue	write	backend/src/modules/jobs/jobs.service.ts
kpi	employee_lob_assignment	read	backend/src/modules/kpi/attribution.service.ts
kpi	process_lob_master	read	backend/src/modules/kpi/attribution.service.ts
kpi	employees	read	backend/src/modules/kpi/attribution.service.ts
kpi	conversion_funnel_event	read	backend/src/modules/kpi/conversion-funnel.routes.ts
kpi	inbound_funnel_detail	read	backend/src/modules/kpi/conversion-funnel.routes.ts
kpi	outbound_funnel_detail	read	backend/src/modules/kpi/conversion-funnel.routes.ts
kpi	chat_funnel_detail	read	backend/src/modules/kpi/conversion-funnel.routes.ts
kpi	email_funnel_detail	read	backend/src/modules/kpi/conversion-funnel.routes.ts
kpi	stage_counts	read	backend/src/modules/kpi/conversion-funnel.routes.ts
kpi	drop_off	read	backend/src/modules/kpi/conversion-funnel.routes.ts
kpi	conversion_funnel_event	read	backend/src/modules/kpi/conversion-funnel.service.ts
kpi	conversion_funnel_event	write	backend/src/modules/kpi/conversion-funnel.service.ts
kpi	inbound_funnel_detail	write	backend/src/modules/kpi/conversion-funnel.service.ts
kpi	outbound_funnel_detail	write	backend/src/modules/kpi/conversion-funnel.service.ts
kpi	chat_funnel_detail	write	backend/src/modules/kpi/conversion-funnel.service.ts
kpi	email_funnel_detail	write	backend/src/modules/kpi/conversion-funnel.service.ts
kpi	funnel	write	backend/src/modules/kpi/conversion-funnel.service.ts
kpi	funnel_daily_snapshot	write	backend/src/modules/kpi/conversion-funnel.service.ts
kpi	kpi_metric_master	read	backend/src/modules/kpi/kpi-data-connector.service.ts
kpi	kpi_formula_version	read	backend/src/modules/kpi/kpi-data-connector.service.ts
kpi	employees	read	backend/src/modules/kpi/kpi-data-connector.service.ts
kpi	integration_call_daily	read	backend/src/modules/kpi/kpi-data-connector.service.ts
kpi	integration_process_alias	read	backend/src/modules/kpi/kpi-data-connector.service.ts
kpi	attendance_daily_record	read	backend/src/modules/kpi/kpi-data-connector.service.ts
kpi	call_quality_assessment	read	backend/src/modules/kpi/kpi-data-connector.service.ts
kpi	CallDetails	read	backend/src/modules/kpi/kpi-data-connector.service.ts
kpi	db_masmis	read	backend/src/modules/kpi/kpi-data-connector.service.ts
kpi	kpi_daily_actual	write	backend/src/modules/kpi/kpi-data-connector.service.ts
kpi	employees	write	backend/src/modules/kpi/kpi-data-connector.service.ts
kpi	employees	read	backend/src/modules/kpi/kpi-master.routes.ts
kpi	reporting_tree	read	backend/src/modules/kpi/kpi-master.routes.ts
kpi	kpi_metric_master	read	backend/src/modules/kpi/kpi-master.routes.ts
kpi	kpi_master_config	read	backend/src/modules/kpi/kpi-master.service.ts
kpi	kpi_metric_master	read	backend/src/modules/kpi/kpi-master.service.ts
kpi	department_master	read	backend/src/modules/kpi/kpi-master.service.ts
kpi	designation_master	read	backend/src/modules/kpi/kpi-master.service.ts
kpi	process_master	read	backend/src/modules/kpi/kpi-master.service.ts
kpi	cost_centre_master	read	backend/src/modules/kpi/kpi-master.service.ts
kpi	employees	read	backend/src/modules/kpi/kpi-master.service.ts
kpi	kpi_employee_resolved	read	backend/src/modules/kpi/kpi-master.service.ts
kpi	kpi_daily_actual	read	backend/src/modules/kpi/kpi-master.service.ts
kpi	kpi_rating_config	read	backend/src/modules/kpi/kpi-master.service.ts
kpi	kpi_master_config	write	backend/src/modules/kpi/kpi-master.service.ts
kpi	kpi_employee_resolved	write	backend/src/modules/kpi/kpi-master.service.ts
kpi	user_roles	read	backend/src/modules/kpi/kpi.process-role.routes.ts
kpi	employees	read	backend/src/modules/kpi/kpi.process-role.routes.ts
kpi	designations	read	backend/src/modules/kpi/kpi.process-role.routes.ts
kpi	departments	read	backend/src/modules/kpi/kpi.process-role.routes.ts
kpi	kpi_process_template	read	backend/src/modules/kpi/kpi.process-role.routes.ts
kpi	kpi_role_template	read	backend/src/modules/kpi/kpi.process-role.routes.ts
kpi	kpi_role_template_metric	read	backend/src/modules/kpi/kpi.process-role.routes.ts
kpi	kpi_data_source_mapping	read	backend/src/modules/kpi/kpi.process-role.routes.ts
kpi	kpi_score_period	read	backend/src/modules/kpi/kpi.process-role.routes.ts
kpi	kpi_employee_assignment	read	backend/src/modules/kpi/kpi.process-role.routes.ts
kpi	kpi_score	read	backend/src/modules/kpi/kpi.process-role.routes.ts
kpi	kpi_score_detail	read	backend/src/modules/kpi/kpi.process-role.routes.ts
kpi	kpi_manual_adjustment	read	backend/src/modules/kpi/kpi.process-role.routes.ts
kpi	kpi_score_summary	read	backend/src/modules/kpi/kpi.process-role.routes.ts
kpi	work_inbox_item	write	backend/src/modules/kpi/kpi.process-role.routes.ts
kpi	employee_journey_log	write	backend/src/modules/kpi/kpi.process-role.routes.ts
kpi	kpi_process_template	write	backend/src/modules/kpi/kpi.process-role.routes.ts
kpi	kpi_role_template	write	backend/src/modules/kpi/kpi.process-role.routes.ts
kpi	kpi_role_template_metric	write	backend/src/modules/kpi/kpi.process-role.routes.ts
kpi	kpi_data_source_mapping	write	backend/src/modules/kpi/kpi.process-role.routes.ts
kpi	kpi_employee_assignment	write	backend/src/modules/kpi/kpi.process-role.routes.ts
kpi	kpi_score_period	write	backend/src/modules/kpi/kpi.process-role.routes.ts
kpi	kpi_score_detail	write	backend/src/modules/kpi/kpi.process-role.routes.ts
kpi	kpi_score_summary	write	backend/src/modules/kpi/kpi.process-role.routes.ts
kpi	kpi_manual_adjustment	write	backend/src/modules/kpi/kpi.process-role.routes.ts
kpi	kpi_review_action	write	backend/src/modules/kpi/kpi.process-role.routes.ts
kpi	employees	read	backend/src/modules/kpi/kpi.routes.ts
kpi	kpi_process_config	read	backend/src/modules/kpi/kpi.routes.ts
kpi	kpi_metric_master	read	backend/src/modules/kpi/kpi.routes.ts
kpi	kpi_template_metric	read	backend/src/modules/kpi/kpi.routes.ts
kpi	kpi_rating_config	read	backend/src/modules/kpi/kpi.routes.ts
kpi	kpi_daily_actual	read	backend/src/modules/kpi/kpi.routes.ts
kpi	attendance_daily_record	read	backend/src/modules/kpi/kpi.routes.ts
kpi	process_master	read	backend/src/modules/kpi/kpi.routes.ts
kpi	kpi_process_config	write	backend/src/modules/kpi/kpi.routes.ts
kpi	kpi_rating_config	write	backend/src/modules/kpi/kpi.routes.ts
kpi	kpi_metric_master	read	backend/src/modules/kpi/kpi.service.ts
kpi	kpi_template	read	backend/src/modules/kpi/kpi.service.ts
kpi	kpi_template_metric	read	backend/src/modules/kpi/kpi.service.ts
kpi	kpi_assignment	read	backend/src/modules/kpi/kpi.service.ts
kpi	employees	read	backend/src/modules/kpi/kpi.service.ts
kpi	kpi_score	read	backend/src/modules/kpi/kpi.service.ts
kpi	kpi_daily_actual	read	backend/src/modules/kpi/kpi.service.ts
kpi	kpi_process_config	read	backend/src/modules/kpi/kpi.service.ts
kpi	kpi_metric_master	write	backend/src/modules/kpi/kpi.service.ts
kpi	kpi_template	write	backend/src/modules/kpi/kpi.service.ts
kpi	kpi_template_metric	write	backend/src/modules/kpi/kpi.service.ts
kpi	kpi_assignment	write	backend/src/modules/kpi/kpi.service.ts
kpi	kpi_score	write	backend/src/modules/kpi/kpi.service.ts
kpi	every	read	backend/src/modules/kpi/kpi.validation.ts
kpi	integration_mapping_exception	read	backend/src/modules/kpi/mapping-exception.service.ts
kpi	integration_mapping_exception	write	backend/src/modules/kpi/mapping-exception.service.ts
kpi	integration_config	read	backend/src/modules/kpi/performance-source-preview.service.ts
kpi	employees	read	backend/src/modules/kpi/performance-source-preview.service.ts
kpi	call_quality_assessment	read	backend/src/modules/kpi/performance-source-preview.service.ts
kpi	CallDetails	read	backend/src/modules/kpi/performance-source-preview.service.ts
kpi	db_masmis	read	backend/src/modules/kpi/performance-source-preview.service.ts
kpi	kpi_metric_master	read	backend/src/modules/kpi/process-metric-definition.routes.ts
kpi	process_metric_definition	read	backend/src/modules/kpi/process-metric-definition.service.ts
kpi	kpi_metric_master	read	backend/src/modules/kpi/process-metric-definition.service.ts
kpi	process_metric_definition	read	backend/src/modules/kpi/process-metric-definition.write.ts
kpi	process_metric_definition	write	backend/src/modules/kpi/process-metric-definition.write.ts
leave	leave_request	read	backend/src/modules/leave/leave-policy.service.ts
leave	leave_type_master	read	backend/src/modules/leave/leave-policy.service.ts
leave	leave	read	backend/src/modules/leave/leave-policy.service.ts
leave	leave_balance_ledger	read	backend/src/modules/leave/leave-policy.service.ts
leave	leave_policy_config	read	backend/src/modules/leave/leave-policy.service.ts
leave	leave_request	read	backend/src/modules/leave/leave.notifications.ts
leave	employees	read	backend/src/modules/leave/leave.notifications.ts
leave	leave_type_master	read	backend/src/modules/leave/leave.notifications.ts
leave	leave_type_master	read	backend/src/modules/leave/leave.routes.ts
leave	db_bill	read	backend/src/modules/leave/leave.routes.ts
leave	leave_balance_ledger	read	backend/src/modules/leave/leave.routes.ts
leave	employees	read	backend/src/modules/leave/leave.routes.ts
leave	leave_management	read	backend/src/modules/leave/leave.routes.ts
leave	leave	write	backend/src/modules/leave/leave.routes.ts
leave	leave_type_master	write	backend/src/modules/leave/leave.routes.ts
leave	leave_balance_ledger	write	backend/src/modules/leave/leave.routes.ts
leave	leave_request	read	backend/src/modules/leave/leave.secure.routes.ts
leave	employees	read	backend/src/modules/leave/leave.secure.routes.ts
leave	department_master	read	backend/src/modules/leave/leave.secure.routes.ts
leave	branch_master	read	backend/src/modules/leave/leave.secure.routes.ts
leave	process_master	read	backend/src/modules/leave/leave.secure.routes.ts
leave	leave_type_master	read	backend/src/modules/leave/leave.secure.routes.ts
leave	leave_approval_log	read	backend/src/modules/leave/leave.secure.routes.ts
leave	counted	read	backend/src/modules/leave/leave.secure.routes.ts
leave	doing	read	backend/src/modules/leave/leave.secure.routes.ts
leave	attendance_daily_record	read	backend/src/modules/leave/leave.service.ts
leave	pool_with	read	backend/src/modules/leave/leave.service.ts
leave	leave_balance_ledger	read	backend/src/modules/leave/leave.service.ts
leave	leave_type_master	read	backend/src/modules/leave/leave.service.ts
leave	Medical	read	backend/src/modules/leave/leave.service.ts
leave	employees	read	backend/src/modules/leave/leave.service.ts
leave	leave_request	read	backend/src/modules/leave/leave.service.ts
leave	from_date	read	backend/src/modules/leave/leave.service.ts
leave	balance	read	backend/src/modules/leave/leave.service.ts
leave	which	read	backend/src/modules/leave/leave.service.ts
leave	leave_balance_deduction	read	backend/src/modules/leave/leave.service.ts
leave	below	read	backend/src/modules/leave/leave.service.ts
leave	leave_holiday_master	read	backend/src/modules/leave/leave.service.ts
leave	leave_balance_ledger	write	backend/src/modules/leave/leave.service.ts
leave	leave_type_master	write	backend/src/modules/leave/leave.service.ts
leave	leave_request	write	backend/src/modules/leave/leave.service.ts
leave	leave_balance_deduction	write	backend/src/modules/leave/leave.service.ts
leave	attendance_daily_record	write	backend/src/modules/leave/leave.service.ts
leave	previously	write	backend/src/modules/leave/leave.service.ts
leave	leave_approval_log	write	backend/src/modules/leave/leave.service.ts
leave	portal_notification	write	backend/src/modules/leave/leave.service.ts
leave	leave_holiday_master	write	backend/src/modules/leave/leave.service.ts
legacy	legacy_source_table_profile	read	backend/src/modules/legacy/legacy-analyzer.service.ts
legacy	legacy_source_table_profile	write	backend/src/modules/legacy/legacy-analyzer.service.ts
legacy	legacy_mapping_candidates	read	backend/src/modules/legacy/legacy.service.ts
legacy	legacy_sync_map	read	backend/src/modules/legacy/legacy.service.ts
legacy	legacy_sync_run_log	read	backend/src/modules/legacy/legacy.service.ts
legacy	legacy_sync_exception	read	backend/src/modules/legacy/legacy.service.ts
legacy	legacy_mapping_candidates	write	backend/src/modules/legacy/legacy.service.ts
legacy-reports	process_master	read	backend/src/modules/legacy-reports/legacy-reports.service.ts
legacy-reports	salary_prep_line	read	backend/src/modules/legacy-reports/legacy-reports.service.ts
legacy-reports	salary_prep_run	read	backend/src/modules/legacy-reports/legacy-reports.service.ts
legacy-reports	employees	read	backend/src/modules/legacy-reports/legacy-reports.service.ts
legacy-reports	branch_master	read	backend/src/modules/legacy-reports/legacy-reports.service.ts
legacy-reports	cost_centre_master	read	backend/src/modules/legacy-reports/legacy-reports.service.ts
legacy-reports	designation_master	read	backend/src/modules/legacy-reports/legacy-reports.service.ts
legacy-reports	department_master	read	backend/src/modules/legacy-reports/legacy-reports.service.ts
legacy-reports	salary_prep_line_component	read	backend/src/modules/legacy-reports/legacy-reports.service.ts
legacy-reports	attendance_legacy_snapshot	read	backend/src/modules/legacy-reports/legacy-reports.service.ts
legacy-reports	attendance_daily_record	read	backend/src/modules/legacy-reports/legacy-reports.service.ts
legacy-reports	wfh_attendance_snapshot	read	backend/src/modules/legacy-reports/legacy-reports.service.ts
legacy-reports	field_attendance_snapshot	read	backend/src/modules/legacy-reports/legacy-reports.service.ts
legacy-reports	attendance_regularization	read	backend/src/modules/legacy-reports/legacy-reports.service.ts
legacy-reports	leave_request	read	backend/src/modules/legacy-reports/legacy-reports.service.ts
legacy-reports	employee_loans	read	backend/src/modules/legacy-reports/legacy-reports.service.ts
legacy-reports	incometax_legacy_snapshot	read	backend/src/modules/legacy-reports/legacy-reports.service.ts
legacy-reports	od_register_snapshot	read	backend/src/modules/legacy-reports/legacy-reports.service.ts
legacy-reports	incentive_upload_snapshot	read	backend/src/modules/legacy-reports/legacy-reports.service.ts
legacy-reports	upload_deduction_snapshot	read	backend/src/modules/legacy-reports/legacy-reports.service.ts
legacy-reports	employee_deduction_entries	read	backend/src/modules/legacy-reports/legacy-reports.service.ts
legacy-reports	Branch	read	backend/src/modules/legacy-reports/legacy-reports.service.ts
legacy-reports	employee_move_snapshot	read	backend/src/modules/legacy-reports/legacy-reports.service.ts
legacy-reports	change_doj_snapshot	read	backend/src/modules/legacy-reports/legacy-reports.service.ts
legacy-reports	doc_legacy_snapshot	read	backend/src/modules/legacy-reports/legacy-reports.service.ts
legacy-reports	legacy_salary_snapshot	read	backend/src/modules/legacy-reports/legacy-reports.service.ts
legacy-reports	employee_salary_history	read	backend/src/modules/legacy-reports/legacy-reports.service.ts
legacy-reports	qual_attendance_snapshot	read	backend/src/modules/legacy-reports/legacy-reports.service.ts
legacy-reports	qual_leave_snapshot	read	backend/src/modules/legacy-reports/legacy-reports.service.ts
legacy-reports	qual_salary_snapshot	read	backend/src/modules/legacy-reports/legacy-reports.service.ts
legacy-reports	qual_incentive_snapshot	read	backend/src/modules/legacy-reports/legacy-reports.service.ts
legacy-reports	leave_balance_ledger	read	backend/src/modules/legacy-reports/legacy-reports.service.ts
legacy-reports	leave_type_master	read	backend/src/modules/legacy-reports/legacy-reports.service.ts
legacy-reports	employee_nominee	read	backend/src/modules/legacy-reports/legacy-reports.service.ts
legacy-reports	asset_assignment	read	backend/src/modules/legacy-reports/legacy-reports.service.ts
legacy-reports	asset_master	read	backend/src/modules/legacy-reports/legacy-reports.service.ts
legacy-reports	exit_request	read	backend/src/modules/legacy-reports/legacy-reports.service.ts
legacy-reports	tasks	read	backend/src/modules/legacy-reports/legacy-reports.service.ts
legacy-reports	exit_clearance_task	read	backend/src/modules/legacy-reports/legacy-reports.service.ts
legacy-reports	employee_uan	read	backend/src/modules/legacy-reports/legacy-reports.service.ts
legacy-reports	employee_statutory_info	read	backend/src/modules/legacy-reports/legacy-reports.service.ts
legacy-reports	billing_invoice_snapshot	read	backend/src/modules/legacy-reports/legacy-reports.service.ts
legacy-reports	employee_bank_detail	read	backend/src/modules/legacy-reports/legacy-reports.service.ts
legacy-reports	salary_component_assignments	read	backend/src/modules/legacy-reports/legacy-reports.service.ts
letters	appointment_letter_request	read	backend/src/modules/letters/appointment-esign.routes.ts
letters	Luckpay	read	backend/src/modules/letters/appointment-esign.routes.ts
letters	ats_candidate	read	backend/src/modules/letters/appointment-esign.routes.ts
letters	transaction	read	backend/src/modules/letters/appointment-esign.routes.ts
letters	ats_provider_transaction_log	read	backend/src/modules/letters/appointment-esign.routes.ts
letters	ats_offer_letters	read	backend/src/modules/letters/appointment-esign.routes.ts
letters	employee_document_vault	read	backend/src/modules/letters/appointment-esign.routes.ts
letters	appointment_letter_request	write	backend/src/modules/letters/appointment-esign.routes.ts
letters	appointment_letter_audit	write	backend/src/modules/letters/appointment-esign.routes.ts
letters	employee_document_vault	write	backend/src/modules/letters/appointment-esign.routes.ts
letters	appointment_letter_request	read	backend/src/modules/letters/appointment-esign.service.ts
letters	appointment_letter_audit	read	backend/src/modules/letters/appointment-esign.service.ts
letters	appointment_letter_audit	write	backend/src/modules/letters/appointment-esign.service.ts
letters	appointment_letter_request	write	backend/src/modules/letters/appointment-esign.service.ts
letters	employee_document_vault	write	backend/src/modules/letters/appointment-esign.service.ts
letters	appointment	read	backend/src/modules/letters/appointmentLetter.routes.ts
letters	appointment_letter_issue	read	backend/src/modules/letters/appointmentLetter.routes.ts
letters	employees	read	backend/src/modules/letters/appointmentLetter.routes.ts
letters	designation_master	read	backend/src/modules/letters/appointmentLetter.routes.ts
letters	employee_salary_assignment	read	backend/src/modules/letters/appointmentLetterData.service.ts
letters	salary_component_assignments	read	backend/src/modules/letters/appointmentLetterData.service.ts
letters	salary_package_master	read	backend/src/modules/letters/appointmentLetterData.service.ts
letters	legacy_payslip_snapshot	read	backend/src/modules/letters/appointmentLetterData.service.ts
letters	legacy_salary_snapshot	read	backend/src/modules/letters/appointmentLetterData.service.ts
letters	ats_onboarding_bridge	read	backend/src/modules/letters/appointmentLetterEligibility.service.ts
letters	employees	read	backend/src/modules/letters/appointmentLetterEligibility.service.ts
letters	branch_master	read	backend/src/modules/letters/appointmentLetterEligibility.service.ts
letters	designation_master	read	backend/src/modules/letters/appointmentLetterEligibility.service.ts
letters	appointment_letter_issue	read	backend/src/modules/letters/appointmentLetterEligibility.service.ts
letters	candidate_bgv_report	read	backend/src/modules/letters/appointmentLetterEligibility.service.ts
letters	employee_joining_document_checklist	read	backend/src/modules/letters/appointmentLetterEligibility.service.ts
letters	salary_component_assignments	read	backend/src/modules/letters/appointmentLetterEligibility.service.ts
letters	legacy_payslip_snapshot	read	backend/src/modules/letters/appointmentLetterEligibility.service.ts
letters	ats_onboarding_bridge	read	backend/src/modules/letters/appointmentLetterIssue.service.ts
letters	employees	read	backend/src/modules/letters/appointmentLetterIssue.service.ts
letters	designation_master	read	backend/src/modules/letters/appointmentLetterIssue.service.ts
letters	branch_master	read	backend/src/modules/letters/appointmentLetterIssue.service.ts
letters	appointment_letter_issue	read	backend/src/modules/letters/appointmentLetterIssue.service.ts
letters	appointment_letter_issue_audit	write	backend/src/modules/letters/appointmentLetterIssue.service.ts
letters	appointment_letter_issue	write	backend/src/modules/letters/appointmentLetterIssue.service.ts
letters	appointment_letter_issue	read	backend/src/modules/letters/appointmentLetterVerify.service.ts
letters	company_signing_certificate	read	backend/src/modules/letters/dscConfig.service.ts
letters	company_signing_certificate_audit	write	backend/src/modules/letters/dscConfig.service.ts
letters	company_signing_certificate	write	backend/src/modules/letters/dscConfig.service.ts
letters	PREVIOUS	read	backend/src/modules/letters/letters-render.service.ts
letters	unauthorized	read	backend/src/modules/letters/letters-render.service.ts
letters	mobile	read	backend/src/modules/letters/letters-render.service.ts
letters	Company	read	backend/src/modules/letters/letters-render.service.ts
letters	yourself	write	backend/src/modules/letters/letters-render.service.ts
letters	request	read	backend/src/modules/letters/letters.routes.ts
letters	generated_letter	read	backend/src/modules/letters/letters.routes.ts
letters	letter_template	read	backend/src/modules/letters/letters.routes.ts
letters	generated_text	read	backend/src/modules/letters/letters.routes.ts
letters	employees	read	backend/src/modules/letters/letters.routes.ts
letters	designation_master	read	backend/src/modules/letters/letters.routes.ts
letters	department_master	read	backend/src/modules/letters/letters.routes.ts
letters	branch_master	read	backend/src/modules/letters/letters.routes.ts
letters	process_master	read	backend/src/modules/letters/letters.routes.ts
letters	generated_letter	read	backend/src/modules/letters/letters.service.ts
letters	letter_template	read	backend/src/modules/letters/letters.service.ts
letters	employees	read	backend/src/modules/letters/letters.service.ts
letters	designation_master	read	backend/src/modules/letters/letters.service.ts
letters	department_master	read	backend/src/modules/letters/letters.service.ts
letters	branch_master	read	backend/src/modules/letters/letters.service.ts
letters	generated_letter	write	backend/src/modules/letters/letters.service.ts
lifecycle	employee_documents	read	backend/src/modules/lifecycle/lifecycle.routes.ts
lifecycle	employees	read	backend/src/modules/lifecycle/lifecycle.routes.ts
lifecycle	employee_document_access_log	read	backend/src/modules/lifecycle/lifecycle.routes.ts
lifecycle	branch_master	read	backend/src/modules/lifecycle/lifecycle.routes.ts
lifecycle	department_master	read	backend/src/modules/lifecycle/lifecycle.routes.ts
lifecycle	process_master	read	backend/src/modules/lifecycle/lifecycle.routes.ts
lifecycle	designation_master	read	backend/src/modules/lifecycle/lifecycle.routes.ts
lifecycle	auth_user	read	backend/src/modules/lifecycle/lifecycle.routes.ts
lifecycle	ats_candidate	read	backend/src/modules/lifecycle/lifecycle.routes.ts
lifecycle	ats_onboarding_request	read	backend/src/modules/lifecycle/lifecycle.routes.ts
lifecycle	ats_employment_offer	read	backend/src/modules/lifecycle/lifecycle.routes.ts
lifecycle	it_provisioning_request	read	backend/src/modules/lifecycle/lifecycle.routes.ts
lifecycle	exit_request	read	backend/src/modules/lifecycle/lifecycle.routes.ts
lifecycle	sensitive_action_log	read	backend/src/modules/lifecycle/lifecycle.routes.ts
lifecycle	employee_journey_log	read	backend/src/modules/lifecycle/lifecycle.routes.ts
lifecycle	employees	read	backend/src/modules/lifecycle/lifecycle.service.ts
lifecycle	branch_master	read	backend/src/modules/lifecycle/lifecycle.service.ts
lifecycle	employee_lifecycle_event	read	backend/src/modules/lifecycle/lifecycle.service.ts
lifecycle	employee_documents	read	backend/src/modules/lifecycle/lifecycle.service.ts
lifecycle	employees	write	backend/src/modules/lifecycle/lifecycle.service.ts
lifecycle	employee_journey_log	write	backend/src/modules/lifecycle/lifecycle.service.ts
lifecycle	employee_lifecycle_event	write	backend/src/modules/lifecycle/lifecycle.service.ts
lifecycle	employee_documents	write	backend/src/modules/lifecycle/lifecycle.service.ts
lifecycle	employee_document_access_log	write	backend/src/modules/lifecycle/lifecycle.service.ts
lms	trainee_master	read	backend/src/modules/lms/lms-employee-mapper.ts
lms	employees	read	backend/src/modules/lms/lms-employee-mapper.ts
lms	lms_employee_mapping	read	backend/src/modules/lms/lms-employee-mapper.ts
lms	lms_employee_mapping	write	backend/src/modules/lms/lms-employee-mapper.ts
lms	lms_mapping_audit	write	backend/src/modules/lms/lms-employee-mapper.ts
lms	lms_employee_mapping	read	backend/src/modules/lms/lms-provisioning.service.ts
lms	trainee_master	read	backend/src/modules/lms/lms-provisioning.service.ts
lms	employees	read	backend/src/modules/lms/lms-provisioning.service.ts
lms	branch_master	read	backend/src/modules/lms/lms-provisioning.service.ts
lms	process_master	read	backend/src/modules/lms/lms-provisioning.service.ts
lms	department_master	read	backend/src/modules/lms/lms-provisioning.service.ts
lms	CURRENT_TIMESTAMP	write	backend/src/modules/lms/lms-provisioning.service.ts
lms	trainee_master	write	backend/src/modules/lms/lms-provisioning.service.ts
lms	user_roles	read	backend/src/modules/lms/lms.routes.ts
lms	employees	read	backend/src/modules/lms/lms.routes.ts
lms	branch_master	read	backend/src/modules/lms/lms.routes.ts
lms	process_master	read	backend/src/modules/lms/lms.routes.ts
lms	department_master	read	backend/src/modules/lms/lms.routes.ts
lms	lms_admin_identity_map	read	backend/src/modules/lms/lms.routes.ts
lms	admin_user_master	read	backend/src/modules/lms/lms.routes.ts
lms	role_access_matrix	read	backend/src/modules/lms/lms.routes.ts
lms	user_master	read	backend/src/modules/lms/lms.routes.ts
lms	lms_mapping_audit	read	backend/src/modules/lms/lms.routes.ts
lms	lms_sync_audit_log	read	backend/src/modules/lms/lms.routes.ts
lms	lms_employee_mapping	read	backend/src/modules/lms/lms.routes.ts
lms	lms_learning_progress_snapshot	read	backend/src/modules/lms/lms.routes.ts
lms	lms_certification_snapshot	read	backend/src/modules/lms/lms.routes.ts
lms	lms_learner_progress	read	backend/src/modules/lms/lms.routes.ts
lms	deployed	read	backend/src/modules/lms/lms.routes.ts
lms	lms_mcn	read	backend/src/modules/lms/lms.routes.ts
lms	integration_config	read	backend/src/modules/lms/lms.routes.ts
lms	integration_schedule	read	backend/src/modules/lms/lms.routes.ts
lms	lms_assessment_scores	read	backend/src/modules/lms/lms.routes.ts
lms	portal_sessions	write	backend/src/modules/lms/lms.routes.ts
lms	lms_sync_audit_log	write	backend/src/modules/lms/lms.routes.ts
lms	integration_config	write	backend/src/modules/lms/lms.routes.ts
lms	role_access_matrix	read	backend/src/modules/lms/lms.service.ts
lms	trainee_master	read	backend/src/modules/lms/lms.service.ts
lms	module_master	read	backend/src/modules/lms/lms.service.ts
lms	classroom_master	read	backend/src/modules/lms/lms.service.ts
lms	content_master	read	backend/src/modules/lms/lms.service.ts
lms	trainee_content_progress	read	backend/src/modules/lms/lms.service.ts
lms	batch_master	read	backend/src/modules/lms/lms.service.ts
lms	attendance_inference	read	backend/src/modules/lms/lms.service.ts
lms	ats_candidate	read	backend/src/modules/lms/lms.service.ts
lms	ats_onboarding_bridge	read	backend/src/modules/lms/lms.service.ts
lms	employees	read	backend/src/modules/lms/lms.service.ts
lms	branch_master	read	backend/src/modules/lms/lms.service.ts
lms	process_master	read	backend/src/modules/lms/lms.service.ts
lms	lms_employee_mapping	read	backend/src/modules/lms/lms.service.ts
lms	lms_learning_progress_snapshot	read	backend/src/modules/lms/lms.service.ts
lms	lms_certification_snapshot	read	backend/src/modules/lms/lms.service.ts
lms	lms_sync_audit_log	read	backend/src/modules/lms/lms.service.ts
lms	lms_employee_mapping	write	backend/src/modules/lms/lms.service.ts
lms	lms_mcn	read	backend/src/modules/lms/lms.sync.service.ts
lms	trainee_master	read	backend/src/modules/lms/lms.sync.service.ts
lms	employees	read	backend/src/modules/lms/lms.sync.service.ts
lms	batch_master	read	backend/src/modules/lms/lms.sync.service.ts
lms	classroom_master	read	backend/src/modules/lms/lms.sync.service.ts
lms	migration	read	backend/src/modules/lms/lms.sync.service.ts
lms	lms_sync_audit_log	read	backend/src/modules/lms/lms.sync.service.ts
lms	lms_assessment_scores	read	backend/src/modules/lms/lms.sync.service.ts
lms	today	read	backend/src/modules/lms/lms.sync.service.ts
lms	assessment_attempts	read	backend/src/modules/lms/lms.sync.service.ts
lms	assessment_master	read	backend/src/modules/lms/lms.sync.service.ts
lms	lms_employee_mapping	write	backend/src/modules/lms/lms.sync.service.ts
lms	lms_sync_audit_log	write	backend/src/modules/lms/lms.sync.service.ts
lms	lms_learning_progress_snapshot	write	backend/src/modules/lms/lms.sync.service.ts
lms	lms_certification_snapshot	write	backend/src/modules/lms/lms.sync.service.ts
lms	lms_assessment_scores	write	backend/src/modules/lms/lms.sync.service.ts
lms-integration	trainee_master	read	backend/src/modules/lms-integration/lms-employee-mapper.ts
lms-integration	employees	read	backend/src/modules/lms-integration/lms-employee-mapper.ts
lms-integration	lms_employee_mapping	read	backend/src/modules/lms-integration/lms-employee-mapper.ts
lms-integration	lms_employee_mapping	write	backend/src/modules/lms-integration/lms-employee-mapper.ts
lms-integration	lms_mapping_audit	write	backend/src/modules/lms-integration/lms-employee-mapper.ts
lms-integration	backend	read	backend/src/modules/lms-integration/lms-external-db.ts
lms-integration	employees	read	backend/src/modules/lms-integration/lms-integration.routes.ts
lms-integration	trainee_master	read	backend/src/modules/lms-integration/lms-integration.routes.ts
lms-integration	batch_master	read	backend/src/modules/lms-integration/lms-integration.routes.ts
lms-integration	training_risk_log	read	backend/src/modules/lms-integration/lms-integration.routes.ts
lms-integration	historical_training_kpi	read	backend/src/modules/lms-integration/lms-integration.routes.ts
lms-integration	assessment_results	read	backend/src/modules/lms-integration/lms-integration.routes.ts
lms-integration	content_progress	read	backend/src/modules/lms-integration/lms-integration.routes.ts
lms-integration	training_need	write	backend/src/modules/lms-integration/lms-integration.routes.ts
lms-integration	trainee_master	read	backend/src/modules/lms-integration/lms-sync.service.ts
lms-integration	employees	read	backend/src/modules/lms-integration/lms-sync.service.ts
lms-integration	assessment_attempts	read	backend/src/modules/lms-integration/lms-sync.service.ts
lms-integration	assessment_master	read	backend/src/modules/lms-integration/lms-sync.service.ts
lms-integration	mapping	read	backend/src/modules/lms-integration/lms-sync.service.ts
lms-integration	lms_employee_mapping	read	backend/src/modules/lms-integration/lms-sync.service.ts
lms-integration	lms_learner_progress	write	backend/src/modules/lms-integration/lms-sync.service.ts
lms-integration	lms_assessment_scores	write	backend/src/modules/lms-integration/lms-sync.service.ts
lms-integration	lms_sync_audit	write	backend/src/modules/lms-integration/lms-sync.service.ts
location	employees	read	backend/src/modules/location/location.routes.ts
location	branch_master	read	backend/src/modules/location/location.routes.ts
location	process_master	read	backend/src/modules/location/location.routes.ts
location	designation_master	read	backend/src/modules/location/location.routes.ts
location	employee_live_location	read	backend/src/modules/location/location.routes.ts
location	employee_location_history	read	backend/src/modules/location/location.routes.ts
location	employee_live_location	write	backend/src/modules/location/location.routes.ts
location	employee_location_history	write	backend/src/modules/location/location.routes.ts
location	employee_geofence_alerts	write	backend/src/modules/location/location.routes.ts
management	attendance_daily_record	read	backend/src/modules/management/daily-brief/daily-brief-aggregator.service.ts
management	attendance_reconciliation_issue	read	backend/src/modules/management/daily-brief/daily-brief-aggregator.service.ts
management	work_item	read	backend/src/modules/management/daily-brief/daily-brief-aggregator.service.ts
management	PROMPT	read	backend/src/modules/management/daily-brief/daily-brief-aggregator.service.ts
management	employees	read	backend/src/modules/management/daily-brief/daily-brief-aggregator.service.ts
management	business_action_queue	read	backend/src/modules/management/daily-brief/daily-brief-aggregator.service.ts
management	payrollDetailOut	read	backend/src/modules/management/daily-brief/daily-brief-aggregator.service.ts
management	different	read	backend/src/modules/management/daily-brief/daily-brief-dedup.ts
management	whichever	read	backend/src/modules/management/daily-brief/daily-brief-dedup.ts
management	priority	read	backend/src/modules/management/daily-brief/daily-brief-dedup.ts
management	buildTemplateContext	read	backend/src/modules/management/daily-brief/daily-brief-dispatch.service.ts
management	dispatch_log	read	backend/src/modules/management/daily-brief/daily-brief-dispatch.service.ts
management	modules	read	backend/src/modules/management/daily-brief/daily-brief-editorial-constants.ts
management	business_action_queue	read	backend/src/modules/management/daily-brief/daily-brief-editorial-constants.ts
management	attendance_daily_record	read	backend/src/modules/management/daily-brief/daily-brief-executive-rollup.module.ts
management	employees	read	backend/src/modules/management/daily-brief/daily-brief-executive-rollup.module.ts
management	branch_master	read	backend/src/modules/management/daily-brief/daily-brief-executive-rollup.module.ts
management	business_action_queue	read	backend/src/modules/management/daily-brief/daily-brief-executive-rollup.module.ts
management	ats_candidate_stage_log	read	backend/src/modules/management/daily-brief/daily-brief-executive-rollup.module.ts
management	work_item	read	backend/src/modules/management/daily-brief/daily-brief-executive-rollup.module.ts
management	ats_onboarding_bridge	read	backend/src/modules/management/daily-brief/daily-brief-executive-rollup.module.ts
management	exit_request	read	backend/src/modules/management/daily-brief/daily-brief-executive-rollup.module.ts
management	exit_request	read	backend/src/modules/management/daily-brief/daily-brief-exit.module.ts
management	exit_employee_health_snapshot	read	backend/src/modules/management/daily-brief/daily-brief-exit.module.ts
management	exit_clearance_task	read	backend/src/modules/management/daily-brief/daily-brief-exit.module.ts
management	full_final_calculation	read	backend/src/modules/management/daily-brief/daily-brief-exit.module.ts
management	sla_due_at	read	backend/src/modules/management/daily-brief/daily-brief-helpdesk.module.ts
management	every	read	backend/src/modules/management/daily-brief/daily-brief-helpdesk.module.ts
management	helpdesk_ticket	read	backend/src/modules/management/daily-brief/daily-brief-helpdesk.module.ts
management	against	write	backend/src/modules/management/daily-brief/daily-brief-helpdesk.module.ts
management	kpi_daily_actual	read	backend/src/modules/management/daily-brief/daily-brief-kpi.module.ts
management	kpi_metric_master	read	backend/src/modules/management/daily-brief/daily-brief-kpi.module.ts
management	employees	read	backend/src/modules/management/daily-brief/daily-brief-kpi.module.ts
management	kpi_process_config	read	backend/src/modules/management/daily-brief/daily-brief-kpi.module.ts
management	performance_alert	read	backend/src/modules/management/daily-brief/daily-brief-kpi.module.ts
management	coaching_session	read	backend/src/modules/management/daily-brief/daily-brief-kpi.module.ts
management	training_need	read	backend/src/modules/management/daily-brief/daily-brief-kpi.module.ts
management	payrollGovernanceService	read	backend/src/modules/management/daily-brief/daily-brief-payroll.module.ts
management	payrollBranchReadinessService	read	backend/src/modules/management/daily-brief/daily-brief-payroll.module.ts
management	salary_prep_run	read	backend/src/modules/management/daily-brief/daily-brief-payroll.module.ts
management	attendance_reconciliation_issue	read	backend/src/modules/management/daily-brief/daily-brief-payroll.module.ts
management	hrms2	read	backend/src/modules/management/daily-brief/daily-brief-payroll.module.ts
management	people_experience_health_snapshot	read	backend/src/modules/management/daily-brief/daily-brief-people-risk.module.ts
management	already	read	backend/src/modules/management/daily-brief/daily-brief-positive-signals.module.ts
management	db_audit	read	backend/src/modules/management/daily-brief/daily-brief-quality.module.ts
management	employees	read	backend/src/modules/management/daily-brief/daily-brief-quality.module.ts
management	coaching	read	backend/src/modules/management/daily-brief/daily-brief-quality.module.ts
management	PROMPT	read	backend/src/modules/management/daily-brief/daily-brief-recipient.resolver.ts
management	employees	read	backend/src/modules/management/daily-brief/daily-brief-recipient.resolver.ts
management	auth_user	read	backend/src/modules/management/daily-brief/daily-brief-recipient.resolver.ts
management	user_roles	read	backend/src/modules/management/daily-brief/daily-brief-recipient.resolver.ts
management	submitted_at	read	backend/src/modules/management/daily-brief/daily-brief-recruitment.module.ts
management	ats_recruiter_roster	read	backend/src/modules/management/daily-brief/daily-brief-recruitment.module.ts
management	ats_candidate_stage_log	read	backend/src/modules/management/daily-brief/daily-brief-recruitment.module.ts
management	ats_candidate	read	backend/src/modules/management/daily-brief/daily-brief-recruitment.module.ts
management	runOnboardingIncompleteReminders	read	backend/src/modules/management/daily-brief/daily-brief-recruitment.module.ts
management	ats_onboarding_bridge	read	backend/src/modules/management/daily-brief/daily-brief-recruitment.module.ts
management	ats_interview_assignment	read	backend/src/modules/management/daily-brief/daily-brief-recruitment.module.ts
management	work_item	read	backend/src/modules/management/daily-brief/daily-brief-recruitment.module.ts
management	roster	read	backend/src/modules/management/daily-brief/daily-brief-roster.module.ts
management	business	read	backend/src/modules/management/daily-brief/daily-brief-roster.module.ts
management	wfm_slot_requirement	read	backend/src/modules/management/daily-brief/daily-brief-roster.module.ts
management	process_master	read	backend/src/modules/management/daily-brief/daily-brief-roster.module.ts
management	wfm_roster_assignment	read	backend/src/modules/management/daily-brief/daily-brief-roster.module.ts
management	branch_master	read	backend/src/modules/management/daily-brief/daily-brief-roster.module.ts
management	reportingDate	read	backend/src/modules/management/daily-brief/daily-brief-roster.module.ts
management	lms_learning_progress_snapshot	read	backend/src/modules/management/daily-brief/daily-brief-training.module.ts
management	lms_certification_snapshot	read	backend/src/modules/management/daily-brief/daily-brief-training.module.ts
management	process	read	backend/src/modules/management/daily-brief/daily-brief.cron.ts
management	resolveAllEligibleRecipients	read	backend/src/modules/management/daily-brief/daily-brief.cron.ts
management	worker_job_run	read	backend/src/modules/management/daily-brief/daily-brief.routes.ts
management	dispatch_log	read	backend/src/modules/management/daily-brief/daily-brief.routes.ts
management	employees	read	backend/src/modules/management/management.routes.ts
management	attendance_daily_record	read	backend/src/modules/management/management.routes.ts
management	kpi_daily_actual	read	backend/src/modules/management/management.routes.ts
management	salary_prep_line	read	backend/src/modules/management/management.routes.ts
management	salary_prep_run	read	backend/src/modules/management/management.routes.ts
management	roles	read	backend/src/modules/management/management.routes.ts
management	employees	read	backend/src/modules/management/management.service.ts
management	kpi_daily_actual	read	backend/src/modules/management/management.service.ts
management	kpi_process_config	read	backend/src/modules/management/management.service.ts
management	kpi_metric_master	read	backend/src/modules/management/management.service.ts
management	process_master	read	backend/src/modules/management/management.service.ts
management	coaching_session	read	backend/src/modules/management/management.service.ts
management	performance_alert	read	backend/src/modules/management/management.service.ts
management	training_need	read	backend/src/modules/management/management.service.ts
management	leave_request	read	backend/src/modules/management/management.service.ts
management	helpdesk_ticket	read	backend/src/modules/management/management.service.ts
management	attendance_daily_record	read	backend/src/modules/management/management.service.ts
management	auth_user	read	backend/src/modules/management/management.service.ts
management	workforce_role_catalog	read	backend/src/modules/management/management.service.ts
management	page_catalog	read	backend/src/modules/management/management.service.ts
management	integration_config	read	backend/src/modules/management/management.service.ts
management	ats_candidate	read	backend/src/modules/management/management.service.ts
management	salary_prep_run	read	backend/src/modules/management/management.service.ts
management	integration_connector_run	read	backend/src/modules/management/management.service.ts
management	sensitive_action_log	read	backend/src/modules/management/management.service.ts
management	branch_master	read	backend/src/modules/management/management.service.ts
management	department_master	read	backend/src/modules/management/management.service.ts
management	these	read	backend/src/modules/management/management.service.ts
management	ats_payroll_hr_validation	read	backend/src/modules/management/management.service.ts
management	lms_learning_progress_snapshot	read	backend/src/modules/management/management.service.ts
management	ats_onboarding_request	read	backend/src/modules/management/management.service.ts
management	inactive	read	backend/src/modules/management/management.service.ts
management	workforce_mandate	read	backend/src/modules/management/management.service.ts
management	under	read	backend/src/modules/management/management.service.ts
management	designation_master	read	backend/src/modules/management/management.service.ts
management	wfm_attendance_session	read	backend/src/modules/management/management.service.ts
management	expense_claim	read	backend/src/modules/management/management.service.ts
management	work_item	read	backend/src/modules/management/management.service.ts
management	employee_documents	read	backend/src/modules/management/management.service.ts
management	policy_acknowledgement	read	backend/src/modules/management/management.service.ts
management	performance_appraisal	read	backend/src/modules/management/management.service.ts
management	NOIDA	read	backend/src/modules/management/management.service.ts
management	trainee_master	read	backend/src/modules/management/management.service.ts
management	training_risk_log	read	backend/src/modules/management/management.service.ts
management	salary_prep_line	read	backend/src/modules/management/management.service.ts
management	latest	read	backend/src/modules/management/management.service.ts
management	employee_salary_assignment	read	backend/src/modules/management/management.service.ts
management	shrinkage_daily_snapshot	read	backend/src/modules/management/management.service.ts
management	billing_invoice	read	backend/src/modules/management/management.service.ts
management	full_final_calculation	read	backend/src/modules/management/management.service.ts
management	exit_request	read	backend/src/modules/management/management.service.ts
management	coaching_session	write	backend/src/modules/management/management.service.ts
management	performance_alert	write	backend/src/modules/management/management.service.ts
management	training_need	write	backend/src/modules/management/management.service.ts
management	attendance_daily_record	read	backend/src/modules/management/manager-attribution.service.ts
management	employee_manager_history	read	backend/src/modules/management/manager-attribution.service.ts
management	employees	read	backend/src/modules/management/manager-attribution.service.ts
management	employee_manager_history	write	backend/src/modules/management/manager-attribution.service.ts
management	every	read	backend/src/modules/management/team-member.service.ts
management	employees	read	backend/src/modules/management/team-member.service.ts
management	designation_master	read	backend/src/modules/management/team-member.service.ts
management	department_master	read	backend/src/modules/management/team-member.service.ts
management	branch_master	read	backend/src/modules/management/team-member.service.ts
management	process_master	read	backend/src/modules/management/team-member.service.ts
management	cost_centre_master	read	backend/src/modules/management/team-member.service.ts
management	attendance_daily_record	read	backend/src/modules/management/team-member.service.ts
management	attendance_regularization	read	backend/src/modules/management/team-member.service.ts
management	kpi_metric_master	read	backend/src/modules/management/team-member.service.ts
management	kpi_daily_actual	read	backend/src/modules/management/team-member.service.ts
management	db_audit	read	backend/src/modules/management/team-member.service.ts
management	employee_bank_detail	read	backend/src/modules/management/team-member.service.ts
management	employee_emergency_contact	read	backend/src/modules/management/team-member.service.ts
management	employee_nominee	read	backend/src/modules/management/team-member.service.ts
management	leave_request	read	backend/src/modules/management/team-member.service.ts
management	leave_type_master	read	backend/src/modules/management/team-member.service.ts
mcnmeet	mcnmeet_meeting	write	backend/src/modules/mcnmeet/mcnmeet.cron.ts
mcnmeet	mcnmeet_meeting	read	backend/src/modules/mcnmeet/mcnmeet.notification.ts
mcnmeet	mcnmeet_meeting_invitee	read	backend/src/modules/mcnmeet/mcnmeet.notification.ts
mcnmeet	employees	read	backend/src/modules/mcnmeet/mcnmeet.notification.ts
mcnmeet	push_subscriptions	read	backend/src/modules/mcnmeet/mcnmeet.notification.ts
mcnmeet	push_subscriptions	write	backend/src/modules/mcnmeet/mcnmeet.notification.ts
mcnmeet	mcnmeet_meeting	read	backend/src/modules/mcnmeet/mcnmeet.service.ts
mcnmeet	mcnmeet_meeting_audience	read	backend/src/modules/mcnmeet/mcnmeet.service.ts
mcnmeet	mcnmeet_meeting_invitee	read	backend/src/modules/mcnmeet/mcnmeet.service.ts
mcnmeet	employees	read	backend/src/modules/mcnmeet/mcnmeet.service.ts
mcnmeet	mcnmeet_meeting	write	backend/src/modules/mcnmeet/mcnmeet.service.ts
mcnmeet	mcnmeet_meeting_audience	write	backend/src/modules/mcnmeet/mcnmeet.service.ts
mcnmeet	mcnmeet_meeting_invitee	write	backend/src/modules/mcnmeet/mcnmeet.service.ts
mcnmeet	mcnmeet_meeting_event	write	backend/src/modules/mcnmeet/mcnmeet.service.ts
migration	employee_joining_document_template	read	backend/src/modules/migration/createLegacyJoiningChecklists.ts
migration	auth_user	read	backend/src/modules/migration/createLegacyJoiningChecklists.ts
migration	employees	read	backend/src/modules/migration/createLegacyJoiningChecklists.ts
migration	employee_joining_document_checklist	read	backend/src/modules/migration/createLegacyJoiningChecklists.ts
migration	employee_joining_document_template	write	backend/src/modules/migration/createLegacyJoiningChecklists.ts
migration	employee_joining_document_checklist	write	backend/src/modules/migration/createLegacyJoiningChecklists.ts
migration	mas_hrms	read	backend/src/modules/migration/migrateDocumentsFromLegacy.ts
migration	employees	read	backend/src/modules/migration/migrateDocumentsFromLegacy.ts
migration	db_bill	read	backend/src/modules/migration/migrateDocumentsFromLegacy.ts
migration	employee_master	read	backend/src/modules/migration/migrateDocumentsFromLegacy.ts
migration	employee_documents	read	backend/src/modules/migration/migrateDocumentsFromLegacy.ts
migration	before	read	backend/src/modules/migration/migrateDocumentsFromLegacy.ts
migration	document_master	read	backend/src/modules/migration/migrateDocumentsFromLegacy.ts
migration	qual_docoments	read	backend/src/modules/migration/migrateDocumentsFromLegacy.ts
migration	Esignature_Document_Master	read	backend/src/modules/migration/migrateDocumentsFromLegacy.ts
migration	employees	read	backend/src/modules/migration/migration.service.ts
migration	schema_migrations	read	backend/src/modules/migration/migration.service.ts
migration	mas_hrms	read	backend/src/modules/migration/syncStatutoryDataFromDbBill.ts
migration	employees	read	backend/src/modules/migration/syncStatutoryDataFromDbBill.ts
migration	masjclrentry	read	backend/src/modules/migration/syncStatutoryDataFromDbBill.ts
migration	Record	read	backend/src/modules/migration/syncStatutoryDataFromDbBill.ts
migration	query	write	backend/src/modules/migration/syncStatutoryDataFromDbBill.ts
migration	employees	write	backend/src/modules/migration/syncStatutoryDataFromDbBill.ts
mobility	every	read	backend/src/modules/mobility/mobility.service.ts
mobility	branch_master	read	backend/src/modules/mobility/mobility.service.ts
mobility	department_master	read	backend/src/modules/mobility/mobility.service.ts
mobility	designation_master	read	backend/src/modules/mobility/mobility.service.ts
mobility	process_master	read	backend/src/modules/mobility/mobility.service.ts
mobility	cost_centre_master	read	backend/src/modules/mobility/mobility.service.ts
mobility	transfer_record	read	backend/src/modules/mobility/mobility.service.ts
mobility	employees	read	backend/src/modules/mobility/mobility.service.ts
mobility	updateTransfer	read	backend/src/modules/mobility/mobility.service.ts
mobility	promotion_record	read	backend/src/modules/mobility/mobility.service.ts
mobility	employee_salary_assignment	read	backend/src/modules/mobility/mobility.service.ts
mobility	employees	write	backend/src/modules/mobility/mobility.service.ts
mobility	transfer_record	write	backend/src/modules/mobility/mobility.service.ts
mobility	employee_job_history	write	backend/src/modules/mobility/mobility.service.ts
mobility	employee_journey_log	write	backend/src/modules/mobility/mobility.service.ts
mobility	promotion_record	write	backend/src/modules/mobility/mobility.service.ts
mobility	employee_salary_assignment	write	backend/src/modules/mobility/mobility.service.ts
onboarding	ats_candidate	read	backend/src/modules/onboarding/digilocker.routes.ts
onboarding	ats_onboarding_bridge	read	backend/src/modules/onboarding/digilocker.routes.ts
onboarding	ats_provider_transaction_log	read	backend/src/modules/onboarding/digilocker.routes.ts
onboarding	candidate_digilocker_session	read	backend/src/modules/onboarding/digilocker.routes.ts
onboarding	DigiLocker	read	backend/src/modules/onboarding/digilocker.service.ts
onboarding	candidate_digilocker_sessions	read	backend/src/modules/onboarding/digilocker.service.ts
onboarding	candidate_digilocker_sessions	write	backend/src/modules/onboarding/digilocker.service.ts
onboarding	ats_candidate	read	backend/src/modules/onboarding/name-validation.routes.ts
onboarding	ats_onboarding_bridge	read	backend/src/modules/onboarding/name-validation.routes.ts
onboarding	candidate_onboarding_profile	read	backend/src/modules/onboarding/name-validation.routes.ts
onboarding	candidate_onboarding_bank	read	backend/src/modules/onboarding/name-validation.routes.ts
onboarding	candidate_payroll_review_flags	read	backend/src/modules/onboarding/name-validation.routes.ts
onboarding	candidate_payroll_review_flags	write	backend/src/modules/onboarding/name-validation.routes.ts
onboarding	uploaded	read	backend/src/modules/onboarding/onboarding-data.routes.ts
onboarding	cheque	read	backend/src/modules/onboarding/onboarding-data.service.ts
onboarding	token	read	backend/src/modules/onboarding/penny-drop.routes.ts
onboarding	ats_candidate	read	backend/src/modules/onboarding/penny-drop.routes.ts
onboarding	ats_onboarding_bridge	read	backend/src/modules/onboarding/penny-drop.routes.ts
onboarding	external	read	backend/src/modules/onboarding/penny-drop.routes.ts
onboarding	onboarding_penny_drop_requests	read	backend/src/modules/onboarding/penny-drop.routes.ts
onboarding	onboarding_penny_drop_requests	read	backend/src/modules/onboarding/penny-drop.service.ts
onboarding	employees	read	backend/src/modules/onboarding/penny-drop.service.ts
onboarding	employee_bank_detail	read	backend/src/modules/onboarding/penny-drop.service.ts
onboarding	onboarding_penny_drop_requests	write	backend/src/modules/onboarding/penny-drop.service.ts
onboarding	employee_bank_detail	write	backend/src/modules/onboarding/penny-drop.service.ts
onboarding	candidate_payroll_review_flags	write	backend/src/modules/onboarding/penny-drop.service.ts
operations	attendance_daily_record	read	backend/src/modules/operations/operations-dashboard-v2.service.ts
operations	employees	read	backend/src/modules/operations/operations-dashboard-v2.service.ts
operations	branch_master	read	backend/src/modules/operations/operations-dashboard-v2.service.ts
operations	process_master	read	backend/src/modules/operations/operations-dashboard-v2.service.ts
operations	query	read	backend/src/modules/operations/operations-live.routes.ts
operations	query	read	backend/src/modules/operations/operations-live.service.ts
operations	roster	read	backend/src/modules/operations/operations-live.service.ts
operations	employees	read	backend/src/modules/operations/operations-live.service.ts
operations	wfm_roster_assignment	read	backend/src/modules/operations/operations-live.service.ts
operations	wfm_attendance_session	read	backend/src/modules/operations/operations-live.service.ts
operations	exit_request	read	backend/src/modules/operations/operations-live.service.ts
operations	client	read	backend/src/modules/operations/operations-websocket.handler.ts
org	branch_master	read	backend/src/modules/org/branchAddress.service.ts
org	employees	read	backend/src/modules/org/branchAddress.service.ts
org	company_event_master	read	backend/src/modules/org/events.routes.ts
org	company_event_master	write	backend/src/modules/org/events.routes.ts
org	employee	read	backend/src/modules/org/org.routes.ts
org	employees	read	backend/src/modules/org/org.routes.ts
org	cost_centre_master	read	backend/src/modules/org/org.routes.ts
org	billing_provision_snapshot	read	backend/src/modules/org/org.routes.ts
org	designation_master	read	backend/src/modules/org/org.routes.ts
org	employees	read	backend/src/modules/org/org.service.ts
org	branch_master	read	backend/src/modules/org/org.service.ts
org	process_master	read	backend/src/modules/org/org.service.ts
org	department_master	read	backend/src/modules/org/org.service.ts
org	which	read	backend/src/modules/org/org.service.ts
org	cost_centre_master	read	backend/src/modules/org/org.service.ts
org	client_master	read	backend/src/modules/org/org.service.ts
org	lob_master	read	backend/src/modules/org/org.service.ts
org	branch_master	write	backend/src/modules/org/org.service.ts
org	department_master	write	backend/src/modules/org/org.service.ts
org	lob_master	write	backend/src/modules/org/org.service.ts
org	designation_master	write	backend/src/modules/org/org.service.ts
org	campaign_master	write	backend/src/modules/org/org.service.ts
org	cost_centre_approval_log	write	backend/src/modules/org/org.service.ts
org	cost_centre_master	write	backend/src/modules/org/org.service.ts
org	grade_band_master	write	backend/src/modules/org/org.service.ts
org	location_master	write	backend/src/modules/org/org.service.ts
org	policy_master	write	backend/src/modules/org/org.service.ts
org	process_master	write	backend/src/modules/org/org.service.ts
org	org_settings	read	backend/src/modules/org/org_settings.routes.ts
org	org_settings	write	backend/src/modules/org/org_settings.routes.ts
org-chart	Express	read	backend/src/modules/org-chart/org-chart.audit.ts
org-chart	org_chart_access_log	write	backend/src/modules/org-chart/org-chart.audit.ts
org-chart	employee	read	backend/src/modules/org-chart/org-chart.builder.ts
org-chart	employees	read	backend/src/modules/org-chart/org-chart.builder.ts
org-chart	designation_master	read	backend/src/modules/org-chart/org-chart.builder.ts
org-chart	user_roles	read	backend/src/modules/org-chart/org-chart.scope.ts
org-chart	employees	read	backend/src/modules/org-chart/org-chart.scope.ts
org-chart	branch_master	read	backend/src/modules/org-chart/org-chart.scope.ts
org-chart	process_master	read	backend/src/modules/org-chart/org-chart.scope.ts
org-chart	employees	read	backend/src/modules/org-chart/org-chart.service.ts
org-chart	designation_master	read	backend/src/modules/org-chart/org-chart.service.ts
org-chart	branch_master	read	backend/src/modules/org-chart/org-chart.service.ts
org-chart	process_master	read	backend/src/modules/org-chart/org-chart.service.ts
org-chart	department_master	read	backend/src/modules/org-chart/org-chart.service.ts
org-chart	employees	read	backend/src/modules/org-chart/org-chart.validation.ts
org-chart	designation_master	read	backend/src/modules/org-chart/org-chart.validation.ts
org-chart	branch_master	read	backend/src/modules/org-chart/org-chart.validation.ts
org-chart	process_master	read	backend/src/modules/org-chart/org-chart.validation.ts
org-chart	org_chart_data_issue	write	backend/src/modules/org-chart/org-chart.validation.ts
payroll	user_assignment_scope	read	backend/src/modules/payroll/bank-payment-readiness.routes.ts
payroll	payroll_bank_exception	read	backend/src/modules/payroll/bank-payment-readiness.routes.ts
payroll	auth_user	read	backend/src/modules/payroll/bank-payment-readiness.routes.ts
payroll	employees	read	backend/src/modules/payroll/bank-payment-readiness.routes.ts
payroll	profile_update_approval	read	backend/src/modules/payroll/bank-payment-readiness.routes.ts
payroll	salary_prep_run	read	backend/src/modules/payroll/bank-payment-readiness.routes.ts
payroll	user_roles	read	backend/src/modules/payroll/bank-payment-readiness.routes.ts
payroll	salary_prep_line	read	backend/src/modules/payroll/bank-payment-readiness.routes.ts
payroll	employee_bank_detail	read	backend/src/modules/payroll/bank-payment-readiness.routes.ts
payroll	payroll_bank_exception	write	backend/src/modules/payroll/bank-payment-readiness.routes.ts
payroll	db_bill	read	backend/src/modules/payroll/bank-payment-readiness.service.ts
payroll	employee_bank_detail	read	backend/src/modules/payroll/bank-payment-readiness.service.ts
payroll	salary_data	read	backend/src/modules/payroll/bank-payment-readiness.service.ts
payroll	would	read	backend/src/modules/payroll/bank-payment-readiness.service.ts
payroll	profile_update_approval	read	backend/src/modules/payroll/bank-payment-readiness.service.ts
payroll	salary_prep_line	read	backend/src/modules/payroll/bank-payment-readiness.service.ts
payroll	employees	read	backend/src/modules/payroll/bank-payment-readiness.service.ts
payroll	branch_master	read	backend/src/modules/payroll/bank-payment-readiness.service.ts
payroll	resolved	read	backend/src/modules/payroll/bank-payment-readiness.service.ts
payroll	whichever	read	backend/src/modules/payroll/bank-payment-readiness.service.ts
payroll	bank_penny_drop_log	read	backend/src/modules/payroll/bank-penny-drop-verify.routes.ts
payroll	profile_update_approval	read	backend/src/modules/payroll/bank-penny-drop-verify.routes.ts
payroll	employees	read	backend/src/modules/payroll/bank-penny-drop-verify.routes.ts
payroll	original	read	backend/src/modules/payroll/bank-penny-drop-verify.routes.ts
payroll	bank_penny_drop_log	write	backend/src/modules/payroll/bank-penny-drop-verify.routes.ts
payroll	cheque_name_validation	read	backend/src/modules/payroll/cheque-validation.routes.ts
payroll	ats_candidate	read	backend/src/modules/payroll/cheque-validation.routes.ts
payroll	candidate_onboarding_bank_detail	read	backend/src/modules/payroll/cheque-validation.routes.ts
payroll	candidate_onboarding_document	read	backend/src/modules/payroll/cheque-validation.routes.ts
payroll	cheque_name_validation	write	backend/src/modules/payroll/cheque-validation.routes.ts
payroll	candidate_onboarding_bank_detail	write	backend/src/modules/payroll/cheque-validation.routes.ts
payroll	employees	read	backend/src/modules/payroll/deduction-entry.routes.ts
payroll	payroll_deduction_type	read	backend/src/modules/payroll/deduction-entry.routes.ts
payroll	branch_master	read	backend/src/modules/payroll/deduction-entry.routes.ts
payroll	cost_centre_master	read	backend/src/modules/payroll/deduction-entry.routes.ts
payroll	employee_deduction_entries	read	backend/src/modules/payroll/deduction-entry.routes.ts
payroll	upload_deduction_snapshot	read	backend/src/modules/payroll/deduction-snapshot.routes.ts
payroll	qual_incentive_snapshot	read	backend/src/modules/payroll/deduction-snapshot.routes.ts
payroll	employees	read	backend/src/modules/payroll/deduction-snapshot.routes.ts
payroll	branch_master	read	backend/src/modules/payroll/deduction-snapshot.routes.ts
payroll	payroll_deduction_type	read	backend/src/modules/payroll/deductionEntry.service.ts
payroll	employee_deduction_entries	read	backend/src/modules/payroll/deductionEntry.service.ts
payroll	employees	read	backend/src/modules/payroll/deductionEntry.service.ts
payroll	branch_master	read	backend/src/modules/payroll/deductionEntry.service.ts
payroll	process_master	read	backend/src/modules/payroll/deductionEntry.service.ts
payroll	payroll_deduction_type	write	backend/src/modules/payroll/deductionEntry.service.ts
payroll	employee_deduction_entries	write	backend/src/modules/payroll/deductionEntry.service.ts
payroll	salary_run_disbursal	read	backend/src/modules/payroll/disbursal.routes.ts
payroll	employees	read	backend/src/modules/payroll/disbursal.routes.ts
payroll	salary_prep_run	read	backend/src/modules/payroll/disbursal.routes.ts
payroll	salary_run_disbursal	write	backend/src/modules/payroll/disbursal.routes.ts
payroll	exit_request	read	backend/src/modules/payroll/employment-end-date.ts
payroll	employees	read	backend/src/modules/payroll/esi-reg-docs.routes.ts
payroll	employee_statutory_info	read	backend/src/modules/payroll/esi-reg-docs.routes.ts
payroll	employee_documents	read	backend/src/modules/payroll/esi-reg-docs.routes.ts
payroll	employee_bank_detail	read	backend/src/modules/payroll/esi-reg-docs.routes.ts
payroll	branches	read	backend/src/modules/payroll/esi-reg-docs.routes.ts
payroll	sensitive_action_log	write	backend/src/modules/payroll/esi-reg-docs.routes.ts
payroll	leave_holiday_master	read	backend/src/modules/payroll/holiday-debug.routes.ts
payroll	branch_master	read	backend/src/modules/payroll/holiday-debug.routes.ts
payroll	holiday_cost_centre_mapping	read	backend/src/modules/payroll/holiday-debug.routes.ts
payroll	cost_centre_master	read	backend/src/modules/payroll/holiday-debug.routes.ts
payroll	process_master	read	backend/src/modules/payroll/holiday-debug.routes.ts
payroll	holiday_designation_mapping	read	backend/src/modules/payroll/holiday-debug.routes.ts
payroll	designation_master	read	backend/src/modules/payroll/holiday-debug.routes.ts
payroll	employees	read	backend/src/modules/payroll/holiday-debug.routes.ts
payroll	employees	read	backend/src/modules/payroll/holiday-work-auto.service.ts
payroll	leave_holiday_master	read	backend/src/modules/payroll/holiday-work-auto.service.ts
payroll	attendance_daily_record	read	backend/src/modules/payroll/holiday-work-auto.service.ts
payroll	payroll_config_flags	read	backend/src/modules/payroll/holiday-work-auto.service.ts
payroll	holiday_work_policy_master	read	backend/src/modules/payroll/holiday-work-auto.service.ts
payroll	employee_salary_assignment	read	backend/src/modules/payroll/holiday-work-auto.service.ts
payroll	salary_structure_master	read	backend/src/modules/payroll/holiday-work-auto.service.ts
payroll	salary_structure_component	read	backend/src/modules/payroll/holiday-work-auto.service.ts
payroll	salary_component_master	read	backend/src/modules/payroll/holiday-work-auto.service.ts
payroll	employees	read	backend/src/modules/payroll/holiday-work.service.ts
payroll	leave_holiday_master	read	backend/src/modules/payroll/holiday-work.service.ts
payroll	holiday_cost_centre_mapping	read	backend/src/modules/payroll/holiday-work.service.ts
payroll	holiday_designation_mapping	read	backend/src/modules/payroll/holiday-work.service.ts
payroll	holiday_work_request_employee	read	backend/src/modules/payroll/holiday-work.service.ts
payroll	holiday_work_request	read	backend/src/modules/payroll/holiday-work.service.ts
payroll	leave_request	read	backend/src/modules/payroll/leave-reversal.service.ts
payroll	leave_type_master	read	backend/src/modules/payroll/leave-reversal.service.ts
payroll	leave_balance_ledger	read	backend/src/modules/payroll/leave-reversal.service.ts
payroll	leave_balance_ledger	write	backend/src/modules/payroll/leave-reversal.service.ts
payroll	leave_reversal_log	write	backend/src/modules/payroll/leave-reversal.service.ts
payroll	employee_loans	read	backend/src/modules/payroll/loans.routes.ts
payroll	employees	read	backend/src/modules/payroll/loans.routes.ts
payroll	employee_loans	write	backend/src/modules/payroll/loans.routes.ts
payroll	mirrors	write	backend/src/modules/payroll/loans.routes.ts
payroll	allowed	write	backend/src/modules/payroll/loans.routes.ts
payroll	route	write	backend/src/modules/payroll/loans.routes.ts
payroll	salary_prep_line	read	backend/src/modules/payroll/loans.service.ts
payroll	employee_loans	read	backend/src/modules/payroll/loans.service.ts
payroll	employee_loans	write	backend/src/modules/payroll/loans.service.ts
payroll	employees	read	backend/src/modules/payroll/noc.service.ts
payroll	full_final_calculation	read	backend/src/modules/payroll/noc.service.ts
payroll	salary_prep_run	read	backend/src/modules/payroll/noc.service.ts
payroll	salary_prep_line	read	backend/src/modules/payroll/noc.service.ts
payroll	payroll_noc	read	backend/src/modules/payroll/noc.service.ts
payroll	payroll_noc	write	backend/src/modules/payroll/noc.service.ts
payroll	payroll_attendance_conflict_review	read	backend/src/modules/payroll/payroll-attendance-control.service.ts
payroll	attendance_daily_record	read	backend/src/modules/payroll/payroll-attendance-control.service.ts
payroll	matchesFilters	read	backend/src/modules/payroll/payroll-attendance-control.service.ts
payroll	salary_prep_run	read	backend/src/modules/payroll/payroll-attendance-control.service.ts
payroll	integration_biometric_daily	read	backend/src/modules/payroll/payroll-attendance-control.service.ts
payroll	attendance_regularization	read	backend/src/modules/payroll/payroll-attendance-control.service.ts
payroll	employees	read	backend/src/modules/payroll/payroll-attendance-control.service.ts
payroll	branch_master	read	backend/src/modules/payroll/payroll-attendance-control.service.ts
payroll	process_master	read	backend/src/modules/payroll/payroll-attendance-control.service.ts
payroll	salary_prep_line	read	backend/src/modules/payroll/payroll-attendance-control.service.ts
payroll	approved	read	backend/src/modules/payroll/payroll-attendance-control.service.ts
payroll	COSEC	read	backend/src/modules/payroll/payroll-attendance-control.service.ts
payroll	several	read	backend/src/modules/payroll/payroll-attendance-control.service.ts
payroll	department_master	read	backend/src/modules/payroll/payroll-attendance-control.service.ts
payroll	designation_master	read	backend/src/modules/payroll/payroll-attendance-control.service.ts
payroll	biometric_attendance_log	read	backend/src/modules/payroll/payroll-attendance-control.service.ts
payroll	leave_request	read	backend/src/modules/payroll/payroll-attendance-control.service.ts
payroll	wfm_roster_assignment	read	backend/src/modules/payroll/payroll-attendance-control.service.ts
payroll	audit_log	read	backend/src/modules/payroll/payroll-attendance-control.service.ts
payroll	payroll_attendance_conflict_review	write	backend/src/modules/payroll/payroll-attendance-control.service.ts
payroll	CURRENT_TIMESTAMP	write	backend/src/modules/payroll/payroll-attendance-control.service.ts
payroll	attendance_daily_record	write	backend/src/modules/payroll/payroll-attendance-control.service.ts
payroll	payroll_calculation_audit	read	backend/src/modules/payroll/payroll-audit-trail.routes.ts
payroll	employees	read	backend/src/modules/payroll/payroll-audit-trail.routes.ts
payroll	auth_user	read	backend/src/modules/payroll/payroll-audit-trail.routes.ts
payroll	sensitive_action_log	read	backend/src/modules/payroll/payroll-audit-trail.routes.ts
payroll	salary_prep_run	read	backend/src/modules/payroll/payroll-audit-trail.routes.ts
payroll	salary_prep_run	read	backend/src/modules/payroll/payroll-branch-readiness.routes.ts
payroll	branch_master	read	backend/src/modules/payroll/payroll-branch-readiness.routes.ts
payroll	manual	write	backend/src/modules/payroll/payroll-branch-readiness.routes.ts
payroll	matched	write	backend/src/modules/payroll/payroll-branch-readiness.routes.ts
payroll	payroll_branch_readiness	write	backend/src/modules/payroll/payroll-branch-readiness.routes.ts
payroll	failed	write	backend/src/modules/payroll/payroll-branch-readiness.routes.ts
payroll	checklist	write	backend/src/modules/payroll/payroll-branch-readiness.routes.ts
payroll	process	write	backend/src/modules/payroll/payroll-branch-readiness.routes.ts
payroll	payroll_branch_readiness	read	backend/src/modules/payroll/payroll-branch-readiness.service.ts
payroll	process_master	read	backend/src/modules/payroll/payroll-branch-readiness.service.ts
payroll	salary_prep_run	read	backend/src/modules/payroll/payroll-branch-readiness.service.ts
payroll	incentive_upload_batch	read	backend/src/modules/payroll/payroll-branch-readiness.service.ts
payroll	employees	read	backend/src/modules/payroll/payroll-branch-readiness.service.ts
payroll	employee_bank_detail	read	backend/src/modules/payroll/payroll-branch-readiness.service.ts
payroll	holiday_work_request	read	backend/src/modules/payroll/payroll-branch-readiness.service.ts
payroll	salary_prep_line	read	backend/src/modules/payroll/payroll-branch-readiness.service.ts
payroll	employee_salary_assignment	read	backend/src/modules/payroll/payroll-branch-readiness.service.ts
payroll	branch_master	read	backend/src/modules/payroll/payroll-branch-readiness.service.ts
payroll	branch_head	read	backend/src/modules/payroll/payroll-branch-readiness.service.ts
payroll	added	read	backend/src/modules/payroll/payroll-branch-readiness.service.ts
payroll	payroll_branch_readiness	write	backend/src/modules/payroll/payroll-branch-readiness.service.ts
payroll	CURRENT_TIMESTAMP	write	backend/src/modules/payroll/payroll-branch-readiness.service.ts
payroll	above	write	backend/src/modules/payroll/payroll-branch-readiness.service.ts
payroll	today	read	backend/src/modules/payroll/payroll-calendar.routes.ts
payroll	payroll_calendar	read	backend/src/modules/payroll/payroll-calendar.routes.ts
payroll	payroll_calendar	write	backend/src/modules/payroll/payroll-calendar.routes.ts
payroll	CURRENT_TIMESTAMP	write	backend/src/modules/payroll/payroll-calendar.routes.ts
payroll	employees	read	backend/src/modules/payroll/payroll-certificates.routes.ts
payroll	designation_master	read	backend/src/modules/payroll/payroll-certificates.routes.ts
payroll	department_master	read	backend/src/modules/payroll/payroll-certificates.routes.ts
payroll	branch_master	read	backend/src/modules/payroll/payroll-certificates.routes.ts
payroll	employee_salary_assignment	read	backend/src/modules/payroll/payroll-certificates.routes.ts
payroll	salary_structure_master	read	backend/src/modules/payroll/payroll-certificates.routes.ts
payroll	salary_prep_line	read	backend/src/modules/payroll/payroll-certificates.routes.ts
payroll	salary_prep_run	read	backend/src/modules/payroll/payroll-certificates.routes.ts
payroll	makes	read	backend/src/modules/payroll/payroll-certificates.routes.ts
payroll	salary_certificate_request	read	backend/src/modules/payroll/payroll-certificates.routes.ts
payroll	user_roles	read	backend/src/modules/payroll/payroll-certificates.routes.ts
payroll	salary_certificate_request	write	backend/src/modules/payroll/payroll-certificates.routes.ts
payroll	salary_prep_line	read	backend/src/modules/payroll/payroll-cost-summary.routes.ts
payroll	employees	read	backend/src/modules/payroll/payroll-cost-summary.routes.ts
payroll	branch_master	read	backend/src/modules/payroll/payroll-cost-summary.routes.ts
payroll	process_master	read	backend/src/modules/payroll/payroll-cost-summary.routes.ts
payroll	department_master	read	backend/src/modules/payroll/payroll-cost-summary.routes.ts
payroll	employee_salary_assignment	read	backend/src/modules/payroll/payroll-cost-summary.routes.ts
payroll	statutory	read	backend/src/modules/payroll/payroll-cost-summary.routes.ts
payroll	salary_prep_run	read	backend/src/modules/payroll/payroll-cost-summary.routes.ts
payroll	employee_uan	read	backend/src/modules/payroll/payroll-extended.routes.ts
payroll	salary_prep_run	read	backend/src/modules/payroll/payroll-extended.routes.ts
payroll	payroll_disbursement	read	backend/src/modules/payroll/payroll-extended.routes.ts
payroll	pt_slab_master	read	backend/src/modules/payroll/payroll-extended.routes.ts
payroll	minimum_wage_master	read	backend/src/modules/payroll/payroll-extended.routes.ts
payroll	salary_prep_line	read	backend/src/modules/payroll/payroll-extended.routes.ts
payroll	employees	read	backend/src/modules/payroll/payroll-extended.routes.ts
payroll	employee_bank_detail	read	backend/src/modules/payroll/payroll-extended.routes.ts
payroll	payroll	read	backend/src/modules/payroll/payroll-extended.routes.ts
payroll	cost_centre_master	read	backend/src/modules/payroll/payroll-extended.routes.ts
payroll	department_master	read	backend/src/modules/payroll/payroll-extended.routes.ts
payroll	designation_master	read	backend/src/modules/payroll/payroll-extended.routes.ts
payroll	branch_master	read	backend/src/modules/payroll/payroll-extended.routes.ts
payroll	employee_salary_assignment	read	backend/src/modules/payroll/payroll-extended.routes.ts
payroll	salary_prep_line_component	read	backend/src/modules/payroll/payroll-extended.routes.ts
payroll	salary_payslip	read	backend/src/modules/payroll/payroll-extended.routes.ts
payroll	request	read	backend/src/modules/payroll/payroll-extended.routes.ts
payroll	employee_uan	write	backend/src/modules/payroll/payroll-extended.routes.ts
payroll	payroll_disbursement	write	backend/src/modules/payroll/payroll-extended.routes.ts
payroll	salary_prep_run	read	backend/src/modules/payroll/payroll-governance.service.ts
payroll	salary_prep_line	read	backend/src/modules/payroll/payroll-governance.service.ts
payroll	branch_master	read	backend/src/modules/payroll/payroll-governance.service.ts
payroll	process_master	read	backend/src/modules/payroll/payroll-governance.service.ts
payroll	payroll_tax_fy_config	read	backend/src/modules/payroll/payroll-governance.service.ts
payroll	January	read	backend/src/modules/payroll/payroll-governance.service.ts
payroll	employees	read	backend/src/modules/payroll/payroll-governance.service.ts
payroll	employee_salary_assignment	read	backend/src/modules/payroll/payroll-governance.service.ts
payroll	employee_bank_detail	read	backend/src/modules/payroll/payroll-governance.service.ts
payroll	attendance_daily_record	read	backend/src/modules/payroll/payroll-governance.service.ts
payroll	integration_biometric_daily	read	backend/src/modules/payroll/payroll-governance.service.ts
payroll	wfm_attendance_session	read	backend/src/modules/payroll/payroll-governance.service.ts
payroll	attendance_regularization	read	backend/src/modules/payroll/payroll-governance.service.ts
payroll	locked	read	backend/src/modules/payroll/payroll-governance.service.ts
payroll	attendance_reconciliation_issue	read	backend/src/modules/payroll/payroll-governance.service.ts
payroll	employee_statutory_info	read	backend/src/modules/payroll/payroll-governance.service.ts
payroll	employee_uan	read	backend/src/modules/payroll/payroll-governance.service.ts
payroll	employee_joining_document_checklist	read	backend/src/modules/payroll/payroll-governance.service.ts
payroll	leave_request	read	backend/src/modules/payroll/payroll-governance.service.ts
payroll	statutory_config	read	backend/src/modules/payroll/payroll-governance.service.ts
payroll	incentive_upload_batch	read	backend/src/modules/payroll/payroll-governance.service.ts
payroll	employee_reimbursement_claim	read	backend/src/modules/payroll/payroll-governance.service.ts
payroll	salary_advance_log	read	backend/src/modules/payroll/payroll-governance.service.ts
payroll	employee_loans	read	backend/src/modules/payroll/payroll-governance.service.ts
payroll	status	read	backend/src/modules/payroll/payroll-governance.service.ts
payroll	operator	read	backend/src/modules/payroll/payroll-governance.service.ts
payroll	full_final_calculation	read	backend/src/modules/payroll/payroll-governance.service.ts
payroll	TOTAL	read	backend/src/modules/payroll/payroll-governance.service.ts
payroll	profile_update_approval	read	backend/src/modules/payroll/payroll-governance.service.ts
payroll	their	read	backend/src/modules/payroll/payroll-governance.service.ts
payroll	every	read	backend/src/modules/payroll/payroll-governance.service.ts
payroll	employee_payroll_head_review	read	backend/src/modules/payroll/payroll-governance.service.ts
payroll	salary_component_assignments	read	backend/src/modules/payroll/payroll-governance.service.ts
payroll	absence	read	backend/src/modules/payroll/payroll-governance.service.ts
payroll	attendance_daily_record	write	backend/src/modules/payroll/payroll-governance.service.ts
payroll	salary_prep_run	write	backend/src/modules/payroll/payroll-governance.service.ts
payroll	payroll_calculation_audit	write	backend/src/modules/payroll/payroll-governance.service.ts
payroll	terminal	read	backend/src/modules/payroll/payroll-lifecycle.ts
payroll	salary_prep_line	read	backend/src/modules/payroll/payroll-lines.compat.routes.ts
payroll	employees	read	backend/src/modules/payroll/payroll-lines.compat.routes.ts
payroll	salary_payslip	read	backend/src/modules/payroll/payroll-lines.compat.routes.ts
payroll	employees	read	backend/src/modules/payroll/payroll-more.routes.ts
payroll	salary_prep_run	read	backend/src/modules/payroll/payroll-more.routes.ts
payroll	salary_prep_line	read	backend/src/modules/payroll/payroll-more.routes.ts
payroll	designation_master	read	backend/src/modules/payroll/payroll-more.routes.ts
payroll	tax_declaration	read	backend/src/modules/payroll/payroll-more.routes.ts
payroll	pt_slab_master	read	backend/src/modules/payroll/payroll-more.routes.ts
payroll	payroll_config_flags	read	backend/src/modules/payroll/payroll-more.routes.ts
payroll	payroll_recalculation_queue	read	backend/src/modules/payroll/payroll-more.routes.ts
payroll	branch_master	read	backend/src/modules/payroll/payroll-more.routes.ts
payroll	process_master	read	backend/src/modules/payroll/payroll-more.routes.ts
payroll	attendance_daily_record	read	backend/src/modules/payroll/payroll-more.routes.ts
payroll	Attendance	read	backend/src/modules/payroll/payroll-more.routes.ts
payroll	leave_holiday_master	read	backend/src/modules/payroll/payroll-more.routes.ts
payroll	holiday_cost_centre_mapping	read	backend/src/modules/payroll/payroll-more.routes.ts
payroll	holiday_designation_mapping	read	backend/src/modules/payroll/payroll-more.routes.ts
payroll	holiday_work_policy_master	read	backend/src/modules/payroll/payroll-more.routes.ts
payroll	holiday_work_request	read	backend/src/modules/payroll/payroll-more.routes.ts
payroll	payroll_deduction_type	read	backend/src/modules/payroll/payroll-more.routes.ts
payroll	cost_centre_master	read	backend/src/modules/payroll/payroll-more.routes.ts
payroll	employee_deduction_entries	read	backend/src/modules/payroll/payroll-more.routes.ts
payroll	pt_slab_master	write	backend/src/modules/payroll/payroll-more.routes.ts
payroll	payroll_config_flags	write	backend/src/modules/payroll/payroll-more.routes.ts
payroll	payroll_recalculation_queue	write	backend/src/modules/payroll/payroll-more.routes.ts
payroll	leave_holiday_master	write	backend/src/modules/payroll/payroll-more.routes.ts
payroll	holiday_cost_centre_mapping	write	backend/src/modules/payroll/payroll-more.routes.ts
payroll	holiday_designation_mapping	write	backend/src/modules/payroll/payroll-more.routes.ts
payroll	holiday_work_request	write	backend/src/modules/payroll/payroll-more.routes.ts
payroll	holiday_work_request_designation	write	backend/src/modules/payroll/payroll-more.routes.ts
payroll	holiday_work_approval_log	write	backend/src/modules/payroll/payroll-more.routes.ts
payroll	payroll_deduction_type	write	backend/src/modules/payroll/payroll-more.routes.ts
payroll	deduction	write	backend/src/modules/payroll/payroll-more.routes.ts
payroll	employee_deduction_entries	write	backend/src/modules/payroll/payroll-more.routes.ts
payroll	below	write	backend/src/modules/payroll/payroll-more.routes.ts
payroll	salary_prep_line	write	backend/src/modules/payroll/payroll-more.routes.ts
payroll	salary_prep_run	read	backend/src/modules/payroll/payroll-process-readiness.routes.ts
payroll	user_assignment_scope	read	backend/src/modules/payroll/payroll-process-readiness.routes.ts
payroll	process_master	read	backend/src/modules/payroll/payroll-process-readiness.routes.ts
payroll	branch_master	read	backend/src/modules/payroll/payroll-process-readiness.routes.ts
payroll	payroll_branch_readiness	write	backend/src/modules/payroll/payroll-process-readiness.routes.ts
payroll	failed	write	backend/src/modules/payroll/payroll-process-readiness.routes.ts
payroll	checklist	write	backend/src/modules/payroll/payroll-process-readiness.routes.ts
payroll	salary_prep_run	read	backend/src/modules/payroll/payroll-readiness-categories.routes.ts
payroll	canCalculate	read	backend/src/modules/payroll/payroll-readiness-categories.service.ts
payroll	salary_prep_run	read	backend/src/modules/payroll/payroll-readiness-categories.service.ts
payroll	branch_master	read	backend/src/modules/payroll/payroll-readiness-categories.service.ts
payroll	process_master	read	backend/src/modules/payroll/payroll-readiness-categories.service.ts
payroll	incentive_upload_line	read	backend/src/modules/payroll/payroll-readiness-categories.service.ts
payroll	incentive_upload_batch	read	backend/src/modules/payroll/payroll-readiness-categories.service.ts
payroll	employees	read	backend/src/modules/payroll/payroll-readiness-categories.service.ts
payroll	salary_prep_line	read	backend/src/modules/payroll/payroll-readiness-categories.service.ts
payroll	salary_prep_line_component	read	backend/src/modules/payroll/payroll-readiness-categories.service.ts
payroll	employee_reimbursement_claim	read	backend/src/modules/payroll/payroll-readiness-categories.service.ts
payroll	source	read	backend/src/modules/payroll/payroll-readiness-categories.service.ts
payroll	payroll	read	backend/src/modules/payroll/payroll-readiness-categories.service.ts
payroll	employee_loans	read	backend/src/modules/payroll/payroll-readiness-categories.service.ts
payroll	salary_advance_log	read	backend/src/modules/payroll/payroll-readiness-categories.service.ts
payroll	employee_deduction_entries	read	backend/src/modules/payroll/payroll-readiness-categories.service.ts
payroll	employee_deductions_log	read	backend/src/modules/payroll/payroll-readiness-categories.service.ts
payroll	attendance	read	backend/src/modules/payroll/payroll-readiness-categories.service.ts
payroll	exit_request	read	backend/src/modules/payroll/payroll-readiness-categories.service.ts
payroll	full_final_calculation	read	backend/src/modules/payroll/payroll-readiness-categories.service.ts
payroll	attendance_daily_record	read	backend/src/modules/payroll/payroll-readiness-categories.service.ts
payroll	payable	read	backend/src/modules/payroll/payroll-readiness-categories.service.ts
payroll	first	read	backend/src/modules/payroll/payroll-readiness-categories.service.ts
payroll	employee_bank_detail	read	backend/src/modules/payroll/payroll-readiness-categories.service.ts
payroll	salary_run_disbursal	read	backend/src/modules/payroll/payroll-readiness-categories.service.ts
payroll	payroll_disbursement	read	backend/src/modules/payroll/payroll-readiness-categories.service.ts
payroll	whoever	read	backend/src/modules/payroll/payroll-readiness-categories.service.ts
payroll	payroll_register_export_log	read	backend/src/modules/payroll/payroll-readiness-categories.service.ts
payroll	these	read	backend/src/modules/payroll/payroll-readiness-categories.service.ts
payroll	their	read	backend/src/modules/payroll/payroll-readiness-categories.service.ts
payroll	either	read	backend/src/modules/payroll/payroll-readiness-categories.service.ts
payroll	employee_statutory_info	read	backend/src/modules/payroll/payroll-readiness-categories.service.ts
payroll	employee_uan	read	backend/src/modules/payroll/payroll-readiness-categories.service.ts
payroll	payroll_recalculation_queue	read	backend/src/modules/payroll/payroll-recalc-drainer.service.ts
payroll	payroll_recalculation_queue	write	backend/src/modules/payroll/payroll-recalc-drainer.service.ts
payroll	payroll_config_flags	read	backend/src/modules/payroll/payroll-signoff.routes.ts
payroll	salary_prep_line	read	backend/src/modules/payroll/payroll-signoff.routes.ts
payroll	salary_prep_run	read	backend/src/modules/payroll/payroll-signoff.routes.ts
payroll	tax_declaration	read	backend/src/modules/payroll/payroll-signoff.routes.ts
payroll	salary_prep_run	write	backend/src/modules/payroll/payroll-signoff.routes.ts
payroll	statutory_config	read	backend/src/modules/payroll/payroll-statutory-config.compat.routes.ts
payroll	statutory_config_history	read	backend/src/modules/payroll/payroll-statutory-config.compat.routes.ts
payroll	statutory_config	write	backend/src/modules/payroll/payroll-statutory-config.compat.routes.ts
payroll	statutory_config_history	write	backend/src/modules/payroll/payroll-statutory-config.compat.routes.ts
payroll	statutory_filing_record	read	backend/src/modules/payroll/payroll-statutory-filing.routes.ts
payroll	payroll	read	backend/src/modules/payroll/payroll-statutory-filing.routes.ts
payroll	salary_prep_line	read	backend/src/modules/payroll/payroll-statutory-filing.routes.ts
payroll	salary_prep_run	read	backend/src/modules/payroll/payroll-statutory-filing.routes.ts
payroll	statutory_filing_record	write	backend/src/modules/payroll/payroll-statutory-filing.routes.ts
payroll	CURRENT_TIMESTAMP	write	backend/src/modules/payroll/payroll-statutory-filing.routes.ts
payroll	overdue	write	backend/src/modules/payroll/payroll-statutory-filing.routes.ts
payroll	employees	read	backend/src/modules/payroll/payroll-statutory-override.routes.ts
payroll	employee_statutory_override	read	backend/src/modules/payroll/payroll-statutory-override.routes.ts
payroll	branch_master	read	backend/src/modules/payroll/payroll-statutory-override.routes.ts
payroll	employee_salary_history	read	backend/src/modules/payroll/payroll-statutory-override.routes.ts
payroll	employee_statutory_override	write	backend/src/modules/payroll/payroll-statutory-override.routes.ts
payroll	employee_salary_history	write	backend/src/modules/payroll/payroll-statutory-override.routes.ts
payroll	failed	write	backend/src/modules/payroll/payroll-statutory-override.routes.ts
payroll	salary_prep_run	read	backend/src/modules/payroll/payroll-targeted-recalculation.service.ts
payroll	salary_prep_line	read	backend/src/modules/payroll/payroll-targeted-recalculation.service.ts
payroll	payroll_recalculation_queue	write	backend/src/modules/payroll/payroll-targeted-recalculation.service.ts
payroll	payroll_calculation_audit	write	backend/src/modules/payroll/payroll-targeted-recalculation.service.ts
payroll	salary_prep_line	read	backend/src/modules/payroll/payroll-variance.routes.ts
payroll	salary_prep_run	read	backend/src/modules/payroll/payroll-variance.routes.ts
payroll	employees	read	backend/src/modules/payroll/payroll-variance.routes.ts
payroll	branch_master	read	backend/src/modules/payroll/payroll-variance.routes.ts
payroll	department_master	read	backend/src/modules/payroll/payroll-variance.routes.ts
payroll	designation_master	read	backend/src/modules/payroll/payroll-variance.routes.ts
payroll	salary_prep_run	read	backend/src/modules/payroll/payroll-window.cron.ts
payroll	salary_prep_line	read	backend/src/modules/payroll/payroll-window.cron.ts
payroll	runPayrollWindowClosure	read	backend/src/modules/payroll/payroll-window.cron.ts
payroll	payroll_branch_readiness	read	backend/src/modules/payroll/payroll-window.cron.ts
payroll	branch_master	read	backend/src/modules/payroll/payroll-window.cron.ts
payroll	there	read	backend/src/modules/payroll/payroll-window.cron.ts
payroll	salary_prep_run	write	backend/src/modules/payroll/payroll-window.cron.ts
payroll	salary_prep_run	read	backend/src/modules/payroll/payroll-window.routes.ts
payroll	salary_run_manual_tds	read	backend/src/modules/payroll/payroll-window.routes.ts
payroll	employees	read	backend/src/modules/payroll/payroll-window.routes.ts
payroll	profile_update_approval	read	backend/src/modules/payroll/payroll-window.routes.ts
payroll	bank_penny_drop_log	read	backend/src/modules/payroll/payroll-window.routes.ts
payroll	employee_bank_detail	read	backend/src/modules/payroll/payroll-window.routes.ts
payroll	employee_salary_assignment	read	backend/src/modules/payroll/payroll-window.routes.ts
payroll	salary_structure_master	read	backend/src/modules/payroll/payroll-window.routes.ts
payroll	auth_user	read	backend/src/modules/payroll/payroll-window.routes.ts
payroll	branch_master	read	backend/src/modules/payroll/payroll-window.routes.ts
payroll	salary_prep_run	write	backend/src/modules/payroll/payroll-window.routes.ts
payroll	salary_run_manual_tds	write	backend/src/modules/payroll/payroll-window.routes.ts
payroll	employee_bank_detail	write	backend/src/modules/payroll/payroll-window.routes.ts
payroll	profile_update_approval	write	backend/src/modules/payroll/payroll-window.routes.ts
payroll	salary_prep_run	read	backend/src/modules/payroll/payroll.notifications.ts
payroll	migration	read	backend/src/modules/payroll/payroll.notifications.ts
payroll	salary_prep_line	read	backend/src/modules/payroll/payroll.notifications.ts
payroll	employees	read	backend/src/modules/payroll/payroll.notifications.ts
payroll	payslip_ready	read	backend/src/modules/payroll/payroll.notifications.ts
payroll	payroll	read	backend/src/modules/payroll/payroll.public.routes.ts
payroll	salary_payslip	read	backend/src/modules/payroll/payroll.public.routes.ts
payroll	salary_prep_line	read	backend/src/modules/payroll/payroll.public.routes.ts
payroll	salary_prep_run	read	backend/src/modules/payroll/payroll.public.routes.ts
payroll	employees	read	backend/src/modules/payroll/payroll.public.routes.ts
payroll	components	read	backend/src/modules/payroll/payroll.routes.ts
payroll	employee_salary_assignment	read	backend/src/modules/payroll/payroll.routes.ts
payroll	salary_structure_master	read	backend/src/modules/payroll/payroll.routes.ts
payroll	employees	read	backend/src/modules/payroll/payroll.routes.ts
payroll	salary_structure_component	read	backend/src/modules/payroll/payroll.routes.ts
payroll	salary_component_master	read	backend/src/modules/payroll/payroll.routes.ts
payroll	branch_master	read	backend/src/modules/payroll/payroll.routes.ts
payroll	salary_prep_line	read	backend/src/modules/payroll/payroll.routes.ts
payroll	process_master	read	backend/src/modules/payroll/payroll.routes.ts
payroll	department_master	read	backend/src/modules/payroll/payroll.routes.ts
payroll	salary_prep_run	read	backend/src/modules/payroll/payroll.routes.ts
payroll	attendance_daily_record	read	backend/src/modules/payroll/payroll.routes.ts
payroll	salary_advance_log	read	backend/src/modules/payroll/payroll.routes.ts
payroll	salary_payslip	read	backend/src/modules/payroll/payroll.routes.ts
payroll	employee_uan	read	backend/src/modules/payroll/payroll.routes.ts
payroll	designation_master	read	backend/src/modules/payroll/payroll.routes.ts
payroll	location_master	read	backend/src/modules/payroll/payroll.routes.ts
payroll	salary_run_disbursal	read	backend/src/modules/payroll/payroll.routes.ts
payroll	salary_prep_line_component	read	backend/src/modules/payroll/payroll.routes.ts
payroll	legacy_payslip_snapshot	read	backend/src/modules/payroll/payroll.routes.ts
payroll	employee_documents	read	backend/src/modules/payroll/payroll.routes.ts
payroll	payroll_disbursement	read	backend/src/modules/payroll/payroll.routes.ts
payroll	tax_declaration	read	backend/src/modules/payroll/payroll.routes.ts
payroll	salary	read	backend/src/modules/payroll/payroll.routes.ts
payroll	TRACES	read	backend/src/modules/payroll/payroll.routes.ts
payroll	finalized	read	backend/src/modules/payroll/payroll.routes.ts
payroll	canonical	read	backend/src/modules/payroll/payroll.routes.ts
payroll	recent	read	backend/src/modules/payroll/payroll.routes.ts
payroll	pt_slab_master	read	backend/src/modules/payroll/payroll.routes.ts
payroll	minimum_wage_master	read	backend/src/modules/payroll/payroll.routes.ts
payroll	employee_bank_detail	read	backend/src/modules/payroll/payroll.routes.ts
payroll	threw	write	backend/src/modules/payroll/payroll.routes.ts
payroll	salary_advance_log	write	backend/src/modules/payroll/payroll.routes.ts
payroll	employee_documents	write	backend/src/modules/payroll/payroll.routes.ts
payroll	tax_declaration_form12bb_detail	write	backend/src/modules/payroll/payroll.routes.ts
payroll	employee_uan	write	backend/src/modules/payroll/payroll.routes.ts
payroll	payroll_disbursement	write	backend/src/modules/payroll/payroll.routes.ts
payroll	disbursement	write	backend/src/modules/payroll/payroll.routes.ts
payroll	pt_slab_master	write	backend/src/modules/payroll/payroll.routes.ts
payroll	payroll_register_export_log	write	backend/src/modules/payroll/payroll.routes.ts
payroll	salary_prep_run	write	backend/src/modules/payroll/payroll.routes.ts
payroll	payroll_validation_log	write	backend/src/modules/payroll/payroll.routes.ts
payroll	salary_prep_line	read	backend/src/modules/payroll/payroll.secure.routes.ts
payroll	salary_prep_run	read	backend/src/modules/payroll/payroll.secure.routes.ts
payroll	employees	read	backend/src/modules/payroll/payroll.secure.routes.ts
payroll	branch_master	read	backend/src/modules/payroll/payroll.secure.routes.ts
payroll	process_master	read	backend/src/modules/payroll/payroll.secure.routes.ts
payroll	department_master	read	backend/src/modules/payroll/payroll.secure.routes.ts
payroll	cost_centre_master	read	backend/src/modules/payroll/payroll.secure.routes.ts
payroll	salary_structure_master	read	backend/src/modules/payroll/payroll.service.ts
payroll	employee_salary_assignment	read	backend/src/modules/payroll/payroll.service.ts
payroll	employees	read	backend/src/modules/payroll/payroll.service.ts
payroll	salary_component_master	read	backend/src/modules/payroll/payroll.service.ts
payroll	salary_prep_run	read	backend/src/modules/payroll/payroll.service.ts
payroll	preparing	read	backend/src/modules/payroll/payroll.service.ts
payroll	user_roles	read	backend/src/modules/payroll/payroll.service.ts
payroll	branch_master	read	backend/src/modules/payroll/payroll.service.ts
payroll	calculation	read	backend/src/modules/payroll/payroll.service.ts
payroll	payroll	read	backend/src/modules/payroll/payroll.service.ts
payroll	salary_prep_line	read	backend/src/modules/payroll/payroll.service.ts
payroll	middleware	read	backend/src/modules/payroll/payroll.service.ts
payroll	buildScopeWhereClause	read	backend/src/modules/payroll/payroll.service.ts
payroll	salary_payslip	read	backend/src/modules/payroll/payroll.service.ts
payroll	salary_advance_log	read	backend/src/modules/payroll/payroll.service.ts
payroll	statutory_config	read	backend/src/modules/payroll/payroll.service.ts
payroll	process_master	read	backend/src/modules/payroll/payroll.service.ts
payroll	department_master	read	backend/src/modules/payroll/payroll.service.ts
payroll	designation_master	read	backend/src/modules/payroll/payroll.service.ts
payroll	salary_prep_line_component	read	backend/src/modules/payroll/payroll.service.ts
payroll	payroll_config_flags	read	backend/src/modules/payroll/payroll.service.ts
payroll	salary_structure_master	write	backend/src/modules/payroll/payroll.service.ts
payroll	employee_salary_assignment	write	backend/src/modules/payroll/payroll.service.ts
payroll	salary_component_master	write	backend/src/modules/payroll/payroll.service.ts
payroll	salary_prep_run	write	backend/src/modules/payroll/payroll.service.ts
payroll	salary_prep_line	write	backend/src/modules/payroll/payroll.service.ts
payroll	salary_advance_log	write	backend/src/modules/payroll/payroll.service.ts
payroll	employee	read	backend/src/modules/payroll/payroll.types.ts
payroll	statutory_config	read	backend/src/modules/payroll/payroll.types.ts
payroll	logic	read	backend/src/modules/payroll/payrollCalculate.service.ts
payroll	compAmounts	read	backend/src/modules/payroll/payrollCalculate.service.ts
payroll	calculateNetSalary	read	backend/src/modules/payroll/payrollCalculate.service.ts
payroll	statutory_config	read	backend/src/modules/payroll/payrollCalculate.service.ts
payroll	employees	read	backend/src/modules/payroll/payrollCalculate.service.ts
payroll	approved	read	backend/src/modules/payroll/payrollCalculate.service.ts
payroll	pt_slab_master	read	backend/src/modules/payroll/payrollCalculate.service.ts
payroll	someone	read	backend/src/modules/payroll/payrollCalculate.service.ts
payroll	configuration	read	backend/src/modules/payroll/payrollCalculate.service.ts
payroll	salary_prep_run	read	backend/src/modules/payroll/payrollCalculate.service.ts
payroll	below	read	backend/src/modules/payroll/payrollCalculate.service.ts
payroll	process_master	read	backend/src/modules/payroll/payrollCalculate.service.ts
payroll	branch_master	read	backend/src/modules/payroll/payrollCalculate.service.ts
payroll	payroll_config_flags	read	backend/src/modules/payroll/payrollCalculate.service.ts
payroll	employee_payroll_head_review	read	backend/src/modules/payroll/payrollCalculate.service.ts
payroll	would	read	backend/src/modules/payroll/payrollCalculate.service.ts
payroll	ciphertext	read	backend/src/modules/payroll/payrollCalculate.service.ts
payroll	employee_salary_assignment	read	backend/src/modules/payroll/payrollCalculate.service.ts
payroll	salary_structure_master	read	backend/src/modules/payroll/payrollCalculate.service.ts
payroll	salary_prep_line	read	backend/src/modules/payroll/payrollCalculate.service.ts
payroll	salary_payslip	read	backend/src/modules/payroll/payrollCalculate.service.ts
payroll	run_month	read	backend/src/modules/payroll/payrollCalculate.service.ts
payroll	attendance_feature_config	read	backend/src/modules/payroll/payrollCalculate.service.ts
payroll	attendance_daily_record	read	backend/src/modules/payroll/payrollCalculate.service.ts
payroll	concurrent	read	backend/src/modules/payroll/payrollCalculate.service.ts
payroll	designation_master	read	backend/src/modules/payroll/payrollCalculate.service.ts
payroll	department_master	read	backend/src/modules/payroll/payrollCalculate.service.ts
payroll	wfm_attendance_session	read	backend/src/modules/payroll/payrollCalculate.service.ts
payroll	salary_component_assignments	read	backend/src/modules/payroll/payrollCalculate.service.ts
payroll	salary_structure_component	read	backend/src/modules/payroll/payrollCalculate.service.ts
payroll	salary_component_master	read	backend/src/modules/payroll/payrollCalculate.service.ts
payroll	scaRow	read	backend/src/modules/payroll/payrollCalculate.service.ts
payroll	attendance_billing_config	read	backend/src/modules/payroll/payrollCalculate.service.ts
payroll	tax_declaration	read	backend/src/modules/payroll/payrollCalculate.service.ts
payroll	salary_advance_log	read	backend/src/modules/payroll/payrollCalculate.service.ts
payroll	employee_loans	read	backend/src/modules/payroll/payrollCalculate.service.ts
payroll	incentive_upload_batch	read	backend/src/modules/payroll/payrollCalculate.service.ts
payroll	incentive_upload_line	read	backend/src/modules/payroll/payrollCalculate.service.ts
payroll	employee_reimbursement_claim	read	backend/src/modules/payroll/payrollCalculate.service.ts
payroll	employee_deduction_entries	read	backend/src/modules/payroll/payrollCalculate.service.ts
payroll	payroll_deduction_type	read	backend/src/modules/payroll/payrollCalculate.service.ts
payroll	employee_statutory_override	read	backend/src/modules/payroll/payrollCalculate.service.ts
payroll	salary_prep_line_component	read	backend/src/modules/payroll/payrollCalculate.service.ts
payroll	salary_run_manual_tds	read	backend/src/modules/payroll/payrollCalculate.service.ts
payroll	payroll	read	backend/src/modules/payroll/payrollCalculate.service.ts
payroll	salary_prep_line	write	backend/src/modules/payroll/payrollCalculate.service.ts
payroll	holiday_work_auto_log	write	backend/src/modules/payroll/payrollCalculate.service.ts
payroll	salary_prep_line_component	write	backend/src/modules/payroll/payrollCalculate.service.ts
payroll	salary_advance_log	write	backend/src/modules/payroll/payrollCalculate.service.ts
payroll	sensitive_action_log	write	backend/src/modules/payroll/payrollCalculate.service.ts
payroll	salary_prep_run	write	backend/src/modules/payroll/payrollCalculate.service.ts
payroll	statutory_config	read	backend/src/modules/payroll/payrollGaps.service.ts
payroll	leave_holiday_master	read	backend/src/modules/payroll/payrollGaps.service.ts
payroll	components	read	backend/src/modules/payroll/payrollGaps.service.ts
payroll	salary_prep_run	read	backend/src/modules/payroll/payrollWindowGuard.ts
payroll	salary_prep_line	read	backend/src/modules/payroll/payslip.service.ts
payroll	employee_code	read	backend/src/modules/payroll/payslip.service.ts
payroll	salary_prep_run	read	backend/src/modules/payroll/payslip.service.ts
payroll	salary_payslip	read	backend/src/modules/payroll/payslip.service.ts
payroll	employees	read	backend/src/modules/payroll/payslip.service.ts
payroll	employee_uan	read	backend/src/modules/payroll/payslip.service.ts
payroll	designation_master	read	backend/src/modules/payroll/payslip.service.ts
payroll	department_master	read	backend/src/modules/payroll/payslip.service.ts
payroll	branch_master	read	backend/src/modules/payroll/payslip.service.ts
payroll	location_master	read	backend/src/modules/payroll/payslip.service.ts
payroll	employee_salary_assignment	read	backend/src/modules/payroll/payslip.service.ts
payroll	salary_run_disbursal	read	backend/src/modules/payroll/payslip.service.ts
payroll	those	read	backend/src/modules/payroll/payslip.service.ts
payroll	weekoffs	read	backend/src/modules/payroll/payslip.service.ts
payroll	salary_prep_line_component	read	backend/src/modules/payroll/payslip.service.ts
payroll	salary_payslip	write	backend/src/modules/payroll/payslip.service.ts
payroll	Finance	read	backend/src/modules/payroll/pf-creation.routes.ts
payroll	employee_epf_compliance_profile	write	backend/src/modules/payroll/pf-creation.routes.ts
payroll	employee_uan	write	backend/src/modules/payroll/pf-creation.routes.ts
payroll	employee_epf_compliance_profile	read	backend/src/modules/payroll/pf-creation.service.ts
payroll	employees	read	backend/src/modules/payroll/pf-creation.service.ts
payroll	pf_creation_batch_item	read	backend/src/modules/payroll/pf-creation.service.ts
payroll	pf_creation_batch	read	backend/src/modules/payroll/pf-creation.service.ts
payroll	employee_epf_nominee	read	backend/src/modules/payroll/pf-creation.service.ts
payroll	employee_bank_detail	read	backend/src/modules/payroll/pf-creation.service.ts
payroll	pf_export_template	read	backend/src/modules/payroll/pf-creation.service.ts
payroll	branch_master	read	backend/src/modules/payroll/pf-creation.service.ts
payroll	process_master	read	backend/src/modules/payroll/pf-creation.service.ts
payroll	employee_uan	read	backend/src/modules/payroll/pf-creation.service.ts
payroll	pf_establishment_master	read	backend/src/modules/payroll/pf-creation.service.ts
payroll	employee_epf_ecr_readiness	read	backend/src/modules/payroll/pf-creation.service.ts
payroll	Finance	read	backend/src/modules/payroll/pf-creation.service.ts
payroll	salary_prep_run	read	backend/src/modules/payroll/pf-creation.service.ts
payroll	salary_prep_line	read	backend/src/modules/payroll/pf-creation.service.ts
payroll	pf_creation_audit_log	write	backend/src/modules/payroll/pf-creation.service.ts
payroll	pf_creation_batch	write	backend/src/modules/payroll/pf-creation.service.ts
payroll	pf_creation_batch_item	write	backend/src/modules/payroll/pf-creation.service.ts
payroll	employee_uan	write	backend/src/modules/payroll/pf-creation.service.ts
payroll	employee_epf_compliance_profile	write	backend/src/modules/payroll/pf-creation.service.ts
payroll	employee_epf_ecr_readiness	write	backend/src/modules/payroll/pf-creation.service.ts
payroll	pf_establishment_master	write	backend/src/modules/payroll/pf-creation.service.ts
payroll	pt_slab_master	read	backend/src/modules/payroll/professional-tax-states.ts
payroll	employees	read	backend/src/modules/payroll/reimbursement.service.ts
payroll	imprest_manager	read	backend/src/modules/payroll/reimbursement.service.ts
payroll	employee_reimbursement_claim	read	backend/src/modules/payroll/reimbursement.service.ts
payroll	reimbursement	read	backend/src/modules/payroll/reimbursement.service.ts
payroll	employee_reimbursement_claim	write	backend/src/modules/payroll/reimbursement.service.ts
payroll	grn_request	write	backend/src/modules/payroll/reimbursement.service.ts
payroll	grn_cost_allocation	write	backend/src/modules/payroll/reimbursement.service.ts
payroll	employees	read	backend/src/modules/payroll/reimbursements.routes.ts
payroll	employee_reimbursement_claim	read	backend/src/modules/payroll/reimbursements.routes.ts
payroll	parseInt	read	backend/src/modules/payroll/reimbursements.routes.ts
payroll	user_roles	read	backend/src/modules/payroll/reimbursements.routes.ts
payroll	user_assignment_scope	read	backend/src/modules/payroll/reimbursements.routes.ts
payroll	branch_master	read	backend/src/modules/payroll/reimbursements.routes.ts
payroll	employee_reimbursement_claim	write	backend/src/modules/payroll/reimbursements.routes.ts
payroll	CURRENT_TIMESTAMP	write	backend/src/modules/payroll/reimbursements.routes.ts
payroll	TODAY	read	backend/src/modules/payroll/run-status.ts
payroll	salary_prep_run	read	backend/src/modules/payroll/running-salary.routes.ts
payroll	salary_prep_line	read	backend/src/modules/payroll/running-salary.routes.ts
payroll	employees	read	backend/src/modules/payroll/running-salary.routes.ts
payroll	employee_salary_assignment	read	backend/src/modules/payroll/running-salary.routes.ts
payroll	branch_master	read	backend/src/modules/payroll/running-salary.routes.ts
payroll	process_master	read	backend/src/modules/payroll/running-salary.routes.ts
payroll	designation_master	read	backend/src/modules/payroll/running-salary.routes.ts
payroll	cost_centre_master	read	backend/src/modules/payroll/running-salary.routes.ts
payroll	every	read	backend/src/modules/payroll/running-salary.service.ts
payroll	employees	read	backend/src/modules/payroll/running-salary.service.ts
payroll	employee_salary_assignment	read	backend/src/modules/payroll/running-salary.service.ts
payroll	salary_structure_master	read	backend/src/modules/payroll/running-salary.service.ts
payroll	branch_master	read	backend/src/modules/payroll/running-salary.service.ts
payroll	designation_master	read	backend/src/modules/payroll/running-salary.service.ts
payroll	department_master	read	backend/src/modules/payroll/running-salary.service.ts
payroll	salary_component_assignments	read	backend/src/modules/payroll/running-salary.service.ts
payroll	salary_structure_component	read	backend/src/modules/payroll/running-salary.service.ts
payroll	salary_component_master	read	backend/src/modules/payroll/running-salary.service.ts
payroll	employee_statutory_override	read	backend/src/modules/payroll/running-salary.service.ts
payroll	attendance_daily_record	read	backend/src/modules/payroll/running-salary.service.ts
payroll	incentive_upload_line	read	backend/src/modules/payroll/running-salary.service.ts
payroll	incentive_upload_batch	read	backend/src/modules/payroll/running-salary.service.ts
payroll	salary_advance_log	read	backend/src/modules/payroll/running-salary.service.ts
payroll	employee_loans	read	backend/src/modules/payroll/running-salary.service.ts
payroll	tomorrow	read	backend/src/modules/payroll/running-salary.service.ts
payroll	payroll_salary_slabs	read	backend/src/modules/payroll/salary-governance.guard.ts
payroll	grade_band_master	read	backend/src/modules/payroll/salary-governance.guard.ts
payroll	salary_proposal	read	backend/src/modules/payroll/salary-governance.guard.ts
payroll	salary_exception_proposal	read	backend/src/modules/payroll/salary-governance.guard.ts
payroll	sensitive_action_log	write	backend/src/modules/payroll/salary-governance.guard.ts
payroll	salary_register	write	backend/src/modules/payroll/salary-governance.guard.ts
payroll	salary_register_audit_log	write	backend/src/modules/payroll/salary-governance.guard.ts
payroll	salary_prep_run	read	backend/src/modules/payroll/salary-verification.routes.ts
payroll	their	read	backend/src/modules/payroll/salary-verification.routes.ts
payroll	employees	read	backend/src/modules/payroll/salary-verification.routes.ts
payroll	process_master	read	backend/src/modules/payroll/salary-verification.routes.ts
payroll	branch_master	read	backend/src/modules/payroll/salary-verification.routes.ts
payroll	designation_master	read	backend/src/modules/payroll/salary-verification.routes.ts
payroll	salary_prep_line	read	backend/src/modules/payroll/salary-verification.routes.ts
payroll	salary_prep_line_component	read	backend/src/modules/payroll/salary-verification.routes.ts
payroll	salary_employee_verification	read	backend/src/modules/payroll/salary-verification.routes.ts
payroll	salary_verification_flag	read	backend/src/modules/payroll/salary-verification.routes.ts
payroll	users	read	backend/src/modules/payroll/salary-verification.routes.ts
payroll	salary_verification_flag	write	backend/src/modules/payroll/salary-verification.routes.ts
payroll	salary_employee_verification	write	backend/src/modules/payroll/salary-verification.routes.ts
payroll	failure	write	backend/src/modules/payroll/salary-verification.routes.ts
payroll	payroll_branch_readiness	write	backend/src/modules/payroll/salary-verification.routes.ts
payroll	salary	read	backend/src/modules/payroll/statutory-applicability.service.ts
payroll	salary_data	read	backend/src/modules/payroll/statutory-applicability.service.ts
payroll	employees	read	backend/src/modules/payroll/statutory-applicability.service.ts
payroll	employee_statutory_info	read	backend/src/modules/payroll/statutory-applicability.service.ts
payroll	employee_statutory_override	read	backend/src/modules/payroll/statutory-applicability.service.ts
payroll	statutory_config	read	backend/src/modules/payroll/statutory-config.loader.ts
payroll	statutory_config_version	read	backend/src/modules/payroll/statutory-config.resolver.ts
payroll	db_bill	read	backend/src/modules/payroll/statutory-filing-readiness.service.ts
payroll	employees	read	backend/src/modules/payroll/statutory-filing-readiness.service.ts
payroll	employee_statutory_info	read	backend/src/modules/payroll/statutory-filing-readiness.service.ts
payroll	employee_uan	read	backend/src/modules/payroll/statutory-filing-readiness.service.ts
payroll	REQUIRED_TDS_CONFIG_KEYS	read	backend/src/modules/payroll/statutory-regime.ts
payroll	tax_declaration	read	backend/src/modules/payroll/taxDeclaration.service.ts
payroll	tax_declaration_form12bb_detail	read	backend/src/modules/payroll/taxDeclaration.service.ts
payroll	employee_salary_assignment	read	backend/src/modules/payroll/taxDeclaration.service.ts
payroll	tax_declaration	write	backend/src/modules/payroll/taxDeclaration.service.ts
payroll	tax_declaration_form12bb_detail	write	backend/src/modules/payroll/taxDeclaration.service.ts
payroll	upload	read	backend/src/modules/payroll/tds-certificate-part-a.routes.ts
payroll	their	read	backend/src/modules/payroll/tds-certificate-part-a.routes.ts
payroll	tds_certificate_part_a	read	backend/src/modules/payroll/tds-certificate-part-a.service.ts
payroll	tds_certificate_part_a	write	backend/src/modules/payroll/tds-certificate-part-a.service.ts
payroll-compliance	employees	read	backend/src/modules/payroll-compliance/payrollCalculate.service.ts
payroll-compliance	modules	read	backend/src/modules/payroll-compliance/payrollCalculate.service.ts
payroll-compliance	configuration	read	backend/src/modules/payroll-compliance/payrollCalculate.service.ts
payroll-compliance	statutory_config	read	backend/src/modules/payroll-compliance/payrollCalculate.service.ts
payroll-compliance	pt_slab_master	read	backend/src/modules/payroll-compliance/payrollCalculate.service.ts
payroll-compliance	salary_prep_run	read	backend/src/modules/payroll-compliance/payrollCalculate.service.ts
payroll-compliance	process_master	read	backend/src/modules/payroll-compliance/payrollCalculate.service.ts
payroll-compliance	branch_master	read	backend/src/modules/payroll-compliance/payrollCalculate.service.ts
payroll-compliance	employee_salary_assignment	read	backend/src/modules/payroll-compliance/payrollCalculate.service.ts
payroll-compliance	salary_structure_master	read	backend/src/modules/payroll-compliance/payrollCalculate.service.ts
payroll-compliance	attendance_daily_record	read	backend/src/modules/payroll-compliance/payrollCalculate.service.ts
payroll-compliance	wfm_attendance_session	read	backend/src/modules/payroll-compliance/payrollCalculate.service.ts
payroll-compliance	tax_declaration	read	backend/src/modules/payroll-compliance/payrollCalculate.service.ts
payroll-compliance	salary_advance_log	read	backend/src/modules/payroll-compliance/payrollCalculate.service.ts
payroll-compliance	salary_prep_line_adjustment	read	backend/src/modules/payroll-compliance/payrollCalculate.service.ts
payroll-compliance	salary_prep_line	read	backend/src/modules/payroll-compliance/payrollCalculate.service.ts
payroll-compliance	salary_prep_line	write	backend/src/modules/payroll-compliance/payrollCalculate.service.ts
payroll-compliance	salary_prep_run	write	backend/src/modules/payroll-compliance/payrollCalculate.service.ts
payroll-compliance	payroll_compliance_issue	read	backend/src/modules/payroll-compliance/payrollCompliance.routes.ts
payroll-compliance	employees	read	backend/src/modules/payroll-compliance/payrollCompliance.routes.ts
payroll-compliance	payroll_employee_component_snapshot	read	backend/src/modules/payroll-compliance/payrollCompliance.routes.ts
payroll-compliance	salary_prep_line	read	backend/src/modules/payroll-compliance/payrollCompliance.routes.ts
payroll-compliance	salary_prep_line_component	read	backend/src/modules/payroll-compliance/payrollCompliance.routes.ts
payroll-compliance	branch_master	read	backend/src/modules/payroll-compliance/payrollCompliance.routes.ts
payroll-compliance	employee_bank_detail	read	backend/src/modules/payroll-compliance/payrollCompliance.routes.ts
payroll-compliance	payroll_register_export_log	write	backend/src/modules/payroll-compliance/payrollCompliance.routes.ts
payroll-compliance	payroll_compliance_issue	read	backend/src/modules/payroll-compliance/payrollCompliance.service.ts
payroll-compliance	payroll_employee_component_snapshot	read	backend/src/modules/payroll-compliance/payrollCompliance.service.ts
payroll-compliance	salary_prep_line_component	read	backend/src/modules/payroll-compliance/payrollCompliance.service.ts
payroll-compliance	salary_prep_run	read	backend/src/modules/payroll-compliance/payrollCompliance.service.ts
payroll-compliance	employees	read	backend/src/modules/payroll-compliance/payrollCompliance.service.ts
payroll-compliance	employee_salary_assignment	read	backend/src/modules/payroll-compliance/payrollCompliance.service.ts
payroll-compliance	employee_bank_detail	read	backend/src/modules/payroll-compliance/payrollCompliance.service.ts
payroll-compliance	salary_prep_line	read	backend/src/modules/payroll-compliance/payrollCompliance.service.ts
payroll-compliance	payroll_calculation_audit	write	backend/src/modules/payroll-compliance/payrollCompliance.service.ts
payroll-compliance	sensitive_data_access_log	write	backend/src/modules/payroll-compliance/payrollCompliance.service.ts
payroll-compliance	payroll_compliance_issue	write	backend/src/modules/payroll-compliance/payrollCompliance.service.ts
payroll-compliance	salary_prep_line_component	write	backend/src/modules/payroll-compliance/payrollCompliance.service.ts
payroll-compliance	salary_prep_run	write	backend/src/modules/payroll-compliance/payrollCompliance.service.ts
payroll-compliance	payroll_employee_component_snapshot	write	backend/src/modules/payroll-compliance/payrollCompliance.service.ts
payroll-compliance	salary_prep_line_adjustment	write	backend/src/modules/payroll-compliance/payrollCompliance.service.ts
payroll-compliance	employee_salary_assignment	read	backend/src/modules/payroll-compliance/taxDeclaration.service.ts
payroll-compliance	tax_declaration	read	backend/src/modules/payroll-compliance/taxDeclaration.service.ts
payroll-compliance	tax_declaration	write	backend/src/modules/payroll-compliance/taxDeclaration.service.ts
payroll-compliance	payroll_tax_fy_config	read	backend/src/modules/payroll-compliance/taxEngine.service.ts
payroll-compliance	payroll_tax_slab_master	read	backend/src/modules/payroll-compliance/taxEngine.service.ts
payroll-head-review	REVIEWER_ROLES	read	backend/src/modules/payroll-head-review/payroll-head-review.routes.ts
payroll-head-review	ats_employment_offer	read	backend/src/modules/payroll-head-review/payroll-head-review.routes.ts
payroll-head-review	every	read	backend/src/modules/payroll-head-review/payroll-head-review.service.ts
payroll-head-review	theirs	read	backend/src/modules/payroll-head-review/payroll-head-review.service.ts
payroll-head-review	employees	read	backend/src/modules/payroll-head-review/payroll-head-review.service.ts
payroll-head-review	ats_candidate	read	backend/src/modules/payroll-head-review/payroll-head-review.service.ts
payroll-head-review	candidate_bank_verification	read	backend/src/modules/payroll-head-review/payroll-head-review.service.ts
payroll-head-review	employee_payroll_head_review	read	backend/src/modules/payroll-head-review/payroll-head-review.service.ts
payroll-head-review	salary_component_assignments	read	backend/src/modules/payroll-head-review/payroll-head-review.service.ts
payroll-head-review	ats_employment_offer	read	backend/src/modules/payroll-head-review/payroll-head-review.service.ts
payroll-head-review	auth_user	read	backend/src/modules/payroll-head-review/payroll-head-review.service.ts
payroll-head-review	ats_payroll_hr_validation	read	backend/src/modules/payroll-head-review/payroll-head-review.service.ts
payroll-head-review	ats_branch_head_approval	read	backend/src/modules/payroll-head-review/payroll-head-review.service.ts
payroll-head-review	branch_master	read	backend/src/modules/payroll-head-review/payroll-head-review.service.ts
payroll-head-review	designation_master	read	backend/src/modules/payroll-head-review/payroll-head-review.service.ts
payroll-head-review	cost_centre_master	read	backend/src/modules/payroll-head-review/payroll-head-review.service.ts
payroll-head-review	process_master	read	backend/src/modules/payroll-head-review/payroll-head-review.service.ts
payroll-head-review	employee_documents	read	backend/src/modules/payroll-head-review/payroll-head-review.service.ts
payroll-head-review	employee_joining_esign_kit	read	backend/src/modules/payroll-head-review/payroll-head-review.service.ts
payroll-head-review	employee_joining_document_checklist	read	backend/src/modules/payroll-head-review/payroll-head-review.service.ts
payroll-head-review	employee_salary_assignment	read	backend/src/modules/payroll-head-review/payroll-head-review.service.ts
payroll-head-review	salary_structure_master	read	backend/src/modules/payroll-head-review/payroll-head-review.service.ts
payroll-head-review	salary_package_master	read	backend/src/modules/payroll-head-review/payroll-head-review.service.ts
payroll-head-review	employee_payroll_head_review_history	read	backend/src/modules/payroll-head-review/payroll-head-review.service.ts
payroll-head-review	salary_exception_proposal	read	backend/src/modules/payroll-head-review/payroll-head-review.service.ts
payroll-head-review	offer	read	backend/src/modules/payroll-head-review/payroll-head-review.service.ts
payroll-head-review	user_roles	read	backend/src/modules/payroll-head-review/payroll-head-review.service.ts
payroll-head-review	across	read	backend/src/modules/payroll-head-review/payroll-head-review.service.ts
payroll-head-review	ats_onboarding_bridge	read	backend/src/modules/payroll-head-review/payroll-head-review.service.ts
payroll-head-review	payroll_head_review_reason_master	read	backend/src/modules/payroll-head-review/payroll-head-review.service.ts
payroll-head-review	sensitive_action_log	write	backend/src/modules/payroll-head-review/payroll-head-review.service.ts
payroll-head-review	employee_payroll_head_review_history	write	backend/src/modules/payroll-head-review/payroll-head-review.service.ts
payroll-head-review	salary	write	backend/src/modules/payroll-head-review/payroll-head-review.service.ts
payroll-head-review	ats_payroll_hr_validation	write	backend/src/modules/payroll-head-review/payroll-head-review.service.ts
payroll-head-review	employee_salary_assignment	write	backend/src/modules/payroll-head-review/payroll-head-review.service.ts
payroll-head-review	salary_component_assignments	write	backend/src/modules/payroll-head-review/payroll-head-review.service.ts
payroll-head-review	employee_payroll_head_review	write	backend/src/modules/payroll-head-review/payroll-head-review.service.ts
payroll-head-review	affects	write	backend/src/modules/payroll-head-review/payroll-head-review.service.ts
payroll-masters	employees	read	backend/src/modules/payroll-masters/minimum-wage-gate.service.ts
payroll-masters	branch_master	read	backend/src/modules/payroll-masters/minimum-wage-gate.service.ts
payroll-masters	minimum_wage_master	read	backend/src/modules/payroll-masters/minimum-wage-gate.service.ts
payroll-masters	branch_master	read	backend/src/modules/payroll-masters/payrollMasters.routes.ts
payroll-masters	salary_slab_master	read	backend/src/modules/payroll-masters/payrollMasters.service.ts
payroll-masters	salary_band_master	read	backend/src/modules/payroll-masters/payrollMasters.service.ts
payroll-masters	salary_package_master	read	backend/src/modules/payroll-masters/payrollMasters.service.ts
payroll-masters	grade_band_master	read	backend/src/modules/payroll-masters/payrollMasters.service.ts
payroll-masters	basic_amt	read	backend/src/modules/payroll-masters/payrollMasters.service.ts
payroll-masters	designation_band_matrix	read	backend/src/modules/payroll-masters/payrollMasters.service.ts
payroll-masters	department_master	read	backend/src/modules/payroll-masters/payrollMasters.service.ts
payroll-masters	designation_master	read	backend/src/modules/payroll-masters/payrollMasters.service.ts
payroll-masters	minimum_wage_master	read	backend/src/modules/payroll-masters/payrollMasters.service.ts
payroll-masters	salary_slab_master	write	backend/src/modules/payroll-masters/payrollMasters.service.ts
payroll-masters	salary_band_master	write	backend/src/modules/payroll-masters/payrollMasters.service.ts
payroll-masters	salary_package_master	write	backend/src/modules/payroll-masters/payrollMasters.service.ts
payroll-masters	designation_band_matrix	write	backend/src/modules/payroll-masters/payrollMasters.service.ts
payroll-masters	minimum_wage_master	write	backend/src/modules/payroll-masters/payrollMasters.service.ts
payroll-masters	columns	read	backend/src/modules/payroll-masters/payrollMasters.types.ts
people-experience	user_roles	read	backend/src/modules/people-experience/people-experience.scope.ts
people-experience	user_assignment_scope	read	backend/src/modules/people-experience/people-experience.scope.ts
people-experience	employees	read	backend/src/modules/people-experience/people-experience.scope.ts
people-experience	grievance	read	backend/src/modules/people-experience/people-experience.scope.ts
people-experience	employees	read	backend/src/modules/people-experience/people-experience.service.ts
people-experience	branch_master	read	backend/src/modules/people-experience/people-experience.service.ts
people-experience	process_master	read	backend/src/modules/people-experience/people-experience.service.ts
people-experience	department_master	read	backend/src/modules/people-experience/people-experience.service.ts
people-experience	people_experience_health_snapshot	read	backend/src/modules/people-experience/people-experience.service.ts
people-experience	pulse_response	read	backend/src/modules/people-experience/people-experience.service.ts
people-experience	kudos_transaction	read	backend/src/modules/people-experience/people-experience.service.ts
people-experience	survey_response	read	backend/src/modules/people-experience/people-experience.service.ts
people-experience	helpdesk_ticket	read	backend/src/modules/people-experience/people-experience.service.ts
people-experience	grievance	read	backend/src/modules/people-experience/people-experience.service.ts
people-experience	attendance_daily_record	read	backend/src/modules/people-experience/people-experience.service.ts
people-experience	people_experience_action	read	backend/src/modules/people-experience/people-experience.service.ts
people-experience	people_experience_health_snapshot	write	backend/src/modules/people-experience/people-experience.service.ts
people-experience	people_experience_action	write	backend/src/modules/people-experience/people-experience.service.ts
peopleos	employees	read	backend/src/modules/peopleos/peopleos.service.ts
peopleos	attendance_daily_record	read	backend/src/modules/peopleos/peopleos.service.ts
peopleos	helpdesk_ticket	read	backend/src/modules/peopleos/peopleos.service.ts
peopleos	grievance	read	backend/src/modules/peopleos/peopleos.service.ts
peopleos	branch_master	read	backend/src/modules/peopleos/peopleos.service.ts
peopleos	process_master	read	backend/src/modules/peopleos/peopleos.service.ts
peopleos	payroll_readiness_snapshot	read	backend/src/modules/peopleos/peopleos.service.ts
peopleos	candidates	read	backend/src/modules/peopleos/peopleos.service.ts
peopleos	exit_request	read	backend/src/modules/peopleos/peopleos.service.ts
peopleos	employee_documents	read	backend/src/modules/peopleos/peopleos.service.ts
peopleos	employee_journey_log	read	backend/src/modules/peopleos/peopleos.service.ts
peopleos	sensitive_action_log	read	backend/src/modules/peopleos/peopleos.service.ts
peopleos	attendance_exception	read	backend/src/modules/peopleos/peopleos.service.ts
peopleos	every	read	backend/src/modules/peopleos/peopleos.service.ts
peopleos	integration_sync_run	read	backend/src/modules/peopleos/peopleos.service.ts
peopleos	costs	read	backend/src/modules/peopleos/peopleos.service.ts
peopleos	biometric_attendance_log	read	backend/src/modules/peopleos/peopleos.service.ts
peopleos	employee_bank_detail	read	backend/src/modules/peopleos/peopleos.service.ts
peopleos	workforce_roster_draft	read	backend/src/modules/peopleos/peopleos.service.ts
peopleos	attendance_exception	write	backend/src/modules/peopleos/peopleos.service.ts
peopleos	payroll_readiness_snapshot	write	backend/src/modules/peopleos/peopleos.service.ts
peopleos	workforce_roster_draft	write	backend/src/modules/peopleos/peopleos.service.ts
performance-dashboard	query	read	backend/src/modules/performance-dashboard/performance-dashboard.routes.ts
performance-dashboard	employees	read	backend/src/modules/performance-dashboard/performance-dashboard.routes.ts
performance-dashboard	performance_feedback_request	read	backend/src/modules/performance-dashboard/performance-dashboard.routes.ts
performance-dashboard	performance_feedback_cycle	read	backend/src/modules/performance-dashboard/performance-dashboard.routes.ts
performance-dashboard	appraisal_rating	read	backend/src/modules/performance-dashboard/performance-dashboard.routes.ts
performance-dashboard	appraisal_cycle	read	backend/src/modules/performance-dashboard/performance-dashboard.routes.ts
performance-dashboard	competency_master	read	backend/src/modules/performance-dashboard/performance-dashboard.routes.ts
performance-dashboard	Shivamgiri	read	backend/src/modules/performance-dashboard/performance-dashboard.routes.ts
performance-dashboard	mas_hrms	read	backend/src/modules/performance-dashboard/performance-dashboard.routes.ts
performance-dashboard	branch_master	read	backend/src/modules/performance-dashboard/performance-dashboard.routes.ts
performance-dashboard	performance_feedback_response	write	backend/src/modules/performance-dashboard/performance-dashboard.routes.ts
performance-dashboard	performance_feedback_request	write	backend/src/modules/performance-dashboard/performance-dashboard.routes.ts
performance-dashboard	employees	read	backend/src/modules/performance-dashboard/performance-dashboard.service.ts
performance-dashboard	performance_feedback_request	read	backend/src/modules/performance-dashboard/performance-dashboard.service.ts
performance-dashboard	appraisal_rating	read	backend/src/modules/performance-dashboard/performance-dashboard.service.ts
performance-dashboard	competency_master	read	backend/src/modules/performance-dashboard/performance-dashboard.service.ts
performance-dashboard	performance_feedback_cycle	read	backend/src/modules/performance-dashboard/performance-dashboard.service.ts
performance-dashboard	performance_feedback_response	write	backend/src/modules/performance-dashboard/performance-dashboard.service.ts
performance-dashboard	performance_feedback_request	write	backend/src/modules/performance-dashboard/performance-dashboard.service.ts
performance-feedback	cycle	write	backend/src/modules/performance-feedback/performance-feedback.controller.ts
performance-feedback	competency	write	backend/src/modules/performance-feedback/performance-feedback.controller.ts
performance-feedback	development	write	backend/src/modules/performance-feedback/performance-feedback.controller.ts
performance-feedback	employees	read	backend/src/modules/performance-feedback/performance-feedback.routes.ts
performance-feedback	performance_feedback_cycle	read	backend/src/modules/performance-feedback/performance-feedback.service.ts
performance-feedback	reporting_to	read	backend/src/modules/performance-feedback/performance-feedback.service.ts
performance-feedback	employees	read	backend/src/modules/performance-feedback/performance-feedback.service.ts
performance-feedback	performance_feedback_request	read	backend/src/modules/performance-feedback/performance-feedback.service.ts
performance-feedback	competency_master	read	backend/src/modules/performance-feedback/performance-feedback.service.ts
performance-feedback	performance_feedback_response	read	backend/src/modules/performance-feedback/performance-feedback.service.ts
performance-feedback	performance_feedback_report	read	backend/src/modules/performance-feedback/performance-feedback.service.ts
performance-feedback	performance	read	backend/src/modules/performance-feedback/performance-feedback.service.ts
performance-feedback	development_plan	read	backend/src/modules/performance-feedback/performance-feedback.service.ts
performance-feedback	performance_feedback_cycle	write	backend/src/modules/performance-feedback/performance-feedback.service.ts
performance-feedback	cycle	write	backend/src/modules/performance-feedback/performance-feedback.service.ts
performance-feedback	performance_feedback_request	write	backend/src/modules/performance-feedback/performance-feedback.service.ts
performance-feedback	competency_master	write	backend/src/modules/performance-feedback/performance-feedback.service.ts
performance-feedback	competency	write	backend/src/modules/performance-feedback/performance-feedback.service.ts
performance-feedback	performance_feedback_response	write	backend/src/modules/performance-feedback/performance-feedback.service.ts
performance-feedback	existing	write	backend/src/modules/performance-feedback/performance-feedback.service.ts
performance-feedback	performance_feedback_report	write	backend/src/modules/performance-feedback/performance-feedback.service.ts
performance-feedback	training_need	write	backend/src/modules/performance-feedback/performance-feedback.service.ts
performance-feedback	development_plan	write	backend/src/modules/performance-feedback/performance-feedback.service.ts
performance-feedback	development_plan_goal	write	backend/src/modules/performance-feedback/performance-feedback.service.ts
performance-feedback	development	write	backend/src/modules/performance-feedback/performance-feedback.service.ts
performance-feedback	multiple	read	backend/src/modules/performance-feedback/quality-aggregator.service.ts
performance-feedback	Google	read	backend/src/modules/performance-feedback/quality-aggregator.service.ts
performance-feedback	Excel	read	backend/src/modules/performance-feedback/quality-aggregator.service.ts
performance-feedback	database	read	backend/src/modules/performance-feedback/quality-aggregator.service.ts
performance-feedback	configured	read	backend/src/modules/performance-feedback/quality-aggregator.service.ts
performance-feedback	source	read	backend/src/modules/performance-feedback/quality-aggregator.service.ts
performance-feedback	multiple	read	backend/src/modules/performance-feedback/quality-data-mapper.ts
performance-feedback	various	read	backend/src/modules/performance-feedback/quality-data-mapper.ts
performance-feedback	header	read	backend/src/modules/performance-feedback/quality-data-mapper.ts
performance-feedback	external	read	backend/src/modules/performance-feedback/quality-data.service.ts
performance-feedback	Shivamgiri	read	backend/src/modules/performance-feedback/quality-data.service.ts
performance-feedback	db_audit	read	backend/src/modules/performance-feedback/quality-data.service.ts
performance-feedback	against	read	backend/src/modules/performance-feedback/quality-upload.service.ts
performance-feedback	db_audit	read	backend/src/modules/performance-feedback/quality-upload.service.ts
performance-feedback	employees	read	backend/src/modules/performance-feedback/quality-upload.service.ts
performance-feedback	quality_audit	write	backend/src/modules/performance-feedback/quality-upload.service.ts
performance-ingestion	performance_source_dataset	read	backend/src/modules/performance-ingestion/performance-governance-audit.middleware.ts
performance-ingestion	integration_mapping_exception	read	backend/src/modules/performance-ingestion/performance-governance-audit.middleware.ts
performance-ingestion	performance_identity_map	read	backend/src/modules/performance-ingestion/performance-governance-audit.middleware.ts
performance-ingestion	performance_process_map	read	backend/src/modules/performance-ingestion/performance-governance-audit.middleware.ts
performance-ingestion	performance_governance_audit	write	backend/src/modules/performance-ingestion/performance-governance-audit.middleware.ts
performance-ingestion	performance_governance_audit	read	backend/src/modules/performance-ingestion/performance-governance-audit.service.ts
performance-ingestion	performance_source_dataset	read	backend/src/modules/performance-ingestion/performance-governance-audit.service.ts
performance-ingestion	process_master	read	backend/src/modules/performance-ingestion/performance-governance-audit.service.ts
performance-ingestion	branch_master	read	backend/src/modules/performance-ingestion/performance-governance-audit.service.ts
performance-ingestion	employees	read	backend/src/modules/performance-ingestion/performance-governance.service.ts
performance-ingestion	performance_source_dataset	read	backend/src/modules/performance-ingestion/performance-governance.service.ts
performance-ingestion	process_master	read	backend/src/modules/performance-ingestion/performance-governance.service.ts
performance-ingestion	branch_master	read	backend/src/modules/performance-ingestion/performance-governance.service.ts
performance-ingestion	performance_mapping_version	read	backend/src/modules/performance-ingestion/performance-governance.service.ts
performance-ingestion	performance_ingestion_run	read	backend/src/modules/performance-ingestion/performance-governance.service.ts
performance-ingestion	performance_validation_result	read	backend/src/modules/performance-ingestion/performance-governance.service.ts
performance-ingestion	performance_reconciliation_result	read	backend/src/modules/performance-ingestion/performance-governance.service.ts
performance-ingestion	integration_mapping_exception	read	backend/src/modules/performance-ingestion/performance-governance.service.ts
performance-ingestion	performance_publication_batch	read	backend/src/modules/performance-ingestion/performance-governance.service.ts
performance-ingestion	kpi_metric_master	read	backend/src/modules/performance-ingestion/performance-governance.service.ts
performance-ingestion	performance_source_dataset	write	backend/src/modules/performance-ingestion/performance-governance.service.ts
performance-ingestion	performance_mapping_version	write	backend/src/modules/performance-ingestion/performance-governance.service.ts
performance-ingestion	performance_identity_map	write	backend/src/modules/performance-ingestion/performance-governance.service.ts
performance-ingestion	performance_process_map	write	backend/src/modules/performance-ingestion/performance-governance.service.ts
performance-ingestion	integration_mapping_exception	write	backend/src/modules/performance-ingestion/performance-governance.service.ts
performance-ingestion	performance_source_dataset	read	backend/src/modules/performance-ingestion/performance-ingestion.service.ts
performance-ingestion	performance_mapping_version	read	backend/src/modules/performance-ingestion/performance-ingestion.service.ts
performance-ingestion	performance_identity_map	read	backend/src/modules/performance-ingestion/performance-ingestion.service.ts
performance-ingestion	employees	read	backend/src/modules/performance-ingestion/performance-ingestion.service.ts
performance-ingestion	performance_process_map	read	backend/src/modules/performance-ingestion/performance-ingestion.service.ts
performance-ingestion	kpi_metric_master	read	backend/src/modules/performance-ingestion/performance-ingestion.service.ts
performance-ingestion	performance_ingestion_run	read	backend/src/modules/performance-ingestion/performance-ingestion.service.ts
performance-ingestion	performance_ingestion_checkpoint	read	backend/src/modules/performance-ingestion/performance-ingestion.service.ts
performance-ingestion	performance_raw_record	write	backend/src/modules/performance-ingestion/performance-ingestion.service.ts
performance-ingestion	performance_validation_result	write	backend/src/modules/performance-ingestion/performance-ingestion.service.ts
performance-ingestion	integration_mapping_exception	write	backend/src/modules/performance-ingestion/performance-ingestion.service.ts
performance-ingestion	performance_reconciliation_result	write	backend/src/modules/performance-ingestion/performance-ingestion.service.ts
performance-ingestion	performance_ingestion_run	write	backend/src/modules/performance-ingestion/performance-ingestion.service.ts
performance-ingestion	performance_ingestion_checkpoint	write	backend/src/modules/performance-ingestion/performance-ingestion.service.ts
performance-ingestion	performance_ingestion_run	read	backend/src/modules/performance-ingestion/performance-manual-upload-verification.service.ts
performance-ingestion	performance_source_dataset	read	backend/src/modules/performance-ingestion/performance-manual-upload-verification.service.ts
performance-ingestion	performance_raw_record	read	backend/src/modules/performance-ingestion/performance-manual-upload-verification.service.ts
performance-ingestion	performance_validation_result	read	backend/src/modules/performance-ingestion/performance-manual-upload-verification.service.ts
performance-ingestion	performance_fact_lineage	read	backend/src/modules/performance-ingestion/performance-manual-upload-verification.service.ts
performance-ingestion	kpi_daily_actual	read	backend/src/modules/performance-ingestion/performance-manual-upload-verification.service.ts
performance-ingestion	performance_reconciliation_result	read	backend/src/modules/performance-ingestion/performance-manual-upload-verification.service.ts
performance-ingestion	performance_publication_batch	read	backend/src/modules/performance-ingestion/performance-manual-upload-verification.service.ts
performance-ingestion	performance_source_dataset	read	backend/src/modules/performance-ingestion/performance-manual-upload.routes.ts
performance-ingestion	performance_ingestion_run	read	backend/src/modules/performance-ingestion/performance-manual-upload.routes.ts
performance-ingestion	performance_validation_result	read	backend/src/modules/performance-ingestion/performance-manual-upload.routes.ts
performance-ingestion	performance_raw_record	read	backend/src/modules/performance-ingestion/performance-manual-upload.routes.ts
performance-ingestion	performance_fact_lineage	read	backend/src/modules/performance-ingestion/performance-publication.service.ts
performance-ingestion	kpi_metric_master	read	backend/src/modules/performance-ingestion/performance-publication.service.ts
performance-ingestion	performance_source_dataset	read	backend/src/modules/performance-ingestion/performance-publication.service.ts
performance-ingestion	performance_mapping_version	read	backend/src/modules/performance-ingestion/performance-publication.service.ts
performance-ingestion	kpi_daily_actual	read	backend/src/modules/performance-ingestion/performance-publication.service.ts
performance-ingestion	kpi_formula_version	read	backend/src/modules/performance-ingestion/performance-publication.service.ts
performance-ingestion	kpi_daily_actual	write	backend/src/modules/performance-ingestion/performance-publication.service.ts
performance-ingestion	performance_publication_batch	write	backend/src/modules/performance-ingestion/performance-publication.service.ts
performance-ingestion	performance_fact_lineage	write	backend/src/modules/performance-ingestion/performance-publication.service.ts
performance-ingestion	performance_ingestion_run	read	backend/src/modules/performance-ingestion/performance-scheduler.service.ts
performance-ingestion	performance_source_dataset	read	backend/src/modules/performance-ingestion/performance-scheduler.service.ts
performance-ingestion	performance_ingestion_checkpoint	read	backend/src/modules/performance-ingestion/performance-scheduler.service.ts
performance-ingestion	performance_source_dataset	write	backend/src/modules/performance-ingestion/performance-scheduler.service.ts
performance-intelligence	kpi_daily_actual	read	backend/src/modules/performance-intelligence/performance-intelligence.repository.ts
performance-intelligence	employees	read	backend/src/modules/performance-intelligence/performance-intelligence.repository.ts
performance-intelligence	kpi_metric_master	read	backend/src/modules/performance-intelligence/performance-intelligence.repository.ts
performance-intelligence	kpi_employee_resolved	read	backend/src/modules/performance-intelligence/performance-intelligence.repository.ts
performance-intelligence	kpi_process_config	read	backend/src/modules/performance-intelligence/performance-intelligence.repository.ts
performance-intelligence	kpi_formula_version	read	backend/src/modules/performance-intelligence/performance-intelligence.repository.ts
performance-intelligence	branch_master	read	backend/src/modules/performance-intelligence/performance-intelligence.repository.ts
performance-intelligence	process_master	read	backend/src/modules/performance-intelligence/performance-intelligence.repository.ts
performance-scorecard	attendance_daily_record	read	backend/src/modules/performance-scorecard/performance-scorecard-snapshot.service.ts
performance-scorecard	pip_record	read	backend/src/modules/performance-scorecard/performance-scorecard-snapshot.service.ts
performance-scorecard	pip_checkpoint	read	backend/src/modules/performance-scorecard/performance-scorecard-snapshot.service.ts
performance-scorecard	kpi_daily_actual	read	backend/src/modules/performance-scorecard/performance-scorecard-snapshot.service.ts
performance-scorecard	employees	read	backend/src/modules/performance-scorecard/performance-scorecard-snapshot.service.ts
performance-scorecard	employee_performance_daily_snapshot	write	backend/src/modules/performance-scorecard/performance-scorecard-snapshot.service.ts
performance-scorecard	employee_performance_daily_snapshot	read	backend/src/modules/performance-scorecard/performance-scorecard.routes.ts
performance-scorecard	employees	read	backend/src/modules/performance-scorecard/performance-scorecard.routes.ts
policy-engine	business_policy_config	read	backend/src/modules/policy-engine/policy-engine.cache.ts
policy-engine	business_policy_config	read	backend/src/modules/policy-engine/policy-engine.service.ts
policy-engine	statutory_config	read	backend/src/modules/policy-engine/policy-engine.service.ts
policy-engine	attendance_rule_config	read	backend/src/modules/policy-engine/policy-engine.service.ts
policy-engine	auth_password_policy	read	backend/src/modules/policy-engine/policy-engine.service.ts
policy-engine	business_policy_config_history	read	backend/src/modules/policy-engine/policy-engine.service.ts
policy-engine	business_policy_config	write	backend/src/modules/policy-engine/policy-engine.service.ts
policy-engine	business_policy_config_history	write	backend/src/modules/policy-engine/policy-engine.service.ts
portal	client	write	backend/src/modules/portal/client.routes.ts
portal	portal	write	backend/src/modules/portal/client.routes.ts
portal	client_master	read	backend/src/modules/portal/client.service.ts
portal	client_user	read	backend/src/modules/portal/client.service.ts
portal	process_master	read	backend/src/modules/portal/client.service.ts
portal	portal_access_log	read	backend/src/modules/portal/client.service.ts
portal	bulk_operation_jobs	read	backend/src/modules/portal/client.service.ts
portal	client_master	write	backend/src/modules/portal/client.service.ts
portal	bulk_operation_jobs	write	backend/src/modules/portal/client.service.ts
portal	client_user	read	backend/src/modules/portal/enhanced-portal-user.service.ts
portal	portal_access_log	read	backend/src/modules/portal/enhanced-portal-user.service.ts
portal	user_page_access	read	backend/src/modules/portal/enhanced-portal-user.service.ts
portal	client_user	write	backend/src/modules/portal/enhanced-portal-user.service.ts
portal	portal_access_log	write	backend/src/modules/portal/enhanced-portal-user.service.ts
portal	user_page_access	write	backend/src/modules/portal/enhanced-portal-user.service.ts
portal	backend	read	backend/src/modules/portal/portal-howto-catalog.ts
portal	internal	read	backend/src/modules/portal/portal-howto-catalog.ts
portal	internal	read	backend/src/modules/portal/portal-howto.service.ts
portal	portal_user_permissions	read	backend/src/modules/portal/portal-permissions.service.ts
portal	portal_user_permissions	write	backend/src/modules/portal/portal-permissions.service.ts
portal	action_plan	read	backend/src/modules/portal/portal.actions.service.ts
portal	kpi_metric_master	read	backend/src/modules/portal/portal.actions.service.ts
portal	action_plan	write	backend/src/modules/portal/portal.actions.service.ts
portal	employees	read	backend/src/modules/portal/portal.attrition.service.ts
portal	exit_records	read	backend/src/modules/portal/portal.attrition.service.ts
portal	portal_otp	read	backend/src/modules/portal/portal.auth.service.ts
portal	client_user	read	backend/src/modules/portal/portal.auth.service.ts
portal	portal_otp	write	backend/src/modules/portal/portal.auth.service.ts
portal	portal_user_sessions	write	backend/src/modules/portal/portal.auth.service.ts
portal	management_commentary	read	backend/src/modules/portal/portal.commentary.service.ts
portal	management_commentary_reply	read	backend/src/modules/portal/portal.commentary.service.ts
portal	management_commentary	write	backend/src/modules/portal/portal.commentary.service.ts
portal	management_commentary_reply	write	backend/src/modules/portal/portal.commentary.service.ts
portal	management_commentary	read	backend/src/modules/portal/portal.controller.ts
portal	client_user	read	backend/src/modules/portal/portal.controller.ts
portal	portal_access_log	write	backend/src/modules/portal/portal.controller.ts
portal	client_user	write	backend/src/modules/portal/portal.controller.ts
portal	process_master	read	backend/src/modules/portal/portal.glide.service.ts
portal	kpi_template	read	backend/src/modules/portal/portal.glide.service.ts
portal	kpi_template_metric	read	backend/src/modules/portal/portal.glide.service.ts
portal	kpi_metric_master	read	backend/src/modules/portal/portal.glide.service.ts
portal	kpi_score	read	backend/src/modules/portal/portal.glide.service.ts
portal	glide_path_commitment	read	backend/src/modules/portal/portal.glide.service.ts
portal	glide_path_commitment	write	backend/src/modules/portal/portal.glide.service.ts
portal	governance_activity_master	read	backend/src/modules/portal/portal.governance.service.ts
portal	governance_checklist_log	read	backend/src/modules/portal/portal.governance.service.ts
portal	governance_checklist_log	write	backend/src/modules/portal/portal.governance.service.ts
portal	process_master	read	backend/src/modules/portal/portal.kpi.service.ts
portal	kpi_template	read	backend/src/modules/portal/portal.kpi.service.ts
portal	kpi_template_metric	read	backend/src/modules/portal/portal.kpi.service.ts
portal	kpi_metric_master	read	backend/src/modules/portal/portal.kpi.service.ts
portal	kpi_score	read	backend/src/modules/portal/portal.kpi.service.ts
portal	joined	read	backend/src/modules/portal/portal.kpi.service.ts
portal	process_master	read	backend/src/modules/portal/portal.overview.service.ts
portal	client_master	read	backend/src/modules/portal/portal.overview.service.ts
portal	kpi_assignment	read	backend/src/modules/portal/portal.overview.service.ts
portal	kpi_template_metric	read	backend/src/modules/portal/portal.overview.service.ts
portal	kpi_metric_master	read	backend/src/modules/portal/portal.overview.service.ts
portal	kpi_score	read	backend/src/modules/portal/portal.overview.service.ts
portal	kpi_template	read	backend/src/modules/portal/portal.routes.ts
portal	kpi_process_assignment	read	backend/src/modules/portal/portal.routes.ts
portal	process_master	read	backend/src/modules/portal/portal.routes.ts
portal	kpi_process_assignment	write	backend/src/modules/portal/portal.routes.ts
portal	relevant	read	backend/src/modules/portal/portal.snapshot.service.ts
portal	employees	read	backend/src/modules/portal/portal.snapshot.service.ts
portal	portal_data_approval_queue	read	backend/src/modules/portal/portal.snapshot.service.ts
portal	portal_published_snapshot	read	backend/src/modules/portal/portal.snapshot.service.ts
portal	portal_access_log	read	backend/src/modules/portal/portal.snapshot.service.ts
portal	client_user	read	backend/src/modules/portal/portal.snapshot.service.ts
portal	portal_data_approval_queue	write	backend/src/modules/portal/portal.snapshot.service.ts
portal	portal_published_snapshot	write	backend/src/modules/portal/portal.snapshot.service.ts
privacy	dpdp_config	read	backend/src/modules/privacy/dpdp-breach-sla.cron.ts
privacy	data_breach_log	read	backend/src/modules/privacy/dpdp-breach-sla.cron.ts
privacy	data_breach_log	write	backend/src/modules/privacy/dpdp-breach-sla.cron.ts
privacy	dpdp_consent_withdrawal	read	backend/src/modules/privacy/dpdp-withdrawal.service.ts
privacy	auth_user	read	backend/src/modules/privacy/dpdp-withdrawal.service.ts
privacy	employees	read	backend/src/modules/privacy/dpdp-withdrawal.service.ts
privacy	dpdp_withdrawal_audit_log	read	backend/src/modules/privacy/dpdp-withdrawal.service.ts
privacy	dpdp_withdrawal_task	read	backend/src/modules/privacy/dpdp-withdrawal.service.ts
privacy	dpdp_withdrawal_evidence	read	backend/src/modules/privacy/dpdp-withdrawal.service.ts
privacy	dpdp_withdrawal_audit_log	write	backend/src/modules/privacy/dpdp-withdrawal.service.ts
privacy	dpdp_consent_withdrawal	write	backend/src/modules/privacy/dpdp-withdrawal.service.ts
privacy	work_item	write	backend/src/modules/privacy/dpdp-withdrawal.service.ts
privacy	dpdp_processing_hold	write	backend/src/modules/privacy/dpdp-withdrawal.service.ts
privacy	dpdp_withdrawal_task	write	backend/src/modules/privacy/dpdp-withdrawal.service.ts
privacy	dpdp_withdrawal_evidence	write	backend/src/modules/privacy/dpdp-withdrawal.service.ts
privacy	employees	read	backend/src/modules/privacy/dpdpAccessExport.service.ts
privacy	payroll_employee_component_snapshot	read	backend/src/modules/privacy/dpdpAccessExport.service.ts
privacy	attendance_daily_record	read	backend/src/modules/privacy/dpdpAccessExport.service.ts
privacy	leave_request	read	backend/src/modules/privacy/dpdpAccessExport.service.ts
privacy	leave_type_master	read	backend/src/modules/privacy/dpdpAccessExport.service.ts
privacy	data_consent	read	backend/src/modules/privacy/dpdpAccessExport.service.ts
privacy	data_rights_request	read	backend/src/modules/privacy/dpdpAccessExport.service.ts
privacy	document_vault_inventory	read	backend/src/modules/privacy/dpdpAccessExport.service.ts
privacy	sensitive_action_log	read	backend/src/modules/privacy/dpdpAccessExport.service.ts
privacy	data_rights_request	read	backend/src/modules/privacy/dpdpErasure.service.ts
privacy	auth_user	read	backend/src/modules/privacy/dpdpErasure.service.ts
privacy	employees	read	backend/src/modules/privacy/dpdpErasure.service.ts
privacy	auth_user	write	backend/src/modules/privacy/dpdpErasure.service.ts
privacy	employees	write	backend/src/modules/privacy/dpdpErasure.service.ts
privacy	employee_emergency_contact	write	backend/src/modules/privacy/dpdpErasure.service.ts
privacy	employee_nominee	write	backend/src/modules/privacy/dpdpErasure.service.ts
privacy	data_rights_request	write	backend/src/modules/privacy/dpdpErasure.service.ts
privacy	route	read	backend/src/modules/privacy/dpdpRestrictionGuard.ts
privacy	employees	read	backend/src/modules/privacy/dpdpRestrictionGuard.ts
privacy	their	read	backend/src/modules/privacy/dpdpRestrictionGuard.ts
privacy	dpdp_consent_withdrawal	read	backend/src/modules/privacy/dpdpRestrictionGuard.ts
privacy	privacy	read	backend/src/modules/privacy/privacy.public.routes.ts
privacy	there	read	backend/src/modules/privacy/privacy.public.routes.ts
privacy	dpdp_config	read	backend/src/modules/privacy/privacy.public.routes.ts
privacy	data_rights_request	read	backend/src/modules/privacy/privacy.routes.ts
privacy	data_breach_log	read	backend/src/modules/privacy/privacy.routes.ts
privacy	consent_text_version	read	backend/src/modules/privacy/privacy.routes.ts
privacy	data_retention_policy	read	backend/src/modules/privacy/privacy.routes.ts
privacy	dpdp_consent_withdrawal	read	backend/src/modules/privacy/privacy.routes.ts
privacy	dpdp_config	read	backend/src/modules/privacy/privacy.routes.ts
privacy	data_breach_log	write	backend/src/modules/privacy/privacy.routes.ts
privacy	status	write	backend/src/modules/privacy/privacy.routes.ts
privacy	consent_text_version	write	backend/src/modules/privacy/privacy.routes.ts
privacy	dpdp_config	write	backend/src/modules/privacy/privacy.routes.ts
privacy	data_consent	read	backend/src/modules/privacy/privacy.service.ts
privacy	consent_text_version	read	backend/src/modules/privacy/privacy.service.ts
privacy	data_rights_request	read	backend/src/modules/privacy/privacy.service.ts
privacy	data_retention_policy	read	backend/src/modules/privacy/privacy.service.ts
privacy	dpdp_config	read	backend/src/modules/privacy/privacy.service.ts
privacy	data_consent	write	backend/src/modules/privacy/privacy.service.ts
privacy	data_rights_request	write	backend/src/modules/privacy/privacy.service.ts
privacy	data_retention_policy	write	backend/src/modules/privacy/privacy.service.ts
privacy	dpdp_config	write	backend/src/modules/privacy/privacy.service.ts
privacy-engine	client	read	backend/src/modules/privacy-engine/privacy.validation.ts
privacy-engine	dpdp_consent_withdrawal	read	backend/src/modules/privacy-engine/privacyAuthorization.service.ts
privacy-engine	employees	read	backend/src/modules/privacy-engine/privacyAuthorization.service.ts
privacy-engine	dpdp_processing_hold	read	backend/src/modules/privacy-engine/privacyHold.service.ts
privacy-engine	dpdp_consent_withdrawal	read	backend/src/modules/privacy-engine/privacyHold.service.ts
privacy-engine	employees	read	backend/src/modules/privacy-engine/privacyHold.service.ts
privacy-engine	dpdp_processing_hold	write	backend/src/modules/privacy-engine/privacyHold.service.ts
process	branch_master	read	backend/src/modules/process/process.repository.mysql.ts
process	employees	read	backend/src/modules/process/process.repository.mysql.ts
process	process_master	read	backend/src/modules/process/process.repository.mysql.ts
process	user_assignment_scope	read	backend/src/modules/process/process.repository.mysql.ts
process	process_master	write	backend/src/modules/process/process.repository.mysql.ts
process	naming	write	backend/src/modules/process/process.repository.mysql.ts
process	failed	write	backend/src/modules/process/process.repository.mysql.ts
process	process_configuration	read	backend/src/modules/process/process.service.ts
process	process_configuration	write	backend/src/modules/process/process.service.ts
process-performance	employees	read	backend/src/modules/process-performance/process-performance.service.ts
process-performance	would	read	backend/src/modules/process-performance/process-performance.service.ts
process-performance	process_master	read	backend/src/modules/process-performance/process-performance.service.ts
process-performance	attendance_daily_record	read	backend/src/modules/process-performance/process-performance.service.ts
process-performance	attendance_reconciliation_issue	read	backend/src/modules/process-performance/process-performance.service.ts
process-performance	pnl_running_salary_snapshot	read	backend/src/modules/process-performance/process-performance.service.ts
process-performance	kpi_daily_actual	read	backend/src/modules/process-performance/process-performance.service.ts
process-performance	db_audit	read	backend/src/modules/process-performance/process-performance.service.ts
process-performance	kpi_metric_master	read	backend/src/modules/process-performance/process-performance.service.ts
process-performance	cost_centre_master	read	backend/src/modules/process-performance/process-performance.service.ts
process-performance	buildScopeWhereClause	read	backend/src/modules/process-performance/process-performance.service.ts
process-pnl	finance_budget_line_snapshot	read	backend/src/modules/process-pnl/annual-budget-summary.service.ts
process-pnl	finance_budget_snapshot	read	backend/src/modules/process-pnl/annual-budget-summary.service.ts
process-pnl	branch_master	read	backend/src/modules/process-pnl/annual-budget-summary.service.ts
process-pnl	grn_request	read	backend/src/modules/process-pnl/annual-budget-summary.service.ts
process-pnl	role_page_access	read	backend/src/modules/process-pnl/billability.routes.ts
process-pnl	employees	read	backend/src/modules/process-pnl/billability.routes.ts
process-pnl	process_master	read	backend/src/modules/process-pnl/billability.routes.ts
process-pnl	designation_master	read	backend/src/modules/process-pnl/billability.routes.ts
process-pnl	process_role_billability	read	backend/src/modules/process-pnl/billability.routes.ts
process-pnl	cost_centre_seat_rate	read	backend/src/modules/process-pnl/billability.routes.ts
process-pnl	cost_centre_master	read	backend/src/modules/process-pnl/billability.routes.ts
process-pnl	employee_cost_centre_allocation	read	backend/src/modules/process-pnl/billability.routes.ts
process-pnl	department_master	read	backend/src/modules/process-pnl/billability.routes.ts
process-pnl	branch_master	read	backend/src/modules/process-pnl/billability.routes.ts
process-pnl	process_role_billability	write	backend/src/modules/process-pnl/billability.routes.ts
process-pnl	cost_centre_seat_rate	write	backend/src/modules/process-pnl/billability.routes.ts
process-pnl	process_role_billability	read	backend/src/modules/process-pnl/billability.service.ts
process-pnl	employee_seat_rate_override	read	backend/src/modules/process-pnl/billability.service.ts
process-pnl	cost_centre_seat_rate	read	backend/src/modules/process-pnl/billability.service.ts
process-pnl	finance_cost_centre_monthly_driver	read	backend/src/modules/process-pnl/billability.service.ts
process-pnl	employee_cost_centre_allocation	read	backend/src/modules/process-pnl/billability.service.ts
process-pnl	cost_centre_master	read	backend/src/modules/process-pnl/billability.service.ts
process-pnl	employee_cost_centre_allocation	write	backend/src/modules/process-pnl/billability.service.ts
process-pnl	pnl_allocation_policy	read	backend/src/modules/process-pnl/bpo-pnl-allocation-overlay.service.ts
process-pnl	vw_process_pnl_grn_allocation	read	backend/src/modules/process-pnl/bpo-pnl-allocation-overlay.service.ts
process-pnl	vendor_payment_tracking	read	backend/src/modules/process-pnl/bpo-pnl-allocation-overlay.service.ts
process-pnl	grn_request	read	backend/src/modules/process-pnl/bpo-pnl-allocation-overlay.service.ts
process-pnl	grn_cost_allocation	read	backend/src/modules/process-pnl/bpo-pnl-allocation-overlay.service.ts
process-pnl	cost_centre_master	read	backend/src/modules/process-pnl/bpo-pnl-allocation-overlay.service.ts
process-pnl	finance_expense_sub_head_master	read	backend/src/modules/process-pnl/bpo-pnl.configuration.service.ts
process-pnl	finance_expense_head_master	read	backend/src/modules/process-pnl/bpo-pnl.configuration.service.ts
process-pnl	process_delivery_actual	read	backend/src/modules/process-pnl/bpo-pnl.configuration.service.ts
process-pnl	process_revenue_component	read	backend/src/modules/process-pnl/bpo-pnl.configuration.service.ts
process-pnl	process_pnl_cost_component	read	backend/src/modules/process-pnl/bpo-pnl.configuration.service.ts
process-pnl	pnl_allocation_policy	read	backend/src/modules/process-pnl/bpo-pnl.configuration.service.ts
process-pnl	pnl_cost_classification_rule	read	backend/src/modules/process-pnl/bpo-pnl.configuration.service.ts
process-pnl	process	read	backend/src/modules/process-pnl/bpo-pnl.configuration.service.ts
process-pnl	finance_expense_sub_head_master	write	backend/src/modules/process-pnl/bpo-pnl.configuration.service.ts
process-pnl	pnl_cost_classification_rule	write	backend/src/modules/process-pnl/bpo-pnl.configuration.service.ts
process-pnl	process_revenue_rule	read	backend/src/modules/process-pnl/bpo-pnl.service.ts
process-pnl	process_delivery_actual	read	backend/src/modules/process-pnl/bpo-pnl.service.ts
process-pnl	process_revenue_component	read	backend/src/modules/process-pnl/bpo-pnl.service.ts
process-pnl	cost_centre_reward_penalty	read	backend/src/modules/process-pnl/bpo-pnl.service.ts
process-pnl	cost_centre_master	read	backend/src/modules/process-pnl/bpo-pnl.service.ts
process-pnl	process_monthly_plan	read	backend/src/modules/process-pnl/bpo-pnl.service.ts
process-pnl	pnl_allocation_policy	read	backend/src/modules/process-pnl/bpo-pnl.service.ts
process-pnl	pnl_cost_classification_rule	read	backend/src/modules/process-pnl/bpo-pnl.service.ts
process-pnl	salary_prep_run	read	backend/src/modules/process-pnl/bpo-pnl.service.ts
process-pnl	designation_master	read	backend/src/modules/process-pnl/bpo-pnl.service.ts
process-pnl	department_master	read	backend/src/modules/process-pnl/bpo-pnl.service.ts
process-pnl	salary_prep_line	read	backend/src/modules/process-pnl/bpo-pnl.service.ts
process-pnl	employees	read	backend/src/modules/process-pnl/bpo-pnl.service.ts
process-pnl	ProcessPnlRecord	read	backend/src/modules/process-pnl/bpo-pnl.service.ts
process-pnl	employee_cost_centre_allocation	read	backend/src/modules/process-pnl/bpo-pnl.service.ts
process-pnl	ACTUAL	read	backend/src/modules/process-pnl/bpo-pnl.service.ts
process-pnl	process_pnl_cost_component	read	backend/src/modules/process-pnl/bpo-pnl.service.ts
process-pnl	finance_budget_header	read	backend/src/modules/process-pnl/bpo-pnl.service.ts
process-pnl	finance_budget_line	read	backend/src/modules/process-pnl/bpo-pnl.service.ts
process-pnl	vendor_payment_tracking	read	backend/src/modules/process-pnl/bpo-pnl.service.ts
process-pnl	grn_request	read	backend/src/modules/process-pnl/bpo-pnl.service.ts
process-pnl	processPnlService	read	backend/src/modules/process-pnl/bpo-pnl.service.ts
process-pnl	getActualPeopleCost	read	backend/src/modules/process-pnl/bpo-pnl.service.ts
process-pnl	getPeopleCosts	read	backend/src/modules/process-pnl/bpo-pnl.service.ts
process-pnl	approved	read	backend/src/modules/process-pnl/bpo-pnl.service.ts
process-pnl	invoices	read	backend/src/modules/process-pnl/bpo-pnl.service.ts
process-pnl	process_revenue_rule	write	backend/src/modules/process-pnl/bpo-pnl.service.ts
process-pnl	process_delivery_actual	write	backend/src/modules/process-pnl/bpo-pnl.service.ts
process-pnl	process_revenue_component	write	backend/src/modules/process-pnl/bpo-pnl.service.ts
process-pnl	process_pnl_cost_component	write	backend/src/modules/process-pnl/bpo-pnl.service.ts
process-pnl	pnl_allocation_policy	write	backend/src/modules/process-pnl/bpo-pnl.service.ts
process-pnl	cost_centre_master	read	backend/src/modules/process-pnl/branch-budget-allocation.service.ts
process-pnl	silently	read	backend/src/modules/process-pnl/branch-budget-allocation.service.ts
process-pnl	employees	read	backend/src/modules/process-pnl/branch-budget-allocation.service.ts
process-pnl	process_master	read	backend/src/modules/process-pnl/branch-budget-allocation.service.ts
process-pnl	finance_cost_centre_monthly_driver	read	backend/src/modules/process-pnl/branch-budget-allocation.service.ts
process-pnl	being	read	backend/src/modules/process-pnl/branch-budget-allocation.service.ts
process-pnl	finance_budget_line_allocation	read	backend/src/modules/process-pnl/branch-budget-allocation.service.ts
process-pnl	anything	read	backend/src/modules/process-pnl/branch-budget-allocation.service.ts
process-pnl	finance_budget_line	read	backend/src/modules/process-pnl/branch-budget-allocation.service.ts
process-pnl	finance_budget_header	read	backend/src/modules/process-pnl/branch-budget-allocation.service.ts
process-pnl	finance_cost_centre_monthly_driver	write	backend/src/modules/process-pnl/branch-budget-allocation.service.ts
process-pnl	finance_budget_line_allocation	write	backend/src/modules/process-pnl/branch-budget-allocation.service.ts
process-pnl	actor	read	backend/src/modules/process-pnl/branch-budget.service.ts
process-pnl	reviewing	read	backend/src/modules/process-pnl/branch-budget.service.ts
process-pnl	cost_centre_master	read	backend/src/modules/process-pnl/branch-budget.service.ts
process-pnl	process_master	read	backend/src/modules/process-pnl/branch-budget.service.ts
process-pnl	vendor_master	read	backend/src/modules/process-pnl/branch-budget.service.ts
process-pnl	branch_master	read	backend/src/modules/process-pnl/branch-budget.service.ts
process-pnl	finance_budget_header	read	backend/src/modules/process-pnl/branch-budget.service.ts
process-pnl	finance_budget_line	read	backend/src/modules/process-pnl/branch-budget.service.ts
process-pnl	means	read	backend/src/modules/process-pnl/branch-budget.service.ts
process-pnl	grn_cost_allocation	read	backend/src/modules/process-pnl/branch-budget.service.ts
process-pnl	vendor_payment_tracking	read	backend/src/modules/process-pnl/branch-budget.service.ts
process-pnl	db_bill	read	backend/src/modules/process-pnl/branch-budget.service.ts
process-pnl	SEPARATE	read	backend/src/modules/process-pnl/branch-budget.service.ts
process-pnl	finance_budget_line_snapshot	read	backend/src/modules/process-pnl/branch-budget.service.ts
process-pnl	finance_budget_snapshot	read	backend/src/modules/process-pnl/branch-budget.service.ts
process-pnl	finance_expense_head_snapshot	read	backend/src/modules/process-pnl/branch-budget.service.ts
process-pnl	REVIEW_STAGES	read	backend/src/modules/process-pnl/branch-budget.service.ts
process-pnl	finance_budget_approval_log	read	backend/src/modules/process-pnl/branch-budget.service.ts
process-pnl	employees	read	backend/src/modules/process-pnl/branch-budget.service.ts
process-pnl	could	read	backend/src/modules/process-pnl/branch-budget.service.ts
process-pnl	finance_budget_line_correction	read	backend/src/modules/process-pnl/branch-budget.service.ts
process-pnl	finance_budget_line_tax_amendment	read	backend/src/modules/process-pnl/branch-budget.service.ts
process-pnl	finance_grn_line_split	read	backend/src/modules/process-pnl/branch-budget.service.ts
process-pnl	finance_grn_header	read	backend/src/modules/process-pnl/branch-budget.service.ts
process-pnl	finance_budget_line_allocation	read	backend/src/modules/process-pnl/branch-budget.service.ts
process-pnl	match	read	backend/src/modules/process-pnl/branch-budget.service.ts
process-pnl	finance_budget_transfer	read	backend/src/modules/process-pnl/branch-budget.service.ts
process-pnl	lineId	read	backend/src/modules/process-pnl/branch-budget.service.ts
process-pnl	grn_request	read	backend/src/modules/process-pnl/branch-budget.service.ts
process-pnl	finance_budget_approval_log	write	backend/src/modules/process-pnl/branch-budget.service.ts
process-pnl	finance_budget_line	write	backend/src/modules/process-pnl/branch-budget.service.ts
process-pnl	finance_budget_header	write	backend/src/modules/process-pnl/branch-budget.service.ts
process-pnl	finance_budget_line_correction	write	backend/src/modules/process-pnl/branch-budget.service.ts
process-pnl	finance_budget_line_tax_amendment	write	backend/src/modules/process-pnl/branch-budget.service.ts
process-pnl	finance_budget_transfer	write	backend/src/modules/process-pnl/branch-budget.service.ts
process-pnl	reviewing	read	backend/src/modules/process-pnl/budget-closure.service.ts
process-pnl	finance_budget_header	read	backend/src/modules/process-pnl/budget-closure.service.ts
process-pnl	finance_budget_closure_reopen_request	read	backend/src/modules/process-pnl/budget-closure.service.ts
process-pnl	finance_budget_line	read	backend/src/modules/process-pnl/budget-closure.service.ts
process-pnl	finance_budget_subhead_closure	read	backend/src/modules/process-pnl/budget-closure.service.ts
process-pnl	employees	read	backend/src/modules/process-pnl/budget-closure.service.ts
process-pnl	auth_user	read	backend/src/modules/process-pnl/budget-closure.service.ts
process-pnl	user_roles	read	backend/src/modules/process-pnl/budget-closure.service.ts
process-pnl	finance_budget_subhead_closure	write	backend/src/modules/process-pnl/budget-closure.service.ts
process-pnl	finance_budget_closure_reopen_request	write	backend/src/modules/process-pnl/budget-closure.service.ts
process-pnl	finance_budget_line	read	backend/src/modules/process-pnl/budget-consumption.service.ts
process-pnl	finance_budget_header	read	backend/src/modules/process-pnl/budget-consumption.service.ts
process-pnl	reserved	read	backend/src/modules/process-pnl/budget-consumption.service.ts
process-pnl	finance_budget_line	write	backend/src/modules/process-pnl/budget-consumption.service.ts
process-pnl	grn_cost_allocation	read	backend/src/modules/process-pnl/budget-cost-centre-utilization.service.ts
process-pnl	cost_centre_id	read	backend/src/modules/process-pnl/budget-cost-centre-utilization.service.ts
process-pnl	finance_budget_header	read	backend/src/modules/process-pnl/budget-cost-centre-utilization.service.ts
process-pnl	finance_budget_line	read	backend/src/modules/process-pnl/budget-cost-centre-utilization.service.ts
process-pnl	finance_budget_line_allocation	read	backend/src/modules/process-pnl/budget-cost-centre-utilization.service.ts
process-pnl	cost_centre_master	read	backend/src/modules/process-pnl/budget-cost-centre-utilization.service.ts
process-pnl	spendRows	read	backend/src/modules/process-pnl/budget-cost-centre-utilization.service.ts
process-pnl	finance_budget_header	read	backend/src/modules/process-pnl/budget-coverage.service.ts
process-pnl	finance_expense_head_master	read	backend/src/modules/process-pnl/budget-coverage.service.ts
process-pnl	finance_expense_sub_head_master	read	backend/src/modules/process-pnl/budget-coverage.service.ts
process-pnl	finance_budget_subhead_status	read	backend/src/modules/process-pnl/budget-coverage.service.ts
process-pnl	employees	read	backend/src/modules/process-pnl/budget-coverage.service.ts
process-pnl	finance_budget_line	read	backend/src/modules/process-pnl/budget-coverage.service.ts
process-pnl	finance_budget_subhead_status	write	backend/src/modules/process-pnl/budget-coverage.service.ts
process-pnl	finance_budget_header	write	backend/src/modules/process-pnl/budget-coverage.service.ts
process-pnl	finance_budget_line_correction	write	backend/src/modules/process-pnl/budget-coverage.service.ts
process-pnl	finance_budget_approval_log	write	backend/src/modules/process-pnl/budget-coverage.service.ts
process-pnl	finance_budget_header	read	backend/src/modules/process-pnl/budget-headroom-gate.service.ts
process-pnl	clause	read	backend/src/modules/process-pnl/budget-headroom-gate.service.ts
process-pnl	finance_budget_line	read	backend/src/modules/process-pnl/budget-headroom-gate.service.ts
process-pnl	finance_expense_head_master	read	backend/src/modules/process-pnl/budget-headroom-gate.service.ts
process-pnl	componentAmount	read	backend/src/modules/process-pnl/budget-headroom-gate.service.ts
process-pnl	finance_budget_header	read	backend/src/modules/process-pnl/budget-readiness.service.ts
process-pnl	finance_budget_line	read	backend/src/modules/process-pnl/budget-readiness.service.ts
process-pnl	finance_budget_line_allocation	read	backend/src/modules/process-pnl/budget-readiness.service.ts
process-pnl	quantity	read	backend/src/modules/process-pnl/budget-topup.service.ts
process-pnl	every	read	backend/src/modules/process-pnl/budget-topup.service.ts
process-pnl	finance_budget_line	read	backend/src/modules/process-pnl/budget-topup.service.ts
process-pnl	finance_budget_line_allocation	read	backend/src/modules/process-pnl/budget-topup.service.ts
process-pnl	whatever	read	backend/src/modules/process-pnl/budget-topup.service.ts
process-pnl	being	read	backend/src/modules/process-pnl/budget-topup.service.ts
process-pnl	review	read	backend/src/modules/process-pnl/budget-topup.service.ts
process-pnl	cost_centre_master	read	backend/src/modules/process-pnl/budget-topup.service.ts
process-pnl	finance_budget_header	read	backend/src/modules/process-pnl/budget-topup.service.ts
process-pnl	finance_budget_topup_request	read	backend/src/modules/process-pnl/budget-topup.service.ts
process-pnl	branch_master	read	backend/src/modules/process-pnl/budget-topup.service.ts
process-pnl	status	read	backend/src/modules/process-pnl/budget-topup.service.ts
process-pnl	would	read	backend/src/modules/process-pnl/budget-topup.service.ts
process-pnl	shape	read	backend/src/modules/process-pnl/budget-topup.service.ts
process-pnl	employees	read	backend/src/modules/process-pnl/budget-topup.service.ts
process-pnl	finance_budget_topup_request_split	read	backend/src/modules/process-pnl/budget-topup.service.ts
process-pnl	finance_budget_header	write	backend/src/modules/process-pnl/budget-topup.service.ts
process-pnl	finance_budget_line_allocation	write	backend/src/modules/process-pnl/budget-topup.service.ts
process-pnl	finance_budget_line	write	backend/src/modules/process-pnl/budget-topup.service.ts
process-pnl	finance_budget_topup_request	write	backend/src/modules/process-pnl/budget-topup.service.ts
process-pnl	finance_budget_topup_request_split	write	backend/src/modules/process-pnl/budget-topup.service.ts
process-pnl	process_revenue_daily	read	backend/src/modules/process-pnl/canonical-pnl.service.ts
process-pnl	process_lob_master	read	backend/src/modules/process-pnl/canonical-pnl.service.ts
process-pnl	pnl_period_snapshot	read	backend/src/modules/process-pnl/canonical-pnl.service.ts
process-pnl	pnl_period_snapshot_row	read	backend/src/modules/process-pnl/canonical-pnl.service.ts
process-pnl	finance_period	read	backend/src/modules/process-pnl/canonical-pnl.service.ts
process-pnl	pnl_period_signoff	read	backend/src/modules/process-pnl/canonical-pnl.service.ts
process-pnl	pnl_adjustment_journal	read	backend/src/modules/process-pnl/canonical-pnl.service.ts
process-pnl	pnl_period_snapshot	write	backend/src/modules/process-pnl/canonical-pnl.service.ts
process-pnl	pnl_period_snapshot_row	write	backend/src/modules/process-pnl/canonical-pnl.service.ts
process-pnl	finance_period	write	backend/src/modules/process-pnl/canonical-pnl.service.ts
process-pnl	branches	read	backend/src/modules/process-pnl/ceo-overview.service.ts
process-pnl	employees	read	backend/src/modules/process-pnl/ceo-overview.service.ts
process-pnl	billing_invoice_particular_snapshot	read	backend/src/modules/process-pnl/ceo-overview.service.ts
process-pnl	cost_centre_master	read	backend/src/modules/process-pnl/ceo-overview.service.ts
process-pnl	billing_provision_snapshot	read	backend/src/modules/process-pnl/ceo-overview.service.ts
process-pnl	invoice_actual	read	backend/src/modules/process-pnl/ceo-overview.service.ts
process-pnl	provision_actual	read	backend/src/modules/process-pnl/ceo-overview.service.ts
process-pnl	billing_credit_note_snapshot	read	backend/src/modules/process-pnl/ceo-overview.service.ts
process-pnl	salary_prep_line	read	backend/src/modules/process-pnl/ceo-overview.service.ts
process-pnl	salary_prep_run	read	backend/src/modules/process-pnl/ceo-overview.service.ts
process-pnl	grn_cost_allocation	read	backend/src/modules/process-pnl/ceo-overview.service.ts
process-pnl	grn_request	read	backend/src/modules/process-pnl/ceo-overview.service.ts
process-pnl	grn_entry_line_snapshot	read	backend/src/modules/process-pnl/ceo-overview.service.ts
process-pnl	grn_entry_snapshot	read	backend/src/modules/process-pnl/ceo-overview.service.ts
process-pnl	finance_budget_line_snapshot	read	backend/src/modules/process-pnl/ceo-overview.service.ts
process-pnl	finance_budget_snapshot	read	backend/src/modules/process-pnl/ceo-overview.service.ts
process-pnl	branch_master	read	backend/src/modules/process-pnl/ceo-overview.service.ts
process-pnl	invoices	read	backend/src/modules/process-pnl/ceo-overview.service.ts
process-pnl	every	read	backend/src/modules/process-pnl/ceo-overview.service.ts
process-pnl	process_master	read	backend/src/modules/process-pnl/ceo-overview.service.ts
process-pnl	spendByBranch	read	backend/src/modules/process-pnl/ceo-overview.service.ts
process-pnl	allRows	read	backend/src/modules/process-pnl/ceo-overview.service.ts
process-pnl	cost_centre_master	read	backend/src/modules/process-pnl/cost-centre-activity.service.ts
process-pnl	salary_prep_line	read	backend/src/modules/process-pnl/cost-centre-activity.service.ts
process-pnl	salary_prep_run	read	backend/src/modules/process-pnl/cost-centre-activity.service.ts
process-pnl	employees	read	backend/src/modules/process-pnl/cost-centre-activity.service.ts
process-pnl	billing_invoice_particular_snapshot	read	backend/src/modules/process-pnl/cost-centre-activity.service.ts
process-pnl	grn_entry_line_snapshot	read	backend/src/modules/process-pnl/cost-centre-activity.service.ts
process-pnl	grn_entry_snapshot	read	backend/src/modules/process-pnl/cost-centre-activity.service.ts
process-pnl	employee_job_history	read	backend/src/modules/process-pnl/cost-centre-history.service.ts
process-pnl	employees	read	backend/src/modules/process-pnl/cost-centre-history.service.ts
process-pnl	finance_cost_centre_mapping_history	read	backend/src/modules/process-pnl/cost-centre-mapping.service.ts
process-pnl	cost_centre_master	read	backend/src/modules/process-pnl/cost-centre-mapping.service.ts
process-pnl	finance_cost_centre_mapping_history	write	backend/src/modules/process-pnl/cost-centre-mapping.service.ts
process-pnl	below	write	backend/src/modules/process-pnl/cost-centre-mapping.service.ts
process-pnl	cost_centre_master	write	backend/src/modules/process-pnl/cost-centre-mapping.service.ts
process-pnl	finance_expense_head_master	read	backend/src/modules/process-pnl/finance-expense-master.service.ts
process-pnl	finance_expense_sub_head_master	read	backend/src/modules/process-pnl/finance-expense-master.service.ts
process-pnl	every	read	backend/src/modules/process-pnl/finance-expense-master.service.ts
process-pnl	finance_expense_head_master	write	backend/src/modules/process-pnl/finance-expense-master.service.ts
process-pnl	finance_expense_sub_head_master	write	backend/src/modules/process-pnl/finance-expense-master.service.ts
process-pnl	finance_period	read	backend/src/modules/process-pnl/finance-period-lock.ts
process-pnl	grade_band_master	read	backend/src/modules/process-pnl/grade-engine.service.ts
process-pnl	finance_cost_centre_grade_driver	read	backend/src/modules/process-pnl/grade-engine.service.ts
process-pnl	finance_cost_centre_grade_driver	write	backend/src/modules/process-pnl/grade-engine.service.ts
process-pnl	opening	read	backend/src/modules/process-pnl/meter.service.ts
process-pnl	finance_meter_master	read	backend/src/modules/process-pnl/meter.service.ts
process-pnl	cost_centre_master	read	backend/src/modules/process-pnl/meter.service.ts
process-pnl	finance_meter_reading	read	backend/src/modules/process-pnl/meter.service.ts
process-pnl	finance_meter_cost_centre_share	read	backend/src/modules/process-pnl/meter.service.ts
process-pnl	finance_cost_centre_monthly_driver	read	backend/src/modules/process-pnl/meter.service.ts
process-pnl	finance_meter_master	write	backend/src/modules/process-pnl/meter.service.ts
process-pnl	failed	write	backend/src/modules/process-pnl/meter.service.ts
process-pnl	finance_meter_reading	write	backend/src/modules/process-pnl/meter.service.ts
process-pnl	finance_meter_reconciliation	write	backend/src/modules/process-pnl/meter.service.ts
process-pnl	employees	read	backend/src/modules/process-pnl/pnl-actuals.service.ts
process-pnl	MINUS	read	backend/src/modules/process-pnl/pnl-actuals.service.ts
process-pnl	grn_cost_allocation	read	backend/src/modules/process-pnl/pnl-actuals.service.ts
process-pnl	grn_request	read	backend/src/modules/process-pnl/pnl-actuals.service.ts
process-pnl	cost_centre_master	read	backend/src/modules/process-pnl/pnl-actuals.service.ts
process-pnl	db_bill	read	backend/src/modules/process-pnl/pnl-actuals.service.ts
process-pnl	amount_without_tax	read	backend/src/modules/process-pnl/pnl-actuals.service.ts
process-pnl	grn_entry_line_snapshot	read	backend/src/modules/process-pnl/pnl-actuals.service.ts
process-pnl	grn_entry_snapshot	read	backend/src/modules/process-pnl/pnl-actuals.service.ts
process-pnl	finance_cost_centre_monthly_driver	read	backend/src/modules/process-pnl/pnl-actuals.service.ts
process-pnl	getDriverRevenueActuals	read	backend/src/modules/process-pnl/pnl-actuals.service.ts
process-pnl	April	read	backend/src/modules/process-pnl/pnl-actuals.service.ts
process-pnl	billing_invoice_particular_snapshot	read	backend/src/modules/process-pnl/pnl-actuals.service.ts
process-pnl	billing_provision_snapshot	read	backend/src/modules/process-pnl/pnl-actuals.service.ts
process-pnl	invoice_actual	read	backend/src/modules/process-pnl/pnl-actuals.service.ts
process-pnl	provision_actual	read	backend/src/modules/process-pnl/pnl-actuals.service.ts
process-pnl	invoice_by_cc	read	backend/src/modules/process-pnl/pnl-actuals.service.ts
process-pnl	billing_credit_note_snapshot	read	backend/src/modules/process-pnl/pnl-actuals.service.ts
process-pnl	cost_centre_seat_rate	read	backend/src/modules/process-pnl/pnl-actuals.service.ts
process-pnl	process_role_billability	read	backend/src/modules/process-pnl/pnl-actuals.service.ts
process-pnl	employee_seat_rate_override	read	backend/src/modules/process-pnl/pnl-actuals.service.ts
process-pnl	salary_prep_line	read	backend/src/modules/process-pnl/pnl-actuals.service.ts
process-pnl	salary_prep_run	read	backend/src/modules/process-pnl/pnl-actuals.service.ts
process-pnl	pnl_running_salary_snapshot	read	backend/src/modules/process-pnl/pnl-actuals.service.ts
process-pnl	revenue	read	backend/src/modules/process-pnl/pnl-actuals.service.ts
process-pnl	cost_centre_reward_penalty	read	backend/src/modules/process-pnl/pnl-actuals.service.ts
process-pnl	through	read	backend/src/modules/process-pnl/pnl-drilldown.service.ts
process-pnl	employees	read	backend/src/modules/process-pnl/pnl-drilldown.service.ts
process-pnl	needed	read	backend/src/modules/process-pnl/pnl-drilldown.service.ts
process-pnl	billing_invoice_particular_snapshot	read	backend/src/modules/process-pnl/pnl-drilldown.service.ts
process-pnl	cost_centre_master	read	backend/src/modules/process-pnl/pnl-drilldown.service.ts
process-pnl	billing_credit_note_snapshot	read	backend/src/modules/process-pnl/pnl-drilldown.service.ts
process-pnl	billing_provision_snapshot	read	backend/src/modules/process-pnl/pnl-drilldown.service.ts
process-pnl	salary_prep_line	read	backend/src/modules/process-pnl/pnl-drilldown.service.ts
process-pnl	salary_prep_run	read	backend/src/modules/process-pnl/pnl-drilldown.service.ts
process-pnl	grn_entry_line_snapshot	read	backend/src/modules/process-pnl/pnl-drilldown.service.ts
process-pnl	grn_entry_snapshot	read	backend/src/modules/process-pnl/pnl-drilldown.service.ts
process-pnl	finance_budget_line_snapshot	read	backend/src/modules/process-pnl/pnl-drilldown.service.ts
process-pnl	finance_budget_snapshot	read	backend/src/modules/process-pnl/pnl-drilldown.service.ts
process-pnl	branch_master	read	backend/src/modules/process-pnl/pnl-drilldown.service.ts
process-pnl	cost_centre_master	read	backend/src/modules/process-pnl/pnl-reconciliation.service.ts
process-pnl	branch_master	read	backend/src/modules/process-pnl/pnl-reconciliation.service.ts
process-pnl	billing_invoice_particular_snapshot	read	backend/src/modules/process-pnl/pnl-reconciliation.service.ts
process-pnl	billing_provision_snapshot	read	backend/src/modules/process-pnl/pnl-reconciliation.service.ts
process-pnl	invoice_actual	read	backend/src/modules/process-pnl/pnl-reconciliation.service.ts
process-pnl	provision_actual	read	backend/src/modules/process-pnl/pnl-reconciliation.service.ts
process-pnl	billing_credit_note_snapshot	read	backend/src/modules/process-pnl/pnl-reconciliation.service.ts
process-pnl	grn_cost_allocation	read	backend/src/modules/process-pnl/pnl-reconciliation.service.ts
process-pnl	grn_request	read	backend/src/modules/process-pnl/pnl-reconciliation.service.ts
process-pnl	grn_entry_line_snapshot	read	backend/src/modules/process-pnl/pnl-reconciliation.service.ts
process-pnl	grn_entry_snapshot	read	backend/src/modules/process-pnl/pnl-reconciliation.service.ts
process-pnl	finance_budget_line	read	backend/src/modules/process-pnl/pnl-reconciliation.service.ts
process-pnl	finance_budget_header	read	backend/src/modules/process-pnl/pnl-reconciliation.service.ts
process-pnl	finance_budget_line_allocation	read	backend/src/modules/process-pnl/pnl-reconciliation.service.ts
process-pnl	salary_prep_line	read	backend/src/modules/process-pnl/pnl-reconciliation.service.ts
process-pnl	salary_prep_run	read	backend/src/modules/process-pnl/pnl-reconciliation.service.ts
process-pnl	employees	read	backend/src/modules/process-pnl/pnl-reconciliation.service.ts
process-pnl	pnl_running_salary_snapshot	read	backend/src/modules/process-pnl/pnl-reconciliation.service.ts
process-pnl	pnl_cost_classification_rule	read	backend/src/modules/process-pnl/pnl-running-salary.service.ts
process-pnl	employees	read	backend/src/modules/process-pnl/pnl-running-salary.service.ts
process-pnl	department_master	read	backend/src/modules/process-pnl/pnl-running-salary.service.ts
process-pnl	designation_master	read	backend/src/modules/process-pnl/pnl-running-salary.service.ts
process-pnl	salary_prep_line	read	backend/src/modules/process-pnl/pnl-running-salary.service.ts
process-pnl	salary_prep_run	read	backend/src/modules/process-pnl/pnl-running-salary.service.ts
process-pnl	pnl_running_salary_snapshot	read	backend/src/modules/process-pnl/pnl-running-salary.service.ts
process-pnl	pnl_running_salary_snapshot	write	backend/src/modules/process-pnl/pnl-running-salary.service.ts
process-pnl	finance_pnl_component_master	read	backend/src/modules/process-pnl/pnl-statement.service.ts
process-pnl	April	read	backend/src/modules/process-pnl/pnl-statement.service.ts
process-pnl	process_lob_master	read	backend/src/modules/process-pnl/process-lob-commercial.service.ts
process-pnl	process_master	read	backend/src/modules/process-pnl/process-lob-commercial.service.ts
process-pnl	client_master	read	backend/src/modules/process-pnl/process-lob-commercial.service.ts
process-pnl	branch_master	read	backend/src/modules/process-pnl/process-lob-commercial.service.ts
process-pnl	process_revenue_rule	read	backend/src/modules/process-pnl/process-lob-commercial.service.ts
process-pnl	process_delivery_actual	read	backend/src/modules/process-pnl/process-lob-commercial.service.ts
process-pnl	process_revenue_rule	write	backend/src/modules/process-pnl/process-lob-commercial.service.ts
process-pnl	process_delivery_actual	write	backend/src/modules/process-pnl/process-lob-commercial.service.ts
process-pnl	process_lob_master	read	backend/src/modules/process-pnl/process-lob.service.ts
process-pnl	process_master	read	backend/src/modules/process-pnl/process-lob.service.ts
process-pnl	client_master	read	backend/src/modules/process-pnl/process-lob.service.ts
process-pnl	branch_master	read	backend/src/modules/process-pnl/process-lob.service.ts
process-pnl	cost_centre_master	read	backend/src/modules/process-pnl/process-lob.service.ts
process-pnl	process_lob_monthly_plan	read	backend/src/modules/process-pnl/process-lob.service.ts
process-pnl	process_revenue_rule	read	backend/src/modules/process-pnl/process-lob.service.ts
process-pnl	process_delivery_actual	read	backend/src/modules/process-pnl/process-lob.service.ts
process-pnl	process_revenue_component	read	backend/src/modules/process-pnl/process-lob.service.ts
process-pnl	salary_prep_run	read	backend/src/modules/process-pnl/process-lob.service.ts
process-pnl	salary_prep_line	read	backend/src/modules/process-pnl/process-lob.service.ts
process-pnl	employee_lob_assignment	read	backend/src/modules/process-pnl/process-lob.service.ts
process-pnl	vw_process_lob_grn_allocation	read	backend/src/modules/process-pnl/process-lob.service.ts
process-pnl	process_pnl_cost_component	read	backend/src/modules/process-pnl/process-lob.service.ts
process-pnl	employees	read	backend/src/modules/process-pnl/process-lob.service.ts
process-pnl	process_lob_master	write	backend/src/modules/process-pnl/process-lob.service.ts
process-pnl	process_lob_monthly_plan	write	backend/src/modules/process-pnl/process-lob.service.ts
process-pnl	employee_lob_assignment	write	backend/src/modules/process-pnl/process-lob.service.ts
process-pnl	finance_period	read	backend/src/modules/process-pnl/process-pnl.governance.service.ts
process-pnl	pnl_period_signoff	read	backend/src/modules/process-pnl/process-pnl.governance.service.ts
process-pnl	process_master	read	backend/src/modules/process-pnl/process-pnl.governance.service.ts
process-pnl	client_master	read	backend/src/modules/process-pnl/process-pnl.governance.service.ts
process-pnl	branch_master	read	backend/src/modules/process-pnl/process-pnl.governance.service.ts
process-pnl	client_contract_master	read	backend/src/modules/process-pnl/process-pnl.governance.service.ts
process-pnl	process_billing_rate	read	backend/src/modules/process-pnl/process-pnl.governance.service.ts
process-pnl	process_monthly_plan	read	backend/src/modules/process-pnl/process-pnl.governance.service.ts
process-pnl	pnl_adjustment_journal	read	backend/src/modules/process-pnl/process-pnl.governance.service.ts
process-pnl	finance_period	write	backend/src/modules/process-pnl/process-pnl.governance.service.ts
process-pnl	client_contract_master	write	backend/src/modules/process-pnl/process-pnl.governance.service.ts
process-pnl	process_billing_rate	write	backend/src/modules/process-pnl/process-pnl.governance.service.ts
process-pnl	process_monthly_plan	write	backend/src/modules/process-pnl/process-pnl.governance.service.ts
process-pnl	pnl_adjustment_journal	write	backend/src/modules/process-pnl/process-pnl.governance.service.ts
process-pnl	pnl_period_signoff	write	backend/src/modules/process-pnl/process-pnl.governance.service.ts
process-pnl	finance_budget_header	read	backend/src/modules/process-pnl/process-pnl.routes.ts
process-pnl	three	read	backend/src/modules/process-pnl/process-pnl.routes.ts
process-pnl	router	read	backend/src/modules/process-pnl/process-pnl.routes.ts
process-pnl	process_master	read	backend/src/modules/process-pnl/process-pnl.service.ts
process-pnl	client_master	read	backend/src/modules/process-pnl/process-pnl.service.ts
process-pnl	branch_master	read	backend/src/modules/process-pnl/process-pnl.service.ts
process-pnl	process_billing_rate	read	backend/src/modules/process-pnl/process-pnl.service.ts
process-pnl	client_contract_master	read	backend/src/modules/process-pnl/process-pnl.service.ts
process-pnl	billing_unit	read	backend/src/modules/process-pnl/process-pnl.service.ts
process-pnl	process_monthly_plan	read	backend/src/modules/process-pnl/process-pnl.service.ts
process-pnl	workforce_mandate	read	backend/src/modules/process-pnl/process-pnl.service.ts
process-pnl	employees	read	backend/src/modules/process-pnl/process-pnl.service.ts
process-pnl	process_revenue_daily	read	backend/src/modules/process-pnl/process-pnl.service.ts
process-pnl	billing_invoice_particular_snapshot	read	backend/src/modules/process-pnl/process-pnl.service.ts
process-pnl	cost_centre_master	read	backend/src/modules/process-pnl/process-pnl.service.ts
process-pnl	salary_prep_run	read	backend/src/modules/process-pnl/process-pnl.service.ts
process-pnl	salary_prep_line	read	backend/src/modules/process-pnl/process-pnl.service.ts
process-pnl	employee_salary_assignment	read	backend/src/modules/process-pnl/process-pnl.service.ts
process-pnl	expense_claims	read	backend/src/modules/process-pnl/process-pnl.service.ts
process-pnl	expense_items	read	backend/src/modules/process-pnl/process-pnl.service.ts
process-pnl	vendor_payment_tracking	read	backend/src/modules/process-pnl/process-pnl.service.ts
process-pnl	grn_request	read	backend/src/modules/process-pnl/process-pnl.service.ts
process-pnl	pnl_adjustment_journal	read	backend/src/modules/process-pnl/process-pnl.service.ts
process-pnl	designation_master	read	backend/src/modules/process-pnl/process-pnl.service.ts
process-pnl	expense_categories	read	backend/src/modules/process-pnl/process-pnl.service.ts
process-pnl	cost_centre_reward_penalty	read	backend/src/modules/process-pnl/reward-penalty.service.ts
process-pnl	cost_centre_master	read	backend/src/modules/process-pnl/reward-penalty.service.ts
process-pnl	employees	read	backend/src/modules/process-pnl/reward-penalty.service.ts
process-pnl	cost_centre_reward_penalty	write	backend/src/modules/process-pnl/reward-penalty.service.ts
process-pnl	finance_saved_view	read	backend/src/modules/process-pnl/saved-view.service.ts
process-pnl	finance_saved_view	write	backend/src/modules/process-pnl/saved-view.service.ts
process-pnl	grn_cost_allocation	read	backend/src/modules/process-pnl/unlinked-grn-review.service.ts
process-pnl	grn_request	read	backend/src/modules/process-pnl/unlinked-grn-review.service.ts
process-pnl	branch_master	read	backend/src/modules/process-pnl/unlinked-grn-review.service.ts
process-pnl	cost_centre_master	read	backend/src/modules/process-pnl/unlinked-grn-review.service.ts
process-pnl	finance_budget_header	read	backend/src/modules/process-pnl/unlinked-grn-review.service.ts
process-pnl	finance_budget_line	read	backend/src/modules/process-pnl/unlinked-grn-review.service.ts
process-pnl	vendor_payment_tracking	read	backend/src/modules/process-pnl/vendor-payment-lob-attribution.service.ts
process-pnl	vw_vendor_payment_lob_allocation	read	backend/src/modules/process-pnl/vendor-payment-lob-attribution.service.ts
public	cost_centre_master	read	backend/src/modules/public/kpi-capture.routes.ts
public	employees	read	backend/src/modules/public/kpi-capture.routes.ts
public	process_master	read	backend/src/modules/public/kpi-capture.routes.ts
public	designation_master	read	backend/src/modules/public/kpi-capture.routes.ts
public	kpi_metric_master	read	backend/src/modules/public/kpi-capture.routes.ts
public	kpi_capture_access_token	read	backend/src/modules/public/kpi-capture.routes.ts
public	kpi_capture_submission	read	backend/src/modules/public/kpi-capture.routes.ts
public	kpi_capture_submission	write	backend/src/modules/public/kpi-capture.routes.ts
public	kpi_capture_access_token	write	backend/src/modules/public/kpi-capture.routes.ts
public	employees	read	backend/src/modules/public/login-info.routes.ts
public	branch_master	read	backend/src/modules/public/login-info.routes.ts
public	login_announcement	read	backend/src/modules/public/login-info.routes.ts
push	push_subscriptions	read	backend/src/modules/push/push.routes.ts
push	push_subscriptions	write	backend/src/modules/push/push.routes.ts
quality-dashboard	db_audit	read	backend/src/modules/quality-dashboard/client-drill.service.ts
quality-dashboard	mas_hrms	read	backend/src/modules/quality-dashboard/client-drill.service.ts
quality-dashboard	employees	read	backend/src/modules/quality-dashboard/coaching-writer.service.ts
quality-dashboard	coaching_session	read	backend/src/modules/quality-dashboard/coaching-writer.service.ts
quality-dashboard	coaching_session	write	backend/src/modules/quality-dashboard/coaching-writer.service.ts
quality-dashboard	training_need	write	backend/src/modules/quality-dashboard/coaching-writer.service.ts
quality-dashboard	dialer_db	read	backend/src/modules/quality-dashboard/inbound-ops.service.ts
quality-dashboard	db_audit	read	backend/src/modules/quality-dashboard/inbound-quality.service.ts
quality-dashboard	Shivamgiri	read	backend/src/modules/quality-dashboard/inbound-quality.service.ts
quality-dashboard	db_audit	write	backend/src/modules/quality-dashboard/inbound-quality.service.ts
quality-dashboard	db_external	read	backend/src/modules/quality-dashboard/magical-script.service.ts
quality-dashboard	tbl_obj	read	backend/src/modules/quality-dashboard/magical-script.service.ts
quality-dashboard	db_external	read	backend/src/modules/quality-dashboard/objection-analysis.service.ts
quality-dashboard	mas_hrms	read	backend/src/modules/quality-dashboard/objection-analysis.service.ts
quality-dashboard	above	read	backend/src/modules/quality-dashboard/objection-analysis.service.ts
quality-dashboard	persistence	read	backend/src/modules/quality-dashboard/qa-audit-scoring.ts
quality-dashboard	stored	read	backend/src/modules/quality-dashboard/qa-audit-scoring.ts
quality-dashboard	employees	read	backend/src/modules/quality-dashboard/qa-audit.routes.ts
quality-dashboard	qa_audit_form	read	backend/src/modules/quality-dashboard/qa-audit.routes.ts
quality-dashboard	qa_audit_form_parameter	read	backend/src/modules/quality-dashboard/qa-audit.routes.ts
quality-dashboard	qa_audit_form	read	backend/src/modules/quality-dashboard/qa-audit.service.ts
quality-dashboard	qa_audit_form_parameter	read	backend/src/modules/quality-dashboard/qa-audit.service.ts
quality-dashboard	qa_audit	read	backend/src/modules/quality-dashboard/qa-audit.service.ts
quality-dashboard	qa_audit	write	backend/src/modules/quality-dashboard/qa-audit.service.ts
quality-dashboard	qa_audit_parameter_score	write	backend/src/modules/quality-dashboard/qa-audit.service.ts
quality-dashboard	qa_audit_form	read	backend/src/modules/quality-dashboard/qa-form.service.ts
quality-dashboard	qa_audit_form_parameter	read	backend/src/modules/quality-dashboard/qa-form.service.ts
quality-dashboard	qa_audit	read	backend/src/modules/quality-dashboard/qa-form.service.ts
quality-dashboard	qa_audit_form	write	backend/src/modules/quality-dashboard/qa-form.service.ts
quality-dashboard	qa_audit_form_parameter	write	backend/src/modules/quality-dashboard/qa-form.service.ts
quality-dashboard	db_audit	read	backend/src/modules/quality-dashboard/quality-aggregation.routes.ts
quality-dashboard	roster	read	backend/src/modules/quality-dashboard/quality-dashboard-v2.service.ts
quality-dashboard	db_audit	read	backend/src/modules/quality-dashboard/quality-dashboard-v2.service.ts
quality-dashboard	employees	read	backend/src/modules/quality-dashboard/quality-dashboard-v2.service.ts
quality-dashboard	branch_master	read	backend/src/modules/quality-dashboard/quality-dashboard-v2.service.ts
quality-dashboard	process_master	read	backend/src/modules/quality-dashboard/quality-dashboard-v2.service.ts
quality-dashboard	QUALITY_DASHBOARD	read	backend/src/modules/quality-dashboard/quality-dashboard.routes.ts
quality-dashboard	process_id	read	backend/src/modules/quality-dashboard/quality-dashboard.routes.ts
quality-dashboard	user_assignment_scope	read	backend/src/modules/quality-dashboard/quality-dashboard.routes.ts
quality-dashboard	process_master	read	backend/src/modules/quality-dashboard/quality-dashboard.routes.ts
quality-dashboard	employees	read	backend/src/modules/quality-dashboard/quality-dashboard.routes.ts
quality-dashboard	db_audit	read	backend/src/modules/quality-dashboard/quality-dashboard.routes.ts
quality-dashboard	mas_hrms	read	backend/src/modules/quality-dashboard/quality-dashboard.routes.ts
quality-dashboard	either	read	backend/src/modules/quality-dashboard/quality-dashboard.routes.ts
quality-dashboard	whoever	read	backend/src/modules/quality-dashboard/quality-dashboard.routes.ts
quality-dashboard	Shivamgiri	read	backend/src/modules/quality-dashboard/quality-dashboard.routes.ts
quality-dashboard	db_external	read	backend/src/modules/quality-dashboard/quality-dashboard.routes.ts
quality-dashboard	knowledge	read	backend/src/modules/quality-dashboard/quality-dashboard.routes.ts
quality-dashboard	resolves	read	backend/src/modules/quality-dashboard/quality-dashboard.routes.ts
quality-dashboard	genuinely	read	backend/src/modules/quality-dashboard/quality-executive.routes.ts
quality-dashboard	db_audit	read	backend/src/modules/quality-dashboard/quality-executive.service.ts
quality-dashboard	mas_hrms	read	backend/src/modules/quality-dashboard/quality-executive.service.ts
quality-dashboard	Shivamgiri	read	backend/src/modules/quality-dashboard/quality-executive.service.ts
quality-dashboard	process_quality_target	read	backend/src/modules/quality-dashboard/quality-governance.routes.ts
quality-dashboard	anything	read	backend/src/modules/quality-dashboard/quality-governance.routes.ts
quality-dashboard	integration_connector_run	read	backend/src/modules/quality-dashboard/quality-governance.routes.ts
quality-dashboard	integration_schedule	read	backend/src/modules/quality-dashboard/quality-governance.routes.ts
quality-dashboard	kpi_daily_actual	read	backend/src/modules/quality-dashboard/quality-governance.routes.ts
quality-dashboard	kpi_metric_master	read	backend/src/modules/quality-dashboard/quality-governance.routes.ts
quality-dashboard	integration_call_daily	read	backend/src/modules/quality-dashboard/quality-governance.routes.ts
quality-dashboard	integration_biometric_daily	read	backend/src/modules/quality-dashboard/quality-governance.routes.ts
quality-dashboard	coaching_session	read	backend/src/modules/quality-dashboard/quality-governance.routes.ts
quality-dashboard	integration_mapping_exception	read	backend/src/modules/quality-dashboard/quality-governance.routes.ts
quality-dashboard	db_audit	read	backend/src/modules/quality-dashboard/quality-insights.service.ts
quality-dashboard	agent_metrics	read	backend/src/modules/quality-dashboard/quality-insights.service.ts
quality-dashboard	mas_hrms	read	backend/src/modules/quality-dashboard/quality-insights.service.ts
quality-dashboard	yesterday	read	backend/src/modules/quality-dashboard/quality-insights.service.ts
quality-dashboard	db_external	read	backend/src/modules/quality-dashboard/quality-insights.service.ts
quality-dashboard	config	read	backend/src/modules/quality-dashboard/quality-insights.service.ts
quality-dashboard	authenticated	read	backend/src/modules/quality-dashboard/quality-manager.routes.ts
quality-dashboard	mas_hrms	read	backend/src/modules/quality-dashboard/quality-manager.routes.ts
quality-dashboard	mas_hrms	read	backend/src/modules/quality-dashboard/quality-manager.service.ts
quality-dashboard	db_audit	read	backend/src/modules/quality-dashboard/quality-manager.service.ts
quality-dashboard	db_audit	read	backend/src/modules/quality-dashboard/quality-qa.service.ts
quality-dashboard	mas_hrms	read	backend/src/modules/quality-dashboard/quality-qa.service.ts
quality-dashboard	process_master	read	backend/src/modules/quality-dashboard/quality-target-simulation.ts
quality-dashboard	kpi_daily_actual	read	backend/src/modules/quality-dashboard/quality-target-simulation.ts
quality-dashboard	kpi_metric_master	read	backend/src/modules/quality-dashboard/quality-target-simulation.ts
quality-dashboard	employees	read	backend/src/modules/quality-dashboard/quality-target-simulation.ts
quality-dashboard	process_quality_target	read	backend/src/modules/quality-dashboard/quality-target-transition.ts
quality-dashboard	process_quality_target_audit	write	backend/src/modules/quality-dashboard/quality-target-transition.ts
quality-dashboard	process_quality_target	write	backend/src/modules/quality-dashboard/quality-target-transition.ts
quality-dashboard	process_quality_target	read	backend/src/modules/quality-dashboard/quality-target.service.ts
quality-dashboard	process_master	read	backend/src/modules/quality-dashboard/quality-target.service.ts
quality-dashboard	employees	read	backend/src/modules/quality-dashboard/quality-target.service.ts
quality-dashboard	kpi_daily_actual	read	backend/src/modules/quality-dashboard/quality-target.service.ts
quality-dashboard	kpi_metric_master	read	backend/src/modules/quality-dashboard/quality-target.service.ts
quality-dashboard	process_quality_target_audit	read	backend/src/modules/quality-dashboard/quality-target.service.ts
quality-dashboard	process_quality_target_audit	write	backend/src/modules/quality-dashboard/quality-target.service.ts
quality-dashboard	process_quality_target	write	backend/src/modules/quality-dashboard/quality-target.service.ts
quality-dashboard	db_audit	read	backend/src/modules/quality-dashboard/tni.service.ts
quality-dashboard	Shivamgiri	read	backend/src/modules/quality-dashboard/tni.service.ts
quality-dashboard	kpi_daily_actual	read	backend/src/modules/quality-dashboard/weekly-coaching.service.ts
quality-dashboard	kpi_metric_master	read	backend/src/modules/quality-dashboard/weekly-coaching.service.ts
quality-dashboard	employees	read	backend/src/modules/quality-dashboard/weekly-coaching.service.ts
quality-dashboard	process_master	read	backend/src/modules/quality-dashboard/weekly-coaching.service.ts
quality-dashboard	kpi_employee_resolved	read	backend/src/modules/quality-dashboard/weekly-coaching.service.ts
reporting	report	read	backend/src/modules/reporting/all-reports.registry.ts
reporting	employees	read	backend/src/modules/reporting/aon-retention-flag.routes.ts
reporting	shared	read	backend/src/modules/reporting/aon-retention-flag.routes.ts
reporting	through	read	backend/src/modules/reporting/aon-retention-flag.routes.ts
reporting	user_roles	read	backend/src/modules/reporting/aon-retention-flag.routes.ts
reporting	unrelated	read	backend/src/modules/reporting/bpo-master-report-extensions.ts
reporting	candidate	read	backend/src/modules/reporting/bpo-master-report-extensions.ts
reporting	events	read	backend/src/modules/reporting/bpo-master-report-extensions.ts
reporting	event	read	backend/src/modules/reporting/bpo-master-report-extensions.ts
reporting	surveys	read	backend/src/modules/reporting/deep-report-packs.ts
reporting	employees	read	backend/src/modules/reporting/deep-report.service.ts
reporting	exactly	read	backend/src/modules/reporting/executors/aon-drilldown.executor.ts
reporting	straight	read	backend/src/modules/reporting/executors/aon-drilldown.executor.ts
reporting	employees	read	backend/src/modules/reporting/executors/aon-drilldown.executor.ts
reporting	branch_master	read	backend/src/modules/reporting/executors/aon-drilldown.executor.ts
reporting	cost_centre_master	read	backend/src/modules/reporting/executors/aon-drilldown.executor.ts
reporting	process_master	read	backend/src/modules/reporting/executors/aon-drilldown.executor.ts
reporting	filtered	read	backend/src/modules/reporting/executors/aon-drilldown.executor.ts
reporting	attendance_daily_record	read	backend/src/modules/reporting/executors/aon-drilldown.executor.ts
reporting	history	read	backend/src/modules/reporting/executors/aon.executor.ts
reporting	date_of_exit	read	backend/src/modules/reporting/executors/aon.executor.ts
reporting	date_of_joining	read	backend/src/modules/reporting/executors/aon.executor.ts
reporting	every	read	backend/src/modules/reporting/executors/aon.executor.ts
reporting	employees	read	backend/src/modules/reporting/executors/aon.executor.ts
reporting	branch_master	read	backend/src/modules/reporting/executors/aon.executor.ts
reporting	cost_centre_master	read	backend/src/modules/reporting/executors/aon.executor.ts
reporting	process_master	read	backend/src/modules/reporting/executors/aon.executor.ts
reporting	predicate	read	backend/src/modules/reporting/executors/aon.executor.ts
reporting	below	read	backend/src/modules/reporting/executors/aon.executor.ts
reporting	employee_salary_assignment	read	backend/src/modules/reporting/executors/aon.executor.ts
reporting	exit_groups	read	backend/src/modules/reporting/executors/aon.executor.ts
reporting	ctc_by_employee	read	backend/src/modules/reporting/executors/aon.executor.ts
reporting	target	read	backend/src/modules/reporting/executors/aon.executor.ts
reporting	against	read	backend/src/modules/reporting/executors/aon.executor.ts
reporting	at_risk	read	backend/src/modules/reporting/executors/aon.executor.ts
reporting	distinct_groups	read	backend/src/modules/reporting/executors/aon.executor.ts
reporting	at_risk_start	read	backend/src/modules/reporting/executors/aon.executor.ts
reporting	at_risk_end	read	backend/src/modules/reporting/executors/aon.executor.ts
reporting	attendance_daily_record	read	backend/src/modules/reporting/executors/aon.executor.ts
reporting	department_master	read	backend/src/modules/reporting/executors/aon.executor.ts
reporting	designation_master	read	backend/src/modules/reporting/executors/aon.executor.ts
reporting	exit_request	read	backend/src/modules/reporting/executors/aon.executor.ts
reporting	asset_master	read	backend/src/modules/reporting/executors/assets.executor.ts
reporting	branch_master	read	backend/src/modules/reporting/executors/assets.executor.ts
reporting	asset_assignment	read	backend/src/modules/reporting/executors/assets.executor.ts
reporting	employees	read	backend/src/modules/reporting/executors/assets.executor.ts
reporting	process_master	read	backend/src/modules/reporting/executors/assets.executor.ts
reporting	asset_movement_log	read	backend/src/modules/reporting/executors/assets.executor.ts
reporting	employee_documents	read	backend/src/modules/reporting/executors/assets.executor.ts
reporting	cost_centre_master	read	backend/src/modules/reporting/executors/assets.executor.ts
reporting	lms_certification_snapshot	read	backend/src/modules/reporting/executors/assets.executor.ts
reporting	employees	read	backend/src/modules/reporting/executors/attendance.executor.ts
reporting	attendance_daily_record	read	backend/src/modules/reporting/executors/attendance.executor.ts
reporting	department_master	read	backend/src/modules/reporting/executors/attendance.executor.ts
reporting	designation_master	read	backend/src/modules/reporting/executors/attendance.executor.ts
reporting	cost_centre_master	read	backend/src/modules/reporting/executors/attendance.executor.ts
reporting	branch_master	read	backend/src/modules/reporting/executors/attendance.executor.ts
reporting	found	read	backend/src/modules/reporting/executors/attendance.executor.ts
reporting	actual	read	backend/src/modules/reporting/executors/attendance.executor.ts
reporting	process_master	read	backend/src/modules/reporting/executors/attendance.executor.ts
reporting	wfm_roster_assignment	read	backend/src/modules/reporting/executors/attendance.executor.ts
reporting	wfm_shift_master	read	backend/src/modules/reporting/executors/attendance.executor.ts
reporting	wfm_shift_template	read	backend/src/modules/reporting/executors/attendance.executor.ts
reporting	wfm_attendance_session	read	backend/src/modules/reporting/executors/attendance.executor.ts
reporting	staying	read	backend/src/modules/reporting/executors/attendance.executor.ts
reporting	ON_TIME	read	backend/src/modules/reporting/executors/attendance.executor.ts
reporting	appendScopeConditions	read	backend/src/modules/reporting/executors/attendance.executor.ts
reporting	attendance_rule_config	read	backend/src/modules/reporting/executors/attendance.executor.ts
reporting	salary_prep_line	read	backend/src/modules/reporting/executors/attendance.executor.ts
reporting	salary_prep_run	read	backend/src/modules/reporting/executors/attendance.executor.ts
reporting	attendance_regularization	read	backend/src/modules/reporting/executors/attendance.executor.ts
reporting	attendance_reason_master	read	backend/src/modules/reporting/executors/attendance.executor.ts
reporting	integration_biometric_daily	read	backend/src/modules/reporting/executors/attendance.executor.ts
reporting	stays	read	backend/src/modules/reporting/executors/attendance.executor.ts
reporting	break_sessions	read	backend/src/modules/reporting/executors/attendance.executor.ts
reporting	break_kiosk_devices	read	backend/src/modules/reporting/executors/attendance.executor.ts
reporting	evaluated	read	backend/src/modules/reporting/executors/attendance.executor.ts
reporting	params	read	backend/src/modules/reporting/executors/attendance.executor.ts
reporting	kpi_score_summary	read	backend/src/modules/reporting/executors/attendance.executor.ts
reporting	kpi_score_period	read	backend/src/modules/reporting/executors/attendance.executor.ts
reporting	employees	read	backend/src/modules/reporting/executors/attrition-risk.executor.ts
reporting	branch_master	read	backend/src/modules/reporting/executors/attrition-risk.executor.ts
reporting	cost_centre_master	read	backend/src/modules/reporting/executors/attrition-risk.executor.ts
reporting	process_master	read	backend/src/modules/reporting/executors/attrition-risk.executor.ts
reporting	attendance_daily_record	read	backend/src/modules/reporting/executors/attrition-risk.executor.ts
reporting	leave_request	read	backend/src/modules/reporting/executors/attrition-risk.executor.ts
reporting	throws	read	backend/src/modules/reporting/executors/attrition-risk.executor.ts
reporting	leaking	read	backend/src/modules/reporting/executors/employee.executor.ts
reporting	employees	read	backend/src/modules/reporting/executors/employee.executor.ts
reporting	branch_master	read	backend/src/modules/reporting/executors/employee.executor.ts
reporting	department_master	read	backend/src/modules/reporting/executors/employee.executor.ts
reporting	process_master	read	backend/src/modules/reporting/executors/employee.executor.ts
reporting	cost_centre_master	read	backend/src/modules/reporting/executors/employee.executor.ts
reporting	output	read	backend/src/modules/reporting/executors/employee.executor.ts
reporting	designation_master	read	backend/src/modules/reporting/executors/employee.executor.ts
reporting	employee_salary_snapshot	read	backend/src/modules/reporting/executors/employee.executor.ts
reporting	employee_salary_assignment	read	backend/src/modules/reporting/executors/employee.executor.ts
reporting	would	read	backend/src/modules/reporting/executors/employee.executor.ts
reporting	employee_probation	read	backend/src/modules/reporting/executors/employee.executor.ts
reporting	exit_request	read	backend/src/modules/reporting/executors/employee.executor.ts
reporting	restricts	read	backend/src/modules/reporting/executors/employee.executor.ts
reporting	employee_bank_detail	read	backend/src/modules/reporting/executors/employee.executor.ts
reporting	salary_increment_request	read	backend/src/modules/reporting/executors/employee.executor.ts
reporting	employee_contract	read	backend/src/modules/reporting/executors/employee.executor.ts
reporting	employee_lifecycle_event	read	backend/src/modules/reporting/executors/employee.executor.ts
reporting	employee_job_history	read	backend/src/modules/reporting/executors/employee.executor.ts
reporting	every	read	backend/src/modules/reporting/executors/employee.executor.ts
reporting	full_final_calculation	read	backend/src/modules/reporting/executors/exit.executor.ts
reporting	exit_request	read	backend/src/modules/reporting/executors/exit.executor.ts
reporting	employees	read	backend/src/modules/reporting/executors/exit.executor.ts
reporting	branch_master	read	backend/src/modules/reporting/executors/exit.executor.ts
reporting	process_master	read	backend/src/modules/reporting/executors/exit.executor.ts
reporting	cost_centre_master	read	backend/src/modules/reporting/executors/exit.executor.ts
reporting	below	read	backend/src/modules/reporting/executors/exit.executor.ts
reporting	designation_master	read	backend/src/modules/reporting/executors/exit.executor.ts
reporting	exit_clearance_task	read	backend/src/modules/reporting/executors/exit.executor.ts
reporting	dates	read	backend/src/modules/reporting/executors/exit.executor.ts
reporting	employees	read	backend/src/modules/reporting/executors/identity.executor.ts
reporting	employee_documents	read	backend/src/modules/reporting/executors/identity.executor.ts
reporting	branch_master	read	backend/src/modules/reporting/executors/identity.executor.ts
reporting	department_master	read	backend/src/modules/reporting/executors/identity.executor.ts
reporting	process_master	read	backend/src/modules/reporting/executors/identity.executor.ts
reporting	cost_centre_master	read	backend/src/modules/reporting/executors/identity.executor.ts
reporting	employee_joining_document_checklist	read	backend/src/modules/reporting/executors/identity.executor.ts
reporting	mas_hrms	read	backend/src/modules/reporting/executors/identity.executor.ts
reporting	defect	read	backend/src/modules/reporting/executors/identity.executor.ts
reporting	there	read	backend/src/modules/reporting/executors/identity.executor.ts
reporting	onboarding_document_master	read	backend/src/modules/reporting/executors/identity.executor.ts
reporting	being	read	backend/src/modules/reporting/executors/identity.executor.ts
reporting	facts	read	backend/src/modules/reporting/executors/identity.executor.ts
reporting	salary_prep_line	read	backend/src/modules/reporting/executors/identity.executor.ts
reporting	salary_prep_run	read	backend/src/modules/reporting/executors/identity.executor.ts
reporting	below	read	backend/src/modules/reporting/executors/identity.executor.ts
reporting	report_identity_source_snapshot	read	backend/src/modules/reporting/executors/identity.executor.ts
reporting	Legacy	read	backend/src/modules/reporting/executors/index.ts
reporting	date_of_joining	read	backend/src/modules/reporting/executors/index.ts
reporting	employees	read	backend/src/modules/reporting/executors/leave.executor.ts
reporting	branch_master	read	backend/src/modules/reporting/executors/leave.executor.ts
reporting	process_master	read	backend/src/modules/reporting/executors/leave.executor.ts
reporting	cost_centre_master	read	backend/src/modules/reporting/executors/leave.executor.ts
reporting	leave_balance_ledger	read	backend/src/modules/reporting/executors/leave.executor.ts
reporting	leave_type_master	read	backend/src/modules/reporting/executors/leave.executor.ts
reporting	leave_request	read	backend/src/modules/reporting/executors/leave.executor.ts
reporting	attendance_daily_record	read	backend/src/modules/reporting/executors/leave.executor.ts
reporting	salary_prep_run	read	backend/src/modules/reporting/executors/leave.executor.ts
reporting	salary_prep_line	read	backend/src/modules/reporting/executors/leave.executor.ts
reporting	leave_encashment_request	read	backend/src/modules/reporting/executors/leave.executor.ts
reporting	leave_holiday_master	read	backend/src/modules/reporting/executors/leave.executor.ts
reporting	Legacy	read	backend/src/modules/reporting/executors/legacy-hr.executor.ts
reporting	attendance_regularization	read	backend/src/modules/reporting/executors/legacy-hr.executor.ts
reporting	employees	read	backend/src/modules/reporting/executors/legacy-hr.executor.ts
reporting	branch_master	read	backend/src/modules/reporting/executors/legacy-hr.executor.ts
reporting	process_master	read	backend/src/modules/reporting/executors/legacy-hr.executor.ts
reporting	employee_loans	read	backend/src/modules/reporting/executors/legacy-hr.executor.ts
reporting	change_doj_snapshot	read	backend/src/modules/reporting/executors/legacy-hr.executor.ts
reporting	employee_nominee	read	backend/src/modules/reporting/executors/legacy-hr.executor.ts
reporting	employees	read	backend/src/modules/reporting/executors/lms.executor.ts
reporting	lms_learner_progress	read	backend/src/modules/reporting/executors/lms.executor.ts
reporting	branch_master	read	backend/src/modules/reporting/executors/lms.executor.ts
reporting	process_master	read	backend/src/modules/reporting/executors/lms.executor.ts
reporting	cost_centre_master	read	backend/src/modules/reporting/executors/lms.executor.ts
reporting	mas_hrms	read	backend/src/modules/reporting/executors/operations.executor.ts
reporting	Shivamgiri	read	backend/src/modules/reporting/executors/operations.executor.ts
reporting	db_audit	read	backend/src/modules/reporting/executors/operations.executor.ts
reporting	instead	read	backend/src/modules/reporting/executors/org-master.executor.ts
reporting	cost_centre_master	read	backend/src/modules/reporting/executors/org-master.executor.ts
reporting	branch_master	read	backend/src/modules/reporting/executors/org-master.executor.ts
reporting	department_master	read	backend/src/modules/reporting/executors/org-master.executor.ts
reporting	process_master	read	backend/src/modules/reporting/executors/org-master.executor.ts
reporting	employees	read	backend/src/modules/reporting/executors/org-master.executor.ts
reporting	either	read	backend/src/modules/reporting/executors/org-master.executor.ts
reporting	leaking	read	backend/src/modules/reporting/executors/payroll.executor.ts
reporting	employee_bank_detail	read	backend/src/modules/reporting/executors/payroll.executor.ts
reporting	salary_prep_line	read	backend/src/modules/reporting/executors/payroll.executor.ts
reporting	salary_prep_run	read	backend/src/modules/reporting/executors/payroll.executor.ts
reporting	employees	read	backend/src/modules/reporting/executors/payroll.executor.ts
reporting	cost_centre_master	read	backend/src/modules/reporting/executors/payroll.executor.ts
reporting	process_master	read	backend/src/modules/reporting/executors/payroll.executor.ts
reporting	salary_payslip	read	backend/src/modules/reporting/executors/payroll.executor.ts
reporting	branch_master	read	backend/src/modules/reporting/executors/payroll.executor.ts
reporting	department_master	read	backend/src/modules/reporting/executors/payroll.executor.ts
reporting	designation_master	read	backend/src/modules/reporting/executors/payroll.executor.ts
reporting	carries	read	backend/src/modules/reporting/executors/payroll.executor.ts
reporting	employee	read	backend/src/modules/reporting/executors/payroll.executor.ts
reporting	running	read	backend/src/modules/reporting/executors/payroll.executor.ts
reporting	cannot	read	backend/src/modules/reporting/executors/payroll.executor.ts
reporting	attendance_daily_record	read	backend/src/modules/reporting/executors/payroll.executor.ts
reporting	would	read	backend/src/modules/reporting/executors/payroll.executor.ts
reporting	legacy_payslip_snapshot	read	backend/src/modules/reporting/executors/payroll.executor.ts
reporting	employee_salary_assignment	read	backend/src/modules/reporting/executors/payroll.executor.ts
reporting	employee_uan	read	backend/src/modules/reporting/executors/payroll.executor.ts
reporting	salary_prep_line_component	read	backend/src/modules/reporting/executors/payroll.executor.ts
reporting	employees	read	backend/src/modules/reporting/executors/reconciliation.executor.ts
reporting	salary_prep_line	read	backend/src/modules/reporting/executors/reconciliation.executor.ts
reporting	salary_prep_run	read	backend/src/modules/reporting/executors/reconciliation.executor.ts
reporting	attendance_daily_record	read	backend/src/modules/reporting/executors/reconciliation.executor.ts
reporting	branch_master	read	backend/src/modules/reporting/executors/reconciliation.executor.ts
reporting	process_master	read	backend/src/modules/reporting/executors/reconciliation.executor.ts
reporting	department_master	read	backend/src/modules/reporting/executors/reconciliation.executor.ts
reporting	cost_centre_master	read	backend/src/modules/reporting/executors/reconciliation.executor.ts
reporting	leave_balance_ledger	read	backend/src/modules/reporting/executors/reconciliation.executor.ts
reporting	leave_request	read	backend/src/modules/reporting/executors/reconciliation.executor.ts
reporting	client_master	read	backend/src/modules/reporting/executors/reconciliation.executor.ts
reporting	branch_master	read	backend/src/modules/reporting/executors/recruitment.executor.ts
reporting	process_master	read	backend/src/modules/reporting/executors/recruitment.executor.ts
reporting	job_posting	read	backend/src/modules/reporting/executors/recruitment.executor.ts
reporting	ats_candidate	read	backend/src/modules/reporting/executors/recruitment.executor.ts
reporting	job_requisition	read	backend/src/modules/reporting/executors/recruitment.executor.ts
reporting	moving	read	backend/src/modules/reporting/executors/recruitment.executor.ts
reporting	produces	read	backend/src/modules/reporting/executors/recruitment.executor.ts
reporting	auth_user	read	backend/src/modules/reporting/executors/recruitment.executor.ts
reporting	employees	read	backend/src/modules/reporting/executors/recruitment.executor.ts
reporting	rather	read	backend/src/modules/reporting/executors/recruitment.executor.ts
reporting	clauses	read	backend/src/modules/reporting/executors/statutory.executor.ts
reporting	branch_master	read	backend/src/modules/reporting/executors/statutory.executor.ts
reporting	employees	read	backend/src/modules/reporting/executors/statutory.executor.ts
reporting	employee_uan	read	backend/src/modules/reporting/executors/statutory.executor.ts
reporting	process_master	read	backend/src/modules/reporting/executors/statutory.executor.ts
reporting	cost_centre_master	read	backend/src/modules/reporting/executors/statutory.executor.ts
reporting	salary_prep_line	read	backend/src/modules/reporting/executors/statutory.executor.ts
reporting	salary_prep_run	read	backend/src/modules/reporting/executors/statutory.executor.ts
reporting	statutory_config	read	backend/src/modules/reporting/executors/statutory.executor.ts
reporting	payroll	read	backend/src/modules/reporting/executors/statutory.executor.ts
reporting	form_16_record	read	backend/src/modules/reporting/executors/statutory.executor.ts
reporting	tax_declaration	read	backend/src/modules/reporting/executors/statutory.executor.ts
reporting	employee_salary_assignment	read	backend/src/modules/reporting/executors/statutory.executor.ts
reporting	salary_component_assignments	read	backend/src/modules/reporting/executors/statutory.executor.ts
reporting	employee_statutory_override	read	backend/src/modules/reporting/executors/statutory.executor.ts
reporting	beginning	read	backend/src/modules/reporting/executors/types.ts
reporting	ExecScope	read	backend/src/modules/reporting/executors/types.ts
reporting	ExecFilters	read	backend/src/modules/reporting/executors/types.ts
reporting	employees	read	backend/src/modules/reporting/executors/wfm.executor.ts
reporting	wfm_roster_assignment	read	backend/src/modules/reporting/executors/wfm.executor.ts
reporting	wfm_shift_master	read	backend/src/modules/reporting/executors/wfm.executor.ts
reporting	branch_master	read	backend/src/modules/reporting/executors/wfm.executor.ts
reporting	process_master	read	backend/src/modules/reporting/executors/wfm.executor.ts
reporting	cost_centre_master	read	backend/src/modules/reporting/executors/wfm.executor.ts
reporting	attendance_daily_record	read	backend/src/modules/reporting/executors/wfm.executor.ts
reporting	wfm_roster_swap_request	read	backend/src/modules/reporting/executors/wfm.executor.ts
reporting	employees	read	backend/src/modules/reporting/identity-mapping-report.ts
reporting	branch_master	read	backend/src/modules/reporting/identity-mapping-report.ts
reporting	process_master	read	backend/src/modules/reporting/identity-mapping-report.ts
reporting	report_identity_source_snapshot	read	backend/src/modules/reporting/identity-mapping-report.ts
reporting	COSEC	read	backend/src/modules/reporting/identity-mapping-report.ts
reporting	employee	write	backend/src/modules/reporting/identity-mapping-report.ts
reporting	Masbiometric	read	backend/src/modules/reporting/identity-source-snapshot.ts
reporting	employees	read	backend/src/modules/reporting/identity-source-snapshot.ts
reporting	Shivamgiri	read	backend/src/modules/reporting/identity-source-snapshot.ts
reporting	db_masmis	read	backend/src/modules/reporting/identity-source-snapshot.ts
reporting	report_identity_source_snapshot	read	backend/src/modules/reporting/identity-source-snapshot.ts
reporting	branch_master	read	backend/src/modules/reporting/identity-source-snapshot.ts
reporting	process_master	read	backend/src/modules/reporting/identity-source-snapshot.ts
reporting	report_identity_source_snapshot	write	backend/src/modules/reporting/identity-source-snapshot.ts
reporting	under	read	backend/src/modules/reporting/identity-spine.ts
reporting	branch_master	read	backend/src/modules/reporting/identity-spine.ts
reporting	department_master	read	backend/src/modules/reporting/identity-spine.ts
reporting	designation_master	read	backend/src/modules/reporting/identity-spine.ts
reporting	process_master	read	backend/src/modules/reporting/identity-spine.ts
reporting	cost_centre_master	read	backend/src/modules/reporting/identity-spine.ts
reporting	employees	read	backend/src/modules/reporting/identity-spine.ts
reporting	employees	read	backend/src/modules/reporting/journey-audit-report.service.ts
reporting	ats_candidate	read	backend/src/modules/reporting/journey-audit-report.service.ts
reporting	ats_onboarding_bridge	read	backend/src/modules/reporting/journey-audit-report.service.ts
reporting	branch_master	read	backend/src/modules/reporting/journey-audit-report.service.ts
reporting	process_master	read	backend/src/modules/reporting/journey-audit-report.service.ts
reporting	department_master	read	backend/src/modules/reporting/journey-audit-report.service.ts
reporting	ats_candidate_stage_log	read	backend/src/modules/reporting/journey-audit-report.service.ts
reporting	employee_journey_log	read	backend/src/modules/reporting/journey-audit-report.service.ts
reporting	employee_lifecycle_event	read	backend/src/modules/reporting/journey-audit-report.service.ts
reporting	employee_job_history	read	backend/src/modules/reporting/journey-audit-report.service.ts
reporting	exit_approval_log	read	backend/src/modules/reporting/journey-audit-report.service.ts
reporting	exit_request	read	backend/src/modules/reporting/journey-audit-report.service.ts
reporting	exit_clearance_task	read	backend/src/modules/reporting/journey-audit-report.service.ts
reporting	salary_prep_run	read	backend/src/modules/reporting/payroll-month.ts
reporting	salary_prep_line	read	backend/src/modules/reporting/payroll-month.ts
reporting	legacy_payslip_snapshot	read	backend/src/modules/reporting/payroll-month.ts
reporting	report_request	read	backend/src/modules/reporting/report-admin-audit.routes.ts
reporting	report_request	write	backend/src/modules/reporting/report-admin-audit.routes.ts
reporting	report_audit_event	write	backend/src/modules/reporting/report-audit.service.ts
reporting	missing	read	backend/src/modules/reporting/report-catalog.ts
reporting	employees	read	backend/src/modules/reporting/report-catalog.ts
reporting	either	read	backend/src/modules/reporting/report-catalog.ts
reporting	wfm_attendance_session	read	backend/src/modules/reporting/report-catalog.ts
reporting	attendance_daily_record	read	backend/src/modules/reporting/report-catalog.ts
reporting	break_sessions	read	backend/src/modules/reporting/report-catalog.ts
reporting	wfm_roster_assignment	read	backend/src/modules/reporting/report-catalog.ts
reporting	leave_balance_ledger	read	backend/src/modules/reporting/report-catalog.ts
reporting	salary_prep_line_component	read	backend/src/modules/reporting/report-catalog.ts
reporting	TIMESTAMPDIFF	read	backend/src/modules/reporting/report-catalog.ts
reporting	months	read	backend/src/modules/reporting/report-catalog.ts
reporting	legacy	read	backend/src/modules/reporting/report-catalog.ts
reporting	daily	read	backend/src/modules/reporting/report-catalog.ts
reporting	application	read	backend/src/modules/reporting/report-catalog.ts
reporting	supplying	read	backend/src/modules/reporting/report-catalog.ts
reporting	Location	read	backend/src/modules/reporting/report-catalog.ts
reporting	mas_hrms	read	backend/src/modules/reporting/report-catalog.ts
reporting	Employee	read	backend/src/modules/reporting/report-catalog.ts
reporting	Legacy	read	backend/src/modules/reporting/report-catalog.ts
reporting	employees	read	backend/src/modules/reporting/report-email-resolver.ts
reporting	report_generated_file	read	backend/src/modules/reporting/report-file-storage.ts
reporting	report_generated_file	write	backend/src/modules/reporting/report-file-storage.ts
reporting	report_request	read	backend/src/modules/reporting/report-request-ref.ts
reporting	report_request	read	backend/src/modules/reporting/report-request.service.ts
reporting	user_roles	read	backend/src/modules/reporting/report-request.service.ts
reporting	query	read	backend/src/modules/reporting/report-request.service.ts
reporting	report_generated_file	read	backend/src/modules/reporting/report-request.service.ts
reporting	report_email_delivery	read	backend/src/modules/reporting/report-request.service.ts
reporting	report_audit_event	read	backend/src/modules/reporting/report-request.service.ts
reporting	admin	read	backend/src/modules/reporting/report-request.service.ts
reporting	report_request	write	backend/src/modules/reporting/report-request.service.ts
reporting	report_email_delivery	write	backend/src/modules/reporting/report-request.service.ts
reporting	employees	read	backend/src/modules/reporting/report-suite-highrisk.routes.ts
reporting	branch_master	read	backend/src/modules/reporting/report-suite-highrisk.routes.ts
reporting	department_master	read	backend/src/modules/reporting/report-suite-highrisk.routes.ts
reporting	process_master	read	backend/src/modules/reporting/report-suite-highrisk.routes.ts
reporting	cost_centre_master	read	backend/src/modules/reporting/report-suite-highrisk.routes.ts
reporting	arithmetic	read	backend/src/modules/reporting/report-suite.routes.ts
reporting	query	read	backend/src/modules/reporting/report-suite.routes.ts
reporting	employees	read	backend/src/modules/reporting/report-suite.routes.ts
reporting	branch_master	read	backend/src/modules/reporting/report-suite.routes.ts
reporting	department_master	read	backend/src/modules/reporting/report-suite.routes.ts
reporting	process_master	read	backend/src/modules/reporting/report-suite.routes.ts
reporting	cost_centre_master	read	backend/src/modules/reporting/report-suite.routes.ts
reporting	rather	read	backend/src/modules/reporting/report-suite.routes.ts
reporting	salary_prep_line	read	backend/src/modules/reporting/report-suite.routes.ts
reporting	salary_prep_run	read	backend/src/modules/reporting/report-suite.routes.ts
reporting	designation_master	read	backend/src/modules/reporting/report-suite.routes.ts
reporting	employee_uan	read	backend/src/modules/reporting/report-suite.routes.ts
reporting	integration_biometric_daily	read	backend/src/modules/reporting/report-suite.routes.ts
reporting	employee_probation	read	backend/src/modules/reporting/report-suite.routes.ts
reporting	employee_contract	read	backend/src/modules/reporting/report-suite.routes.ts
reporting	employee_lifecycle_event	read	backend/src/modules/reporting/report-suite.routes.ts
reporting	leave_balance_ledger	read	backend/src/modules/reporting/report-suite.routes.ts
reporting	leave_type_master	read	backend/src/modules/reporting/report-suite.routes.ts
reporting	below	read	backend/src/modules/reporting/report-suite.routes.ts
reporting	leave_request	read	backend/src/modules/reporting/report-suite.routes.ts
reporting	placeholder	read	backend/src/modules/reporting/report-suite.routes.ts
reporting	lob_master	read	backend/src/modules/reporting/report-suite.routes.ts
reporting	REPORT_CATALOG	read	backend/src/modules/reporting/report-suite.routes.ts
reporting	salary_advance_log	read	backend/src/modules/reporting/report-suite.routes.ts
reporting	employee_bank_detail	read	backend/src/modules/reporting/report-suite.routes.ts
reporting	grade_band_master	read	backend/src/modules/reporting/report-suite.routes.ts
reporting	employee_salary_assignment	read	backend/src/modules/reporting/report-suite.routes.ts
reporting	known	read	backend/src/modules/reporting/report-suite.routes.ts
reporting	ats_candidate	read	backend/src/modules/reporting/report-suite.routes.ts
reporting	ats_onboarding_bridge	read	backend/src/modules/reporting/report-suite.routes.ts
reporting	candidate_bgv_report	read	backend/src/modules/reporting/report-suite.routes.ts
reporting	ats_interview_slot	read	backend/src/modules/reporting/report-suite.routes.ts
reporting	employee_documents	read	backend/src/modules/reporting/report-suite.routes.ts
reporting	ats_candidate_stage_log	read	backend/src/modules/reporting/report-suite.routes.ts
reporting	exit_request	read	backend/src/modules/reporting/report-suite.routes.ts
reporting	full_final_calculation	read	backend/src/modules/reporting/report-suite.routes.ts
reporting	exit_clearance_task	read	backend/src/modules/reporting/report-suite.routes.ts
reporting	kpi_score_summary	read	backend/src/modules/reporting/report-suite.routes.ts
reporting	kpi_score_period	read	backend/src/modules/reporting/report-suite.routes.ts
reporting	performance_feedback_report	read	backend/src/modules/reporting/report-suite.routes.ts
reporting	development_plan	read	backend/src/modules/reporting/report-suite.routes.ts
reporting	development_plan_goal	read	backend/src/modules/reporting/report-suite.routes.ts
reporting	attendance_daily_record	read	backend/src/modules/reporting/report-suite.routes.ts
reporting	workforce_mandate	read	backend/src/modules/reporting/report-suite.routes.ts
reporting	wfm_roster_plan	read	backend/src/modules/reporting/report-suite.routes.ts
reporting	asset_master	read	backend/src/modules/reporting/report-suite.routes.ts
reporting	asset_assignment	read	backend/src/modules/reporting/report-suite.routes.ts
reporting	asset_service_log	read	backend/src/modules/reporting/report-suite.routes.ts
reporting	placeholders	read	backend/src/modules/reporting/report-suite.routes.ts
reporting	reading	read	backend/src/modules/reporting/report-suite.routes.ts
reporting	would	read	backend/src/modules/reporting/report-suite.routes.ts
reporting	salary_prep_line_component	read	backend/src/modules/reporting/report-suite.routes.ts
reporting	pt_slab_config	read	backend/src/modules/reporting/report-suite.routes.ts
reporting	tax_declaration	read	backend/src/modules/reporting/report-suite.routes.ts
reporting	gratuity_accrual_ledger	read	backend/src/modules/reporting/report-suite.routes.ts
reporting	posh_complaint	read	backend/src/modules/reporting/report-suite.routes.ts
reporting	labour_compliance_event	read	backend/src/modules/reporting/report-suite.routes.ts
reporting	ats_bgv_check	read	backend/src/modules/reporting/report-suite.routes.ts
reporting	ats_onboarding_request	read	backend/src/modules/reporting/report-suite.routes.ts
reporting	ats_offer_letter	read	backend/src/modules/reporting/report-suite.routes.ts
reporting	employee_joining_document_checklist	read	backend/src/modules/reporting/report-suite.routes.ts
reporting	training_need_assessment	read	backend/src/modules/reporting/report-suite.routes.ts
reporting	wfm_coverage_gap_action	read	backend/src/modules/reporting/report-suite.routes.ts
reporting	integration_connector_run	read	backend/src/modules/reporting/report-suite.routes.ts
reporting	workflow_instance	read	backend/src/modules/reporting/report-suite.routes.ts
reporting	sensitive_action_log	read	backend/src/modules/reporting/report-suite.routes.ts
reporting	notification_dispatch_log	read	backend/src/modules/reporting/report-suite.routes.ts
reporting	helpdesk_ticket	read	backend/src/modules/reporting/report-suite.routes.ts
reporting	grievance_case	read	backend/src/modules/reporting/report-suite.routes.ts
reporting	employee_consent_record	read	backend/src/modules/reporting/report-suite.routes.ts
reporting	portal_kpi_commitment	read	backend/src/modules/reporting/report-suite.routes.ts
reporting	action_plan	read	backend/src/modules/reporting/report-suite.routes.ts
reporting	governance_checklist_item	read	backend/src/modules/reporting/report-suite.routes.ts
reporting	portal_access_log	read	backend/src/modules/reporting/report-suite.routes.ts
reporting	client_master	read	backend/src/modules/reporting/report-suite.routes.ts
reporting	kpi_daily_actual	read	backend/src/modules/reporting/report-suite.routes.ts
reporting	it_provisioning_request	read	backend/src/modules/reporting/report-suite.routes.ts
reporting	Employee	read	backend/src/modules/reporting/report-suite.routes.ts
reporting	employees	read	backend/src/modules/reporting/report-worker-executor.ts
reporting	branch_master	read	backend/src/modules/reporting/report-worker-executor.ts
reporting	department_master	read	backend/src/modules/reporting/report-worker-executor.ts
reporting	process_master	read	backend/src/modules/reporting/report-worker-executor.ts
reporting	cost_centre_master	read	backend/src/modules/reporting/report-worker-executor.ts
reporting	CONCAT_WS	read	backend/src/modules/reporting/report-worker-executor.ts
reporting	attendance_daily_record	read	backend/src/modules/reporting/report-worker-executor.ts
reporting	leave_type_master	read	backend/src/modules/reporting/report-worker-executor.ts
reporting	leave_balance_ledger	read	backend/src/modules/reporting/report-worker-executor.ts
reporting	salary_prep_line	read	backend/src/modules/reporting/report-worker-executor.ts
reporting	salary_prep_run	read	backend/src/modules/reporting/report-worker-executor.ts
reporting	designation_master	read	backend/src/modules/reporting/report-worker-executor.ts
reporting	employees	read	backend/src/modules/reporting/reporting.analytics-v2.service.ts
reporting	salary_prep_line	read	backend/src/modules/reporting/reporting.analytics-v2.service.ts
reporting	salary_prep_run	read	backend/src/modules/reporting/reporting.analytics-v2.service.ts
reporting	user_assignment_scope	read	backend/src/modules/reporting/reporting.leave-balance.routes.ts
reporting	employees	read	backend/src/modules/reporting/reporting.leave-balance.routes.ts
reporting	leave_type_master	read	backend/src/modules/reporting/reporting.leave-balance.routes.ts
reporting	department_master	read	backend/src/modules/reporting/reporting.leave-balance.routes.ts
reporting	branch_master	read	backend/src/modules/reporting/reporting.leave-balance.routes.ts
reporting	process_master	read	backend/src/modules/reporting/reporting.leave-balance.routes.ts
reporting	cost_centre_master	read	backend/src/modules/reporting/reporting.leave-balance.routes.ts
reporting	leave_balance_ledger	read	backend/src/modules/reporting/reporting.leave-balance.routes.ts
reporting	report_download_token	read	backend/src/modules/reporting/reporting.routes.ts
reporting	report_generated_file	read	backend/src/modules/reporting/reporting.routes.ts
reporting	report_download_token	write	backend/src/modules/reporting/reporting.routes.ts
reporting	user_roles	read	backend/src/modules/reporting/reporting.scope.ts
reporting	user_assignment_scope	read	backend/src/modules/reporting/reporting.scope.ts
reporting	employees	read	backend/src/modules/reporting/reporting.scope.ts
reporting	branch_master	read	backend/src/modules/reporting/reporting.service.ts
reporting	employees	read	backend/src/modules/reporting/reporting.service.ts
reporting	process_master	read	backend/src/modules/reporting/reporting.service.ts
reporting	user_roles	read	backend/src/modules/reporting/reporting.service.ts
reporting	lob_master	read	backend/src/modules/reporting/reporting.service.ts
reporting	would	read	backend/src/modules/reporting/reporting.service.ts
reporting	process_lob_master	read	backend/src/modules/reporting/reporting.service.ts
reporting	role_page_access	read	backend/src/modules/reporting/reporting.service.ts
reporting	designation_master	read	backend/src/modules/reporting/reporting.service.ts
reporting	salary_prep_line	read	backend/src/modules/reporting/reporting.service.ts
reporting	salary_prep_run	read	backend/src/modules/reporting/reporting.service.ts
reporting	salary_prep_line_component	read	backend/src/modules/reporting/reporting.service.ts
reporting	exit_request	read	backend/src/modules/reporting/reporting.service.ts
reporting	full_final_calculation	read	backend/src/modules/reporting/reporting.service.ts
reporting	location_master	read	backend/src/modules/reporting/reporting.service.ts
reporting	department_master	read	backend/src/modules/reporting/reporting.service.ts
reporting	grade_band_master	read	backend/src/modules/reporting/reporting.service.ts
reporting	cost_centre_master	read	backend/src/modules/reporting/reporting.service.ts
reporting	employee_statutory_info	read	backend/src/modules/reporting/reporting.service.ts
reporting	employee_documents	read	backend/src/modules/reporting/reporting.service.ts
reporting	attendance_daily_record	read	backend/src/modules/reporting/reporting.service.ts
reporting	wfm_attendance_session	read	backend/src/modules/reporting/reporting.service.ts
reporting	attendance_regularization	read	backend/src/modules/reporting/reporting.service.ts
reporting	leave_balance_ledger	read	backend/src/modules/reporting/reporting.service.ts
reporting	leave_type_master	read	backend/src/modules/reporting/reporting.service.ts
reporting	leave_request	read	backend/src/modules/reporting/reporting.service.ts
reporting	kpi_score	read	backend/src/modules/reporting/reporting.service.ts
reporting	kpi_metric_master	read	backend/src/modules/reporting/reporting.service.ts
reporting	kpi_score_summary	read	backend/src/modules/reporting/reporting.service.ts
reporting	attrition_record	read	backend/src/modules/reporting/reporting.service.ts
reporting	employee_lifecycle_event	read	backend/src/modules/reporting/reporting.service.ts
reporting	employee_emergency_contact	read	backend/src/modules/reporting/reporting.service.ts
reporting	employee_nominee	read	backend/src/modules/reporting/reporting.service.ts
reporting	employee_job_history	read	backend/src/modules/reporting/reporting.service.ts
reporting	employee_salary_assignment	read	backend/src/modules/reporting/reporting.service.ts
reporting	salary_structure_master	read	backend/src/modules/reporting/reporting.service.ts
reporting	report_master	read	backend/src/modules/reporting/reporting.service.ts
reporting	executor	read	backend/src/modules/reporting/xlsx-secure-builder.ts
revenue-risk	process_master	read	backend/src/modules/revenue-risk/revenue-risk.service.ts
revenue-risk	client_master	read	backend/src/modules/revenue-risk/revenue-risk.service.ts
revenue-risk	client_contract_master	read	backend/src/modules/revenue-risk/revenue-risk.service.ts
revenue-risk	workforce_mandate	read	backend/src/modules/revenue-risk/revenue-risk.service.ts
revenue-risk	attendance_daily_record	read	backend/src/modules/revenue-risk/revenue-risk.service.ts
revenue-risk	employees	read	backend/src/modules/revenue-risk/revenue-risk.service.ts
revenue-risk	through	read	backend/src/modules/revenue-risk/revenue-risk.service.ts
revenue-risk	wfm_roster_assignment	read	backend/src/modules/revenue-risk/revenue-risk.service.ts
revenue-risk	planned	read	backend/src/modules/revenue-risk/revenue-risk.service.ts
revenue-risk	process_revenue_daily	read	backend/src/modules/revenue-risk/revenue-risk.service.ts
revenue-risk	client_contract_master	write	backend/src/modules/revenue-risk/revenue-risk.service.ts
revenue-risk	process_revenue_daily	write	backend/src/modules/revenue-risk/revenue-risk.service.ts
roster	employees	read	backend/src/modules/roster/roster-capacity.controller.ts
roster	weekoff_preference_notification	read	backend/src/modules/roster/roster-capacity.controller.ts
roster	user_assignment_scope	read	backend/src/modules/roster/roster-capacity.controller.ts
roster	process_weekoff_capacity	read	backend/src/modules/roster/roster-capacity.service.ts
roster	weekoff_allocation_log	read	backend/src/modules/roster/roster-capacity.service.ts
roster	employees	read	backend/src/modules/roster/roster-capacity.service.ts
roster	wfm_slot_requirement	read	backend/src/modules/roster/roster-capacity.service.ts
roster	leave_request	read	backend/src/modules/roster/roster-capacity.service.ts
roster	weekoff_preference_notification	read	backend/src/modules/roster/roster-capacity.service.ts
roster	week_off_preference	read	backend/src/modules/roster/roster-capacity.service.ts
roster	process_weekoff_capacity	write	backend/src/modules/roster/roster-capacity.service.ts
roster	weekoff_allocation_log	write	backend/src/modules/roster/roster-capacity.service.ts
roster	weekoff_preference_notification	write	backend/src/modules/roster/roster-capacity.service.ts
roster	week_off_preference	write	backend/src/modules/roster/roster-capacity.service.ts
roster	either	read	backend/src/modules/roster/roster-change-log.ts
roster	wfm_roster_assignment	read	backend/src/modules/roster/roster-change-log.ts
roster	roster_change_log	write	backend/src/modules/roster/roster-change-log.ts
roster	weekly_roster_cycle	read	backend/src/modules/roster/roster-generation.service.ts
roster	employees	read	backend/src/modules/roster/roster-generation.service.ts
roster	wfm_shift_template	read	backend/src/modules/roster/roster-generation.service.ts
roster	roster_template	read	backend/src/modules/roster/roster-generation.service.ts
roster	roster_generation_run	read	backend/src/modules/roster/roster-generation.service.ts
roster	roster_decision_audit	read	backend/src/modules/roster/roster-generation.service.ts
roster	week_off_preference	read	backend/src/modules/roster/roster-generation.service.ts
roster	employee_roster_preference	read	backend/src/modules/roster/roster-generation.service.ts
roster	leave_request	read	backend/src/modules/roster/roster-generation.service.ts
roster	wfm_roster_assignment	read	backend/src/modules/roster/roster-generation.service.ts
roster	leave_holiday_master	read	backend/src/modules/roster/roster-generation.service.ts
roster	wfm_shift_master	read	backend/src/modules/roster/roster-generation.service.ts
roster	roster_daily_assignment	read	backend/src/modules/roster/roster-generation.service.ts
roster	roster_generation_run	write	backend/src/modules/roster/roster-generation.service.ts
roster	roster_decision_audit	write	backend/src/modules/roster/roster-generation.service.ts
roster	after	write	backend/src/modules/roster/roster-generation.service.ts
roster	roster_daily_assignment	write	backend/src/modules/roster/roster-generation.service.ts
roster	wfm_roster_assignment	write	backend/src/modules/roster/roster-generation.service.ts
roster	attendance_daily_record	read	backend/src/modules/roster/roster-lock-guard.ts
roster	wfm_roster_assignment	read	backend/src/modules/roster/roster-lock-guard.ts
roster	employees	read	backend/src/modules/roster/roster-master.controller.ts
roster	user_assignment_scope	read	backend/src/modules/roster/roster-master.controller.ts
roster	roster_template	read	backend/src/modules/roster/roster-master.service.ts
roster	week_off_preference	read	backend/src/modules/roster/roster-master.service.ts
roster	employees	read	backend/src/modules/roster/roster-master.service.ts
roster	wfm_roster_assignment	read	backend/src/modules/roster/roster-master.service.ts
roster	roster_template	write	backend/src/modules/roster/roster-master.service.ts
roster	week_off_preference	write	backend/src/modules/roster/roster-master.service.ts
roster	wfm_roster_assignment	write	backend/src/modules/roster/roster-master.service.ts
roster	employees	read	backend/src/modules/roster/roster.governance.routes.ts
roster	roster_daily_assignment	read	backend/src/modules/roster/roster.governance.routes.ts
roster	user_assignment_scope	read	backend/src/modules/roster/roster.governance.routes.ts
roster	weekly_roster_cycle	read	backend/src/modules/roster/roster.governance.routes.ts
roster	wfm_shift_template	read	backend/src/modules/roster/roster.governance.routes.ts
roster	roster_daily_assignment	write	backend/src/modules/roster/roster.governance.routes.ts
roster	wfm_shift_template	read	backend/src/modules/roster/roster.governance.service.ts
roster	weekly_roster_cycle	read	backend/src/modules/roster/roster.governance.service.ts
roster	roster_generation_run	read	backend/src/modules/roster/roster.governance.service.ts
roster	roster_daily_assignment	read	backend/src/modules/roster/roster.governance.service.ts
roster	employees	read	backend/src/modules/roster/roster.governance.service.ts
roster	roster_change_log	read	backend/src/modules/roster/roster.governance.service.ts
roster	roster_coverage_action	read	backend/src/modules/roster/roster.governance.service.ts
roster	portal_roster_aggregate	read	backend/src/modules/roster/roster.governance.service.ts
roster	wfm_shift_template	write	backend/src/modules/roster/roster.governance.service.ts
roster	weekly_roster_cycle	write	backend/src/modules/roster/roster.governance.service.ts
roster	roster_daily_assignment	write	backend/src/modules/roster/roster.governance.service.ts
roster	roster_change_log	write	backend/src/modules/roster/roster.governance.service.ts
roster	roster_coverage_action	write	backend/src/modules/roster/roster.governance.service.ts
roster	wfm_shift_template	read	backend/src/modules/roster/roster.notifications.ts
roster	roster_daily_assignment	read	backend/src/modules/roster/roster.notifications.ts
roster	employees	read	backend/src/modules/roster/roster.notifications.ts
roster	employees	read	backend/src/modules/roster/roster.self.secure.routes.ts
roster	weekly_roster_cycle	read	backend/src/modules/roster/roster.self.secure.routes.ts
roster	roster_daily_assignment	read	backend/src/modules/roster/roster.self.secure.routes.ts
roster	wfm_shift_template	read	backend/src/modules/roster/roster.self.secure.routes.ts
roster	wfm_roster_assignment	read	backend/src/modules/roster/rosterHistoricalOverlapGuard.ts
roster	weekly_roster_cycle	read	backend/src/modules/roster/rta-sync.service.ts
roster	roster_daily_assignment	read	backend/src/modules/roster/rta-sync.service.ts
roster	wfm_shift_template	read	backend/src/modules/roster/rta-sync.service.ts
roster	rta_roster_sync_log	read	backend/src/modules/roster/rta-sync.service.ts
roster	rta_roster_sync_log	write	backend/src/modules/roster/rta-sync.service.ts
roster	planned_	write	backend/src/modules/roster/rta-sync.service.ts
roster	attendance_reconciliation_record	write	backend/src/modules/roster/rta-sync.service.ts
roster	weekoff	read	backend/src/modules/roster/week-off-policy-config.service.ts
roster	process_master	read	backend/src/modules/roster/week-off-policy-config.service.ts
roster	branch_master	read	backend/src/modules/roster/week-off-policy-config.service.ts
roster	week_off_policy_default	read	backend/src/modules/roster/week-off-policy-config.service.ts
roster	week_off_policy_default	write	backend/src/modules/roster/week-off-policy-config.service.ts
roster	weekly_roster_cycle	read	backend/src/modules/roster/weekoff-allocation.service.ts
roster	week_off_preference	read	backend/src/modules/roster/weekoff-allocation.service.ts
roster	employees	read	backend/src/modules/roster/weekoff-allocation.service.ts
roster	employee_roster_preference	read	backend/src/modules/roster/weekoff-allocation.service.ts
roster	weekoff_allocation_log	read	backend/src/modules/roster/weekoff-allocation.service.ts
roster	weekoff_allocation_log	write	backend/src/modules/roster/weekoff-allocation.service.ts
roster	week_off_preference	write	backend/src/modules/roster/weekoff-allocation.service.ts
roster	week_off_policy_default	read	backend/src/modules/roster/weekoff-policy.service.ts
roster	employee_roster_preference	read	backend/src/modules/roster/weekoff-preference.routes.ts
roster	employees	read	backend/src/modules/roster/weekoff-preference.routes.ts
roster	branch_master	read	backend/src/modules/roster/weekoff-preference.routes.ts
roster	process_master	read	backend/src/modules/roster/weekoff-preference.routes.ts
roster	employee_roster_preference	write	backend/src/modules/roster/weekoff-preference.routes.ts
roster	process_weekoff_rule	read	backend/src/modules/roster/weekoff-rule.service.ts
rta	branch_master	read	backend/src/modules/rta/rta-nightly.cron.ts
rta	employees	read	backend/src/modules/rta/rta.routes.ts
rta	wfm_attendance_session	read	backend/src/modules/rta/rta.routes.ts
rta	wfm_roster_assignment	read	backend/src/modules/rta/rta.routes.ts
rta	process_master	read	backend/src/modules/rta/rta.routes.ts
rta	branch_master	read	backend/src/modules/rta/rta.routes.ts
rta	wfm_shift_template	read	backend/src/modules/rta/rta.routes.ts
rta	wfm_roster_assignment	read	backend/src/modules/rta/rta.service.ts
rta	wfm_shift_master	read	backend/src/modules/rta/rta.service.ts
rta	wfm_attendance_session	read	backend/src/modules/rta/rta.service.ts
rta	leave_request	read	backend/src/modules/rta/rta.service.ts
rta	attendance_reconciliation_record	read	backend/src/modules/rta/rta.service.ts
rta	employees	read	backend/src/modules/rta/rta.service.ts
rta	attendance_daily_record	read	backend/src/modules/rta/rta.service.ts
rta	process_master	read	backend/src/modules/rta/rta.service.ts
rta	branch_master	read	backend/src/modules/rta/rta.service.ts
rta	shrinkage_daily_snapshot	read	backend/src/modules/rta/rta.service.ts
rta	adherence_alert	read	backend/src/modules/rta/rta.service.ts
rta	payroll_readiness_flag	read	backend/src/modules/rta/rta.service.ts
rta	leave_roster_impact	read	backend/src/modules/rta/rta.service.ts
rta	attendance_reconciliation_record	write	backend/src/modules/rta/rta.service.ts
rta	shrinkage_daily_snapshot	write	backend/src/modules/rta/rta.service.ts
rta	adherence_alert	write	backend/src/modules/rta/rta.service.ts
rta	payroll_readiness_flag	write	backend/src/modules/rta/rta.service.ts
rta	leave_roster_impact	write	backend/src/modules/rta/rta.service.ts
salary-change	employee_payroll_head_review	read	backend/src/modules/salary-change/salary-change.service.ts
salary-change	employees	read	backend/src/modules/salary-change/salary-change.service.ts
salary-change	branch_master	read	backend/src/modules/salary-change/salary-change.service.ts
salary-change	designation_master	read	backend/src/modules/salary-change/salary-change.service.ts
salary-change	cost_centre_master	read	backend/src/modules/salary-change/salary-change.service.ts
salary-change	process_master	read	backend/src/modules/salary-change/salary-change.service.ts
salary-change	salary_component_assignments	read	backend/src/modules/salary-change/salary-change.service.ts
salary-change	salary_package_master	read	backend/src/modules/salary-change/salary-change.service.ts
salary-change	employee_salary_change_log	read	backend/src/modules/salary-change/salary-change.service.ts
salary-change	auth_user	read	backend/src/modules/salary-change/salary-change.service.ts
salary-change	salary_component_assignments	write	backend/src/modules/salary-change/salary-change.service.ts
salary-change	employee_salary_assignment	write	backend/src/modules/salary-change/salary-change.service.ts
salary-change	employee_salary_change_log	write	backend/src/modules/salary-change/salary-change.service.ts
salary-dispute	employees	read	backend/src/modules/salary-dispute/salary-dispute.routes.ts
salary-dispute	salary_dispute	write	backend/src/modules/salary-dispute/salary-dispute.routes.ts
salary-dispute	salary_dispute	read	backend/src/modules/salary-dispute/salary-dispute.service.ts
salary-dispute	employees	read	backend/src/modules/salary-dispute/salary-dispute.service.ts
salary-dispute	user_roles	read	backend/src/modules/salary-dispute/salary-dispute.service.ts
salary-dispute	salary_prep_line	read	backend/src/modules/salary-dispute/salary-dispute.service.ts
salary-dispute	salary_prep_run	read	backend/src/modules/salary-dispute/salary-dispute.service.ts
salary-dispute	silently	read	backend/src/modules/salary-dispute/salary-dispute.service.ts
salary-dispute	user_id	read	backend/src/modules/salary-dispute/salary-dispute.service.ts
salary-dispute	salary_prep_line_component	read	backend/src/modules/salary-dispute/salary-dispute.service.ts
salary-dispute	salary_dispute_audit	read	backend/src/modules/salary-dispute/salary-dispute.service.ts
salary-dispute	salary_dispute_sla_config	read	backend/src/modules/salary-dispute/salary-dispute.service.ts
salary-dispute	salary_dispute_attachment	read	backend/src/modules/salary-dispute/salary-dispute.service.ts
salary-dispute	salary_dispute	write	backend/src/modules/salary-dispute/salary-dispute.service.ts
salary-dispute	salary_prep_line_component	write	backend/src/modules/salary-dispute/salary-dispute.service.ts
salary-dispute	salary_prep_line	write	backend/src/modules/salary-dispute/salary-dispute.service.ts
salary-dispute	dispute	write	backend/src/modules/salary-dispute/salary-dispute.service.ts
salary-dispute	salary_dispute_audit	write	backend/src/modules/salary-dispute/salary-dispute.service.ts
salary-dispute	salary_dispute_attachment	write	backend/src/modules/salary-dispute/salary-dispute.service.ts
salary-dispute	email_queue	write	backend/src/modules/salary-dispute/salary-dispute.service.ts
salary-increment	salary_increment_request	read	backend/src/modules/salary-increment/salaryIncrement.notifications.ts
salary-increment	employees	read	backend/src/modules/salary-increment/salaryIncrement.notifications.ts
salary-increment	salary_increment_request	read	backend/src/modules/salary-increment/salaryIncrement.service.ts
salary-increment	employees	read	backend/src/modules/salary-increment/salaryIncrement.service.ts
salary-increment	branch_master	read	backend/src/modules/salary-increment/salaryIncrement.service.ts
salary-increment	designation_master	read	backend/src/modules/salary-increment/salaryIncrement.service.ts
salary-increment	salary_increment_audit_log	read	backend/src/modules/salary-increment/salaryIncrement.service.ts
salary-increment	auth_user	read	backend/src/modules/salary-increment/salaryIncrement.service.ts
salary-increment	employee_salary_assignment	read	backend/src/modules/salary-increment/salaryIncrement.service.ts
salary-increment	current	read	backend/src/modules/salary-increment/salaryIncrement.service.ts
salary-increment	salary_increment_audit_log	write	backend/src/modules/salary-increment/salaryIncrement.service.ts
salary-increment	salary_increment_request	write	backend/src/modules/salary-increment/salaryIncrement.service.ts
salary-increment	employee_salary_assignment	write	backend/src/modules/salary-increment/salaryIncrement.service.ts
salary-revision	employees	read	backend/src/modules/salary-revision/salary-revision.service.ts
salary-revision	employee_salary_assignment	read	backend/src/modules/salary-revision/salary-revision.service.ts
salary-revision	employee_salary_date_revision_requests	read	backend/src/modules/salary-revision/salary-revision.service.ts
salary-revision	branch_master	read	backend/src/modules/salary-revision/salary-revision.service.ts
salary-revision	auth_user	read	backend/src/modules/salary-revision/salary-revision.service.ts
salary-revision	employee_payroll_head_review	read	backend/src/modules/salary-revision/salary-revision.service.ts
salary-revision	employee_salary_date_revision_requests	write	backend/src/modules/salary-revision/salary-revision.service.ts
salary-revision	employee_salary_assignment	write	backend/src/modules/salary-revision/salary-revision.service.ts
salary-revision	employee_payroll_head_review_history	write	backend/src/modules/salary-revision/salary-revision.service.ts
sales-upload	seven	read	backend/src/modules/sales-upload/sales-upload.routes.ts
sales-upload	db_masmis	read	backend/src/modules/sales-upload/sales-upload.service.ts
sales-upload	dialer	read	backend/src/modules/sales-upload/sales-upload.service.ts
sales-upload	dialer_db	read	backend/src/modules/sales-upload/sales-upload.service.ts
sales-upload	db_masmis	write	backend/src/modules/sales-upload/sales-upload.service.ts
security	security_audit_event	read	backend/src/modules/security/security-center.routes.ts
security	auth_user	read	backend/src/modules/security/security-center.routes.ts
security	security_audit_event	write	backend/src/modules/security/security-center.routes.ts
social-feed	social_feed_post	read	backend/src/modules/social-feed/social-feed.repository.ts
social-feed	social_platform_config	read	backend/src/modules/social-feed/social-feed.repository.ts
social-feed	social_feed_post	write	backend/src/modules/social-feed/social-feed.repository.ts
social-feed	social_platform_config	write	backend/src/modules/social-feed/social-feed.repository.ts
tasks	template	read	backend/src/modules/tasks/task.controller.ts
tasks	task_template	read	backend/src/modules/tasks/task.service.ts
tasks	task_template_item	read	backend/src/modules/tasks/task.service.ts
tasks	task_master	read	backend/src/modules/tasks/task.service.ts
tasks	employee_task	read	backend/src/modules/tasks/task.service.ts
tasks	template	read	backend/src/modules/tasks/task.service.ts
tasks	employees	read	backend/src/modules/tasks/task.service.ts
tasks	employee_task_comment	read	backend/src/modules/tasks/task.service.ts
tasks	auth_user	read	backend/src/modules/tasks/task.service.ts
tasks	employee_task	write	backend/src/modules/tasks/task.service.ts
tasks	employee_task_checklist	write	backend/src/modules/tasks/task.service.ts
tasks	employee_task_comment	write	backend/src/modules/tasks/task.service.ts
uat-pipeline	adding	read	backend/src/modules/uat-pipeline/control-plane.ts
uat-pipeline	uat_approver_delegation	read	backend/src/modules/uat-pipeline/uat-approval.service.ts
uat-pipeline	uat_feedback	read	backend/src/modules/uat-pipeline/uat-approval.service.ts
uat-pipeline	uat_approval	read	backend/src/modules/uat-pipeline/uat-approval.service.ts
uat-pipeline	uat_approval	write	backend/src/modules/uat-pipeline/uat-approval.service.ts
uat-pipeline	uat_approver_delegation	write	backend/src/modules/uat-pipeline/uat-approval.service.ts
uat-pipeline	uat_feedback_attachment	read	backend/src/modules/uat-pipeline/uat-attachment.service.ts
uat-pipeline	uat_feedback	read	backend/src/modules/uat-pipeline/uat-attachment.service.ts
uat-pipeline	uat_feedback_attachment	write	backend/src/modules/uat-pipeline/uat-attachment.service.ts
uat-pipeline	uat_gate_status	read	backend/src/modules/uat-pipeline/uat-build-dispatch.service.ts
uat-pipeline	uat_build_run	read	backend/src/modules/uat-pipeline/uat-build-dispatch.service.ts
uat-pipeline	uat_build_run	write	backend/src/modules/uat-pipeline/uat-build-dispatch.service.ts
uat-pipeline	uat_checklist_item	read	backend/src/modules/uat-pipeline/uat-checklist.repo.ts
uat-pipeline	uat_capability_hit	read	backend/src/modules/uat-pipeline/uat-checklist.repo.ts
uat-pipeline	uat_checklist_evaluation	write	backend/src/modules/uat-pipeline/uat-checklist.repo.ts
uat-pipeline	uat_capability_hit	write	backend/src/modules/uat-pipeline/uat-checklist.repo.ts
uat-pipeline	protected	read	backend/src/modules/uat-pipeline/uat-checklist.service.ts
uat-pipeline	capability	read	backend/src/modules/uat-pipeline/uat-checklist.service.ts
uat-pipeline	whatever	read	backend/src/modules/uat-pipeline/uat-cost.service.ts
uat-pipeline	uat_model_pricing	read	backend/src/modules/uat-pipeline/uat-cost.service.ts
uat-pipeline	input_tokens	read	backend/src/modules/uat-pipeline/uat-cost.service.ts
uat-pipeline	uat_llm_call	read	backend/src/modules/uat-pipeline/uat-cost.service.ts
uat-pipeline	uat_llm_call	write	backend/src/modules/uat-pipeline/uat-cost.service.ts
uat-pipeline	introducing	read	backend/src/modules/uat-pipeline/uat-dedup.service.ts
uat-pipeline	uat_feedback	read	backend/src/modules/uat-pipeline/uat-dedup.service.ts
uat-pipeline	uat_feedback	write	backend/src/modules/uat-pipeline/uat-dedup.service.ts
uat-pipeline	uat_feedback_event	write	backend/src/modules/uat-pipeline/uat-dedup.service.ts
uat-pipeline	uat_feedback	read	backend/src/modules/uat-pipeline/uat-feedback.service.ts
uat-pipeline	employees	read	backend/src/modules/uat-pipeline/uat-feedback.service.ts
uat-pipeline	uat_feedback_event	read	backend/src/modules/uat-pipeline/uat-feedback.service.ts
uat-pipeline	uat_static_scan	read	backend/src/modules/uat-pipeline/uat-feedback.service.ts
uat-pipeline	uat_feedback_comment	read	backend/src/modules/uat-pipeline/uat-feedback.service.ts
uat-pipeline	uat_feedback	write	backend/src/modules/uat-pipeline/uat-feedback.service.ts
uat-pipeline	uat_feedback_comment	write	backend/src/modules/uat-pipeline/uat-feedback.service.ts
uat-pipeline	uat_change_type_policy	read	backend/src/modules/uat-pipeline/uat-governance.service.ts
uat-pipeline	status	read	backend/src/modules/uat-pipeline/uat-governance.service.ts
uat-pipeline	uat_approval	read	backend/src/modules/uat-pipeline/uat-governance.service.ts
uat-pipeline	uat_feedback	read	backend/src/modules/uat-pipeline/uat-governance.service.ts
uat-pipeline	uat_pipeline_config	read	backend/src/modules/uat-pipeline/uat-governance.service.ts
uat-pipeline	uat_approval	write	backend/src/modules/uat-pipeline/uat-governance.service.ts
uat-pipeline	uat_feedback	write	backend/src/modules/uat-pipeline/uat-governance.service.ts
uat-pipeline	EVERY	read	backend/src/modules/uat-pipeline/uat-impact-index.ts
uat-pipeline	body_redacted	read	backend/src/modules/uat-pipeline/uat-internal.routes.ts
uat-pipeline	uat_build_run	read	backend/src/modules/uat-pipeline/uat-internal.routes.ts
uat-pipeline	uat_build_run	write	backend/src/modules/uat-pipeline/uat-internal.routes.ts
uat-pipeline	uat_job	read	backend/src/modules/uat-pipeline/uat-job-runner.ts
uat-pipeline	uat_job	write	backend/src/modules/uat-pipeline/uat-job-runner.ts
uat-pipeline	uat_feedback	read	backend/src/modules/uat-pipeline/uat-jobs.handlers.ts
uat-pipeline	uat_static_scan	read	backend/src/modules/uat-pipeline/uat-jobs.handlers.ts
uat-pipeline	uat_feedback	read	backend/src/modules/uat-pipeline/uat-notification.service.ts
uat-pipeline	GitHub	read	backend/src/modules/uat-pipeline/uat-oidc-verify.service.ts
uat-pipeline	signature	read	backend/src/modules/uat-pipeline/uat-oidc-verify.service.ts
uat-pipeline	repository	read	backend/src/modules/uat-pipeline/uat-oidc-verify.service.ts
uat-pipeline	calling	read	backend/src/modules/uat-pipeline/uat-oidc-verify.service.ts
uat-pipeline	inside	read	backend/src/modules/uat-pipeline/uat-pipeline.routes.ts
uat-pipeline	uat_feedback	read	backend/src/modules/uat-pipeline/uat-pipeline.routes.ts
uat-pipeline	uat_approval	read	backend/src/modules/uat-pipeline/uat-pipeline.routes.ts
uat-pipeline	uat_approver_delegation	read	backend/src/modules/uat-pipeline/uat-pipeline.routes.ts
uat-pipeline	uat_checklist_evaluation	read	backend/src/modules/uat-pipeline/uat-pipeline.routes.ts
uat-pipeline	uat_capability_hit	read	backend/src/modules/uat-pipeline/uat-pipeline.routes.ts
uat-pipeline	uat_llm_call	read	backend/src/modules/uat-pipeline/uat-pipeline.routes.ts
uat-pipeline	analysis	read	backend/src/modules/uat-pipeline/uat-prompt-writer.service.ts
uat-pipeline	uat_build_prompt	read	backend/src/modules/uat-pipeline/uat-prompt.repo.ts
uat-pipeline	uat_feedback	read	backend/src/modules/uat-pipeline/uat-prompt.repo.ts
uat-pipeline	uat_build_prompt	write	backend/src/modules/uat-pipeline/uat-prompt.repo.ts
uat-pipeline	uat_feedback	read	backend/src/modules/uat-pipeline/uat-release.service.ts
uat-pipeline	uat_retest	read	backend/src/modules/uat-pipeline/uat-release.service.ts
uat-pipeline	uat_release	write	backend/src/modules/uat-pipeline/uat-release.service.ts
uat-pipeline	uat_feedback	write	backend/src/modules/uat-pipeline/uat-release.service.ts
uat-pipeline	uat_retest	write	backend/src/modules/uat-pipeline/uat-release.service.ts
uat-pipeline	uat_rollback	write	backend/src/modules/uat-pipeline/uat-release.service.ts
uat-pipeline	uat_sla_policy	read	backend/src/modules/uat-pipeline/uat-sla.service.ts
uat-pipeline	submitted	read	backend/src/modules/uat-pipeline/uat-state-machine.ts
uat-pipeline	production_verified	read	backend/src/modules/uat-pipeline/uat-state-machine.ts
uat-pipeline	merged	read	backend/src/modules/uat-pipeline/uat-state-machine.ts
uat-pipeline	which	read	backend/src/modules/uat-pipeline/uat-state-machine.ts
uat-pipeline	uat_feedback	read	backend/src/modules/uat-pipeline/uat-state-machine.ts
uat-pipeline	before	write	backend/src/modules/uat-pipeline/uat-state-machine.ts
uat-pipeline	uat_feedback	write	backend/src/modules/uat-pipeline/uat-state-machine.ts
uat-pipeline	uat_feedback_event	write	backend/src/modules/uat-pipeline/uat-state-machine.ts
uat-pipeline	seeing	read	backend/src/modules/uat-pipeline/uat-static-scan.service.ts
uat-pipeline	uat_static_scan	write	backend/src/modules/uat-pipeline/uat-static-scan.service.ts
uat-pipeline	uat_feedback	write	backend/src/modules/uat-pipeline/uat-static-scan.service.ts
visitor	branch_master	read	backend/src/modules/visitor/visitor.repository.ts
visitor	employees	read	backend/src/modules/visitor/visitor.repository.ts
visitor	visitor_profile	read	backend/src/modules/visitor/visitor.repository.ts
visitor	visitor_visit	read	backend/src/modules/visitor/visitor.repository.ts
visitor	department_master	read	backend/src/modules/visitor/visitor.repository.ts
visitor	designation_master	read	backend/src/modules/visitor/visitor.repository.ts
visitor	visitor_companion	read	backend/src/modules/visitor/visitor.repository.ts
visitor	visitor_belonging	read	backend/src/modules/visitor/visitor.repository.ts
visitor	visitor_vehicle	read	backend/src/modules/visitor/visitor.repository.ts
visitor	visitor_approval	read	backend/src/modules/visitor/visitor.repository.ts
visitor	visitor_check_event	read	backend/src/modules/visitor/visitor.repository.ts
visitor	visitor_profile	write	backend/src/modules/visitor/visitor.repository.ts
visitor	visitor_visit	write	backend/src/modules/visitor/visitor.repository.ts
visitor	visitor_companion	write	backend/src/modules/visitor/visitor.repository.ts
visitor	visitor_vehicle	write	backend/src/modules/visitor/visitor.repository.ts
visitor	visitor_belonging	write	backend/src/modules/visitor/visitor.repository.ts
visitor	visitor_approval	write	backend/src/modules/visitor/visitor.repository.ts
visitor	visitor_consent	write	backend/src/modules/visitor/visitor.repository.ts
visitor	employees	read	backend/src/modules/visitor/visitor.service.ts
visitor	designation_master	read	backend/src/modules/visitor/visitor.service.ts
visitor	department_master	read	backend/src/modules/visitor/visitor.service.ts
visitor	visitor_visit	read	backend/src/modules/visitor/visitor.service.ts
visitor	visitor_badge	read	backend/src/modules/visitor/visitor.service.ts
visitor	branch_master	read	backend/src/modules/visitor/visitor.service.ts
visitor	visitor_profile	read	backend/src/modules/visitor/visitor.service.ts
visitor	visitor_visit	write	backend/src/modules/visitor/visitor.service.ts
visitor	visitor_check_event	write	backend/src/modules/visitor/visitor.service.ts
visitor	visitor_approval	write	backend/src/modules/visitor/visitor.service.ts
visitor	visitor_badge	write	backend/src/modules/visitor/visitor.service.ts
visitor	visitor_belonging	write	backend/src/modules/visitor/visitor.service.ts
wfm	ViciDial	read	backend/src/modules/wfm/apr-attendance.service.ts
wfm	salary_prep_run	read	backend/src/modules/wfm/apr-payroll-reconciliation.service.ts
wfm	attendance_reconciliation_issue	read	backend/src/modules/wfm/apr-payroll-reconciliation.service.ts
wfm	employees	read	backend/src/modules/wfm/apr-payroll-reconciliation.service.ts
wfm	attendance_daily_record	read	backend/src/modules/wfm/apr-payroll-reconciliation.service.ts
wfm	attendance_regularization	read	backend/src/modules/wfm/apr-payroll-reconciliation.service.ts
wfm	salary_prep_line	read	backend/src/modules/wfm/apr-payroll-reconciliation.service.ts
wfm	attendance_reconciliation_issue	write	backend/src/modules/wfm/apr-payroll-reconciliation.service.ts
wfm	attendance_daily_record	write	backend/src/modules/wfm/apr-payroll-reconciliation.service.ts
wfm	colliding	read	backend/src/modules/wfm/attendance-apr-bulk.routes.ts
wfm	employees	read	backend/src/modules/wfm/attendance-apr-bulk.routes.ts
wfm	department_master	read	backend/src/modules/wfm/attendance-apr-bulk.routes.ts
wfm	designation_master	read	backend/src/modules/wfm/attendance-apr-bulk.routes.ts
wfm	attendance_daily_record	read	backend/src/modules/wfm/attendance-apr-bulk.routes.ts
wfm	attendance_regularization	read	backend/src/modules/wfm/attendance-apr-bulk.routes.ts
wfm	errors	read	backend/src/modules/wfm/attendance-apr-bulk.routes.ts
wfm	attendance_daily_record	write	backend/src/modules/wfm/attendance-apr-bulk.routes.ts
wfm	attendance_daily_record	read	backend/src/modules/wfm/attendance-daily-scoped.routes.ts
wfm	employees	read	backend/src/modules/wfm/attendance-daily-scoped.routes.ts
wfm	department_master	read	backend/src/modules/wfm/attendance-daily-scoped.routes.ts
wfm	branch_master	read	backend/src/modules/wfm/attendance-daily-scoped.routes.ts
wfm	process_master	read	backend/src/modules/wfm/attendance-daily-scoped.routes.ts
wfm	cost_centre_master	read	backend/src/modules/wfm/attendance-daily-scoped.routes.ts
wfm	fromSql	read	backend/src/modules/wfm/attendance-daily-scoped.routes.ts
wfm	would	read	backend/src/modules/wfm/attendance-daily-scoped.routes.ts
wfm	local	read	backend/src/modules/wfm/attendance-daily-scoped.routes.ts
wfm	break_daily_summary	read	backend/src/modules/wfm/attendance-daily-scoped.routes.ts
wfm	mas_hrms	read	backend/src/modules/wfm/attendance-daily-scoped.routes.ts
wfm	user_roles	read	backend/src/modules/wfm/attendance-engine.routes.ts
wfm	user_assignment_scope	read	backend/src/modules/wfm/attendance-engine.routes.ts
wfm	employees	read	backend/src/modules/wfm/attendance-engine.routes.ts
wfm	department_master	read	backend/src/modules/wfm/attendance-engine.routes.ts
wfm	branch_master	read	backend/src/modules/wfm/attendance-engine.routes.ts
wfm	process_master	read	backend/src/modules/wfm/attendance-engine.routes.ts
wfm	cost_centre_master	read	backend/src/modules/wfm/attendance-engine.routes.ts
wfm	designation_master	read	backend/src/modules/wfm/attendance-engine.routes.ts
wfm	break_daily_summary	read	backend/src/modules/wfm/attendance-engine.routes.ts
wfm	break_sessions	read	backend/src/modules/wfm/attendance-engine.routes.ts
wfm	mas_hrms	read	backend/src/modules/wfm/attendance-engine.routes.ts
wfm	ViciDial	read	backend/src/modules/wfm/attendance-engine.routes.ts
wfm	biometric_attendance_log	read	backend/src/modules/wfm/attendance-engine.routes.ts
wfm	attendance_daily_record	read	backend/src/modules/wfm/attendance-engine.routes.ts
wfm	salary_prep_run	read	backend/src/modules/wfm/attendance-engine.routes.ts
wfm	salary_prep_line	read	backend/src/modules/wfm/attendance-engine.routes.ts
wfm	attendance_daily_record	write	backend/src/modules/wfm/attendance-engine.routes.ts
wfm	attendance_feature_config	read	backend/src/modules/wfm/attendance-engine.service.ts
wfm	wfm_roster_assignment	read	backend/src/modules/wfm/attendance-engine.service.ts
wfm	wfm_shift_master	read	backend/src/modules/wfm/attendance-engine.service.ts
wfm	attendance_rule_config	read	backend/src/modules/wfm/attendance-engine.service.ts
wfm	apr_eligibility_config	read	backend/src/modules/wfm/attendance-engine.service.ts
wfm	leave_request	read	backend/src/modules/wfm/attendance-engine.service.ts
wfm	leave_holiday_master	read	backend/src/modules/wfm/attendance-engine.service.ts
wfm	holiday_cost_centre_mapping	read	backend/src/modules/wfm/attendance-engine.service.ts
wfm	holiday_designation_mapping	read	backend/src/modules/wfm/attendance-engine.service.ts
wfm	roster	read	backend/src/modules/wfm/attendance-engine.service.ts
wfm	mas_hrms	read	backend/src/modules/wfm/attendance-engine.service.ts
wfm	dialer_session_log	read	backend/src/modules/wfm/attendance-engine.service.ts
wfm	employees	read	backend/src/modules/wfm/attendance-engine.service.ts
wfm	wfm_attendance_session	read	backend/src/modules/wfm/attendance-engine.service.ts
wfm	integration_biometric_daily	read	backend/src/modules/wfm/attendance-engine.service.ts
wfm	attendance_daily_record	read	backend/src/modules/wfm/attendance-engine.service.ts
wfm	biometric_attendance_log	read	backend/src/modules/wfm/attendance-engine.service.ts
wfm	work_inbox_item	read	backend/src/modules/wfm/attendance-engine.service.ts
wfm	department_master	read	backend/src/modules/wfm/attendance-engine.service.ts
wfm	designation_master	read	backend/src/modules/wfm/attendance-engine.service.ts
wfm	whoever	read	backend/src/modules/wfm/attendance-engine.service.ts
wfm	process_master	read	backend/src/modules/wfm/attendance-engine.service.ts
wfm	branch_master	read	backend/src/modules/wfm/attendance-engine.service.ts
wfm	attendance_daily_record	write	backend/src/modules/wfm/attendance-engine.service.ts
wfm	attendance_rule_config	write	backend/src/modules/wfm/attendance-engine.service.ts
wfm	attendance_reconciliation_issue	read	backend/src/modules/wfm/attendance-exceptions.routes.ts
wfm	employees	read	backend/src/modules/wfm/attendance-exceptions.routes.ts
wfm	branch_master	read	backend/src/modules/wfm/attendance-exceptions.routes.ts
wfm	process_master	read	backend/src/modules/wfm/attendance-exceptions.routes.ts
wfm	employees	read	backend/src/modules/wfm/attendance-manual-mark.routes.ts
wfm	attendance_daily_record	read	backend/src/modules/wfm/attendance-manual-mark.routes.ts
wfm	attendance_daily_record	write	backend/src/modules/wfm/attendance-manual-mark.routes.ts
wfm	attendance_reconciliation_issue	read	backend/src/modules/wfm/attendance-mismatch-branch-digest.service.ts
wfm	employees	read	backend/src/modules/wfm/attendance-mismatch-branch-digest.service.ts
wfm	branch_master	read	backend/src/modules/wfm/attendance-mismatch-branch-digest.service.ts
wfm	MSSQL	read	backend/src/modules/wfm/attendance-realtime-ncosec.service.ts
wfm	NCOSEC	read	backend/src/modules/wfm/attendance-realtime-ncosec.service.ts
wfm	employees	read	backend/src/modules/wfm/attendance-realtime-ncosec.service.ts
wfm	employee_external_mapping	read	backend/src/modules/wfm/attendance-realtime-ncosec.service.ts
wfm	clock	read	backend/src/modules/wfm/attendance-realtime-ncosec.service.ts
wfm	department_master	read	backend/src/modules/wfm/attendance-realtime-ncosec.service.ts
wfm	branch_master	read	backend/src/modules/wfm/attendance-realtime-ncosec.service.ts
wfm	process_master	read	backend/src/modules/wfm/attendance-realtime-ncosec.service.ts
wfm	cost_centre_master	read	backend/src/modules/wfm/attendance-realtime-ncosec.service.ts
wfm	leave_holiday_master	read	backend/src/modules/wfm/attendance-realtime-ncosec.service.ts
wfm	holiday_cost_centre_mapping	read	backend/src/modules/wfm/attendance-realtime-ncosec.service.ts
wfm	holiday_designation_mapping	read	backend/src/modules/wfm/attendance-realtime-ncosec.service.ts
wfm	leave_request	read	backend/src/modules/wfm/attendance-realtime-ncosec.service.ts
wfm	leave_type_master	read	backend/src/modules/wfm/attendance-realtime-ncosec.service.ts
wfm	roster	read	backend/src/modules/wfm/attendance-realtime-ncosec.service.ts
wfm	wfm_roster_assignment	read	backend/src/modules/wfm/attendance-realtime-ncosec.service.ts
wfm	attendance_daily_record	read	backend/src/modules/wfm/attendance-realtime-ncosec.service.ts
wfm	their	read	backend/src/modules/wfm/attendance-reconciliation-mapping.ts
wfm	attendance_reconciliation_issue	read	backend/src/modules/wfm/attendance-reconciliation.service.ts
wfm	attendance_reconciliation_cosec_exclusion	read	backend/src/modules/wfm/attendance-reconciliation.service.ts
wfm	employees	read	backend/src/modules/wfm/attendance-reconciliation.service.ts
wfm	employee_biometric_enrollment	read	backend/src/modules/wfm/attendance-reconciliation.service.ts
wfm	integration_biometric_daily	read	backend/src/modules/wfm/attendance-reconciliation.service.ts
wfm	attendance_daily_record	read	backend/src/modules/wfm/attendance-reconciliation.service.ts
wfm	dialer_session_log	read	backend/src/modules/wfm/attendance-reconciliation.service.ts
wfm	attendance_reconciliation_issue	write	backend/src/modules/wfm/attendance-reconciliation.service.ts
wfm	attendance_regularization	read	backend/src/modules/wfm/attendance.notifications.ts
wfm	employees	read	backend/src/modules/wfm/attendance.notifications.ts
wfm	attendance_daily_record	read	backend/src/modules/wfm/attendance.notifications.ts
wfm	users	read	backend/src/modules/wfm/attendance.notifications.ts
wfm	assignment	read	backend/src/modules/wfm/auto-roster-synced.routes.ts
wfm	wfm_roster_plan	read	backend/src/modules/wfm/auto-roster-synced.service.ts
wfm	wfm_roster_plan_control	read	backend/src/modules/wfm/auto-roster-synced.service.ts
wfm	process_master	read	backend/src/modules/wfm/auto-roster-synced.service.ts
wfm	branch_master	read	backend/src/modules/wfm/auto-roster-synced.service.ts
wfm	employees	read	backend/src/modules/wfm/auto-roster-synced.service.ts
wfm	leave_request	read	backend/src/modules/wfm/auto-roster-synced.service.ts
wfm	week_off_preference	read	backend/src/modules/wfm/auto-roster-synced.service.ts
wfm	employee_roster_preference	read	backend/src/modules/wfm/auto-roster-synced.service.ts
wfm	wfm_shift	read	backend/src/modules/wfm/auto-roster-synced.service.ts
wfm	wfm_shift_master	read	backend/src/modules/wfm/auto-roster-synced.service.ts
wfm	wfm_client_slot_requirement	read	backend/src/modules/wfm/auto-roster-synced.service.ts
wfm	wfm_slot_requirement	read	backend/src/modules/wfm/auto-roster-synced.service.ts
wfm	wfm_roster_coverage_matrix	read	backend/src/modules/wfm/auto-roster-synced.service.ts
wfm	wfm_roster_conflict_log	read	backend/src/modules/wfm/auto-roster-synced.service.ts
wfm	wfm_roster_assignment	read	backend/src/modules/wfm/auto-roster-synced.service.ts
wfm	wfm_roster_assignment_control	read	backend/src/modules/wfm/auto-roster-synced.service.ts
wfm	attendance_daily_record	read	backend/src/modules/wfm/auto-roster-synced.service.ts
wfm	before	read	backend/src/modules/wfm/auto-roster-synced.service.ts
wfm	wfm_roster_event_log	read	backend/src/modules/wfm/auto-roster-synced.service.ts
wfm	wfm_roster_approval_log	read	backend/src/modules/wfm/auto-roster-synced.service.ts
wfm	wfm_roster_change_request	read	backend/src/modules/wfm/auto-roster-synced.service.ts
wfm	wfm_process_planning_rule	read	backend/src/modules/wfm/auto-roster-synced.service.ts
wfm	wfm_roster_event_log	write	backend/src/modules/wfm/auto-roster-synced.service.ts
wfm	wfm_roster_notification_log	write	backend/src/modules/wfm/auto-roster-synced.service.ts
wfm	wfm_roster_conflict_log	write	backend/src/modules/wfm/auto-roster-synced.service.ts
wfm	wfm_roster_coverage_matrix	write	backend/src/modules/wfm/auto-roster-synced.service.ts
wfm	wfm_roster_plan_control	write	backend/src/modules/wfm/auto-roster-synced.service.ts
wfm	wfm_client_slot_requirement	write	backend/src/modules/wfm/auto-roster-synced.service.ts
wfm	wfm_roster_plan	write	backend/src/modules/wfm/auto-roster-synced.service.ts
wfm	wfm_roster_assignment_control	write	backend/src/modules/wfm/auto-roster-synced.service.ts
wfm	wfm_roster_assignment	write	backend/src/modules/wfm/auto-roster-synced.service.ts
wfm	wfm_roster_approval_log	write	backend/src/modules/wfm/auto-roster-synced.service.ts
wfm	wfm_roster_change_request	write	backend/src/modules/wfm/auto-roster-synced.service.ts
wfm	wfm_roster_manager_task	write	backend/src/modules/wfm/auto-roster-synced.service.ts
wfm	support	write	backend/src/modules/wfm/auto-roster-synced.service.ts
wfm	required	write	backend/src/modules/wfm/auto-roster-synced.service.ts
wfm	wfm_roster_acknowledgement	write	backend/src/modules/wfm/auto-roster-synced.service.ts
wfm	wfm_process_planning_rule	write	backend/src/modules/wfm/auto-roster-synced.service.ts
wfm	employee_external_mapping	read	backend/src/modules/wfm/biometric-logs.service.ts
wfm	employees	read	backend/src/modules/wfm/biometric-logs.service.ts
wfm	employee_biometric_enrollment	read	backend/src/modules/wfm/biometric-logs.service.ts
wfm	branch_master	read	backend/src/modules/wfm/biometric-logs.service.ts
wfm	process_master	read	backend/src/modules/wfm/biometric-logs.service.ts
wfm	cosec_punch_sync	read	backend/src/modules/wfm/biometric-logs.service.ts
wfm	biometric_attendance_log	read	backend/src/modules/wfm/biometric-logs.service.ts
wfm	attendance_daily_record	read	backend/src/modules/wfm/biometric-logs.service.ts
wfm	COSEC	read	backend/src/modules/wfm/biometric-punch.routes.ts
wfm	enrollment	read	backend/src/modules/wfm/biometric-punch.routes.ts
wfm	employee_biometric_enrollment	read	backend/src/modules/wfm/biometric-punch.routes.ts
wfm	employees	read	backend/src/modules/wfm/biometric-punch.routes.ts
wfm	branch_master	read	backend/src/modules/wfm/biometric-punch.routes.ts
wfm	process_master	read	backend/src/modules/wfm/biometric-punch.routes.ts
wfm	integration_biometric_daily	read	backend/src/modules/wfm/biometric-punch.routes.ts
wfm	integration_biometric_daily	write	backend/src/modules/wfm/biometric-punch.routes.ts
wfm	wfm_attendance_session	write	backend/src/modules/wfm/biometric-punch.routes.ts
wfm	attendance_daily_record	write	backend/src/modules/wfm/biometric-punch.routes.ts
wfm	attendance_daily_record	read	backend/src/modules/wfm/biometric-summary.routes.ts
wfm	employees	read	backend/src/modules/wfm/biometric-summary.routes.ts
wfm	leave_request	read	backend/src/modules/wfm/biometric-summary.routes.ts
wfm	attendance_regularization	read	backend/src/modules/wfm/biometric-summary.routes.ts
wfm	wfm_roster_assignment	read	backend/src/modules/wfm/biometric-summary.routes.ts
wfm	wfm_shift_master	read	backend/src/modules/wfm/biometric-summary.routes.ts
wfm	integration_biometric_daily	read	backend/src/modules/wfm/biometric-summary.routes.ts
wfm	branch_wfm_spoc_config	read	backend/src/modules/wfm/branch-wfm-spoc.service.ts
wfm	branch_master	read	backend/src/modules/wfm/branch-wfm-spoc.service.ts
wfm	employees	read	backend/src/modules/wfm/branch-wfm-spoc.service.ts
wfm	branch_wfm_spoc_config	write	backend/src/modules/wfm/branch-wfm-spoc.service.ts
wfm	NCOSEC	read	backend/src/modules/wfm/cosec-integration.bootstrap.ts
wfm	integration_schedule	read	backend/src/modules/wfm/cosec-integration.bootstrap.ts
wfm	integration_config	write	backend/src/modules/wfm/cosec-integration.bootstrap.ts
wfm	integration_table_map	write	backend/src/modules/wfm/cosec-integration.bootstrap.ts
wfm	integration_field_map	write	backend/src/modules/wfm/cosec-integration.bootstrap.ts
wfm	integration_schedule	write	backend/src/modules/wfm/cosec-integration.bootstrap.ts
wfm	integration_event_log	write	backend/src/modules/wfm/cosec-integration.bootstrap.ts
wfm	integration_config	read	backend/src/modules/wfm/cosec-sync.routes.ts
wfm	integration_schedule	read	backend/src/modules/wfm/cosec-sync.routes.ts
wfm	biometric_attendance_log	read	backend/src/modules/wfm/cosec-sync.routes.ts
wfm	attendance_daily_record	read	backend/src/modules/wfm/cosec-sync.routes.ts
wfm	cosec_unmapped_users	read	backend/src/modules/wfm/cosec-sync.routes.ts
wfm	source_sync_watermark	read	backend/src/modules/wfm/cosec-sync.routes.ts
wfm	integration_biometric_daily	read	backend/src/modules/wfm/cosec-sync.service.ts
wfm	wfm_external_punch_staging	read	backend/src/modules/wfm/cosec-sync.service.ts
wfm	stg_legacy_attendance	read	backend/src/modules/wfm/cosec-sync.service.ts
wfm	employees	read	backend/src/modules/wfm/cosec-sync.service.ts
wfm	employee_biometric_enrollment	read	backend/src/modules/wfm/cosec-sync.service.ts
wfm	branch_master	read	backend/src/modules/wfm/cosec-sync.service.ts
wfm	process_master	read	backend/src/modules/wfm/cosec-sync.service.ts
wfm	wfm_roster_assignment	read	backend/src/modules/wfm/cosec-sync.service.ts
wfm	salary_prep_run	read	backend/src/modules/wfm/cosec-sync.service.ts
wfm	attendance_reconciliation_cosec_exclusion	read	backend/src/modules/wfm/cosec-sync.service.ts
wfm	employee_biometric_enrollment	write	backend/src/modules/wfm/cosec-sync.service.ts
wfm	biometric_attendance_log	write	backend/src/modules/wfm/cosec-sync.service.ts
wfm	integration_biometric_daily	write	backend/src/modules/wfm/cosec-sync.service.ts
wfm	wfm_attendance_session	write	backend/src/modules/wfm/cosec-sync.service.ts
wfm	attendance_daily_record	write	backend/src/modules/wfm/cosec-sync.service.ts
wfm	integration_sync_run	write	backend/src/modules/wfm/cosec-sync.service.ts
wfm	integration_biometric_daily	read	backend/src/modules/wfm/cosec-sync.worker.ts
wfm	stale	read	backend/src/modules/wfm/cosec-sync.worker.ts
wfm	biometric_attendance_log	read	backend/src/modules/wfm/cosec-sync.worker.ts
wfm	minimum	read	backend/src/modules/wfm/hcCalculation.service.ts
wfm	wfm_header_mapping_profile	read	backend/src/modules/wfm/header-mapping-profile.service.ts
wfm	wfm_header_mapping_profile	write	backend/src/modules/wfm/header-mapping-profile.service.ts
wfm	partial	write	backend/src/modules/wfm/header-mapping-profile.service.ts
wfm	roster	read	backend/src/modules/wfm/liveTracker.service.ts
wfm	wfm_roster_assignment	read	backend/src/modules/wfm/liveTracker.service.ts
wfm	employees	read	backend/src/modules/wfm/liveTracker.service.ts
wfm	wfm_shift_master	read	backend/src/modules/wfm/liveTracker.service.ts
wfm	wfm_attendance_session	read	backend/src/modules/wfm/liveTracker.service.ts
wfm	attendance	read	backend/src/modules/wfm/mismatch-review.routes.ts
wfm	attendance_daily_record	read	backend/src/modules/wfm/mismatch-review.routes.ts
wfm	employees	read	backend/src/modules/wfm/mismatch-review.routes.ts
wfm	branch_master	read	backend/src/modules/wfm/mismatch-review.routes.ts
wfm	process_master	read	backend/src/modules/wfm/mismatch-review.routes.ts
wfm	designation_master	read	backend/src/modules/wfm/mismatch-review.routes.ts
wfm	attendance_daily_record	write	backend/src/modules/wfm/mismatch-review.routes.ts
wfm	query	read	backend/src/modules/wfm/planning-mode.middleware.ts
wfm	process_master	read	backend/src/modules/wfm/planning-mode.service.ts
wfm	process_master	write	backend/src/modules/wfm/planning-mode.service.ts
wfm	wfm_process_planning_rule	read	backend/src/modules/wfm/planningRule.service.ts
wfm	process_master	read	backend/src/modules/wfm/planningRule.service.ts
wfm	wfm_process_planning_rule	write	backend/src/modules/wfm/planningRule.service.ts
wfm	wfm_rest_policy	read	backend/src/modules/wfm/rest-policy-config.service.ts
wfm	wfm_rest_policy	write	backend/src/modules/wfm/rest-policy-config.service.ts
wfm	wfm_rest_policy	read	backend/src/modules/wfm/rest-policy.service.ts
wfm	wfm_roster_assignment	read	backend/src/modules/wfm/rest-policy.service.ts
wfm	wfm_shift_template	read	backend/src/modules/wfm/rest-policy.service.ts
wfm	wfm_roster_conflict_log	write	backend/src/modules/wfm/rest-policy.service.ts
wfm	wfm_rest_override_log	write	backend/src/modules/wfm/rest-policy.service.ts
wfm	employees	read	backend/src/modules/wfm/roster-analytics.routes.ts
wfm	designation_master	read	backend/src/modules/wfm/roster-analytics.routes.ts
wfm	process_master	read	backend/src/modules/wfm/roster-analytics.routes.ts
wfm	branch_master	read	backend/src/modules/wfm/roster-analytics.routes.ts
wfm	wfm_roster_assignment	read	backend/src/modules/wfm/roster-analytics.routes.ts
wfm	attendance_daily_record	read	backend/src/modules/wfm/roster-analytics.routes.ts
wfm	wfm_shift_master	read	backend/src/modules/wfm/roster-analytics.routes.ts
wfm	employee_retention_recommendation	read	backend/src/modules/wfm/roster-analytics.routes.ts
wfm	call_quality_assessment	read	backend/src/modules/wfm/roster-analytics.routes.ts
wfm	wfm_break_log	read	backend/src/modules/wfm/roster-analytics.routes.ts
wfm	branch_master	read	backend/src/modules/wfm/roster-analytics.service.ts
wfm	employees	read	backend/src/modules/wfm/roster-analytics.service.ts
wfm	wfm_roster_assignment	read	backend/src/modules/wfm/roster-analytics.service.ts
wfm	wfm_shift_template	read	backend/src/modules/wfm/roster-analytics.service.ts
wfm	attendance_daily_record	read	backend/src/modules/wfm/roster-analytics.service.ts
wfm	process_master	read	backend/src/modules/wfm/roster-analytics.service.ts
wfm	workforce_mandate	read	backend/src/modules/wfm/roster-analytics.service.ts
wfm	kpi_score	read	backend/src/modules/wfm/roster-analytics.service.ts
wfm	roster_decision_audit	read	backend/src/modules/wfm/roster-audit.routes.ts
wfm	employees	read	backend/src/modules/wfm/roster-audit.routes.ts
wfm	process_master	read	backend/src/modules/wfm/roster-audit.routes.ts
wfm	branch_master	read	backend/src/modules/wfm/roster-audit.routes.ts
wfm	wfm_shift_master	read	backend/src/modules/wfm/roster-audit.routes.ts
wfm	roster_generation_run	read	backend/src/modules/wfm/roster-audit.routes.ts
wfm	wfm_roster_assignment	read	backend/src/modules/wfm/roster-builder.service.ts
wfm	employees	read	backend/src/modules/wfm/roster-builder.service.ts
wfm	wfm_shift_template	read	backend/src/modules/wfm/roster-builder.service.ts
wfm	branch_master	read	backend/src/modules/wfm/roster-import.routes.ts
wfm	wfm_roster_import_batch	write	backend/src/modules/wfm/roster-import.routes.ts
wfm	leave_request	read	backend/src/modules/wfm/roster-import.service.ts
wfm	employees	read	backend/src/modules/wfm/roster-import.service.ts
wfm	wfm_roster_import_batch	read	backend/src/modules/wfm/roster-import.service.ts
wfm	wfm_roster_assignment	read	backend/src/modules/wfm/roster-import.service.ts
wfm	auth_user	read	backend/src/modules/wfm/roster-import.service.ts
wfm	work_inbox_item	read	backend/src/modules/wfm/roster-import.service.ts
wfm	wfm_roster_import_row	read	backend/src/modules/wfm/roster-import.service.ts
wfm	wfm_shift_template	read	backend/src/modules/wfm/roster-import.service.ts
wfm	raw_value	read	backend/src/modules/wfm/roster-import.service.ts
wfm	designation_master	read	backend/src/modules/wfm/roster-import.service.ts
wfm	wfm_roster_import_batch	write	backend/src/modules/wfm/roster-import.service.ts
wfm	wfm_roster_import_row	write	backend/src/modules/wfm/roster-import.service.ts
wfm	batch	write	backend/src/modules/wfm/roster-import.service.ts
wfm	wfm_roster_assignment	write	backend/src/modules/wfm/roster-import.service.ts
wfm	work_inbox_item	write	backend/src/modules/wfm/roster-import.service.ts
wfm	assignments	write	backend/src/modules/wfm/roster-import.service.ts
wfm	audit_log	read	backend/src/modules/wfm/roster-intelligence.cron.ts
wfm	branch_master	read	backend/src/modules/wfm/roster-intelligence.cron.ts
wfm	employees	read	backend/src/modules/wfm/roster-intelligence.cron.ts
wfm	designation_master	read	backend/src/modules/wfm/roster-intelligence.cron.ts
wfm	audit_log	write	backend/src/modules/wfm/roster-intelligence.cron.ts
wfm	employees	read	backend/src/modules/wfm/roster-intelligence.routes.ts
wfm	branch_master	read	backend/src/modules/wfm/roster-intelligence.routes.ts
wfm	employees	read	backend/src/modules/wfm/roster-intelligence.service.ts
wfm	wfm_roster_assignment	read	backend/src/modules/wfm/roster-intelligence.service.ts
wfm	wfm_shift_template	read	backend/src/modules/wfm/roster-intelligence.service.ts
wfm	attendance_daily_record	read	backend/src/modules/wfm/roster-intelligence.service.ts
wfm	apr_requests	read	backend/src/modules/wfm/roster-intelligence.service.ts
wfm	branch_master	read	backend/src/modules/wfm/roster-intelligence.service.ts
wfm	process_master	read	backend/src/modules/wfm/roster-intelligence.service.ts
wfm	workforce_mandate	read	backend/src/modules/wfm/roster-intelligence.service.ts
wfm	Monday	read	backend/src/modules/wfm/roster-leave-guard.service.ts
wfm	leave_request	read	backend/src/modules/wfm/roster-leave-guard.service.ts
wfm	employee_roster_preference	read	backend/src/modules/wfm/roster-preference.service.ts
wfm	wfm_shift_template	read	backend/src/modules/wfm/roster-preference.service.ts
wfm	employees	read	backend/src/modules/wfm/roster-preference.service.ts
wfm	shift_flexibility_config	read	backend/src/modules/wfm/roster-preference.service.ts
wfm	employee_roster_preference	write	backend/src/modules/wfm/roster-preference.service.ts
wfm	shift_flexibility_config	write	backend/src/modules/wfm/roster-preference.service.ts
wfm	employees	read	backend/src/modules/wfm/roster-view.service.ts
wfm	whatever	read	backend/src/modules/wfm/roster-view.service.ts
wfm	roster	read	backend/src/modules/wfm/roster-view.service.ts
wfm	wfm_roster_assignment	read	backend/src/modules/wfm/roster-view.service.ts
wfm	process_master	read	backend/src/modules/wfm/roster-view.service.ts
wfm	branch_master	read	backend/src/modules/wfm/roster-view.service.ts
wfm	cost_centre_master	read	backend/src/modules/wfm/roster-view.service.ts
wfm	wfm_shift_template	read	backend/src/modules/wfm/roster-view.service.ts
wfm	attendance_daily_record	read	backend/src/modules/wfm/roster-view.service.ts
wfm	wfm_roster_assignment	read	backend/src/modules/wfm/roster.actual.secure.routes.ts
wfm	employees	read	backend/src/modules/wfm/roster.actual.secure.routes.ts
wfm	process_master	read	backend/src/modules/wfm/roster.actual.secure.routes.ts
wfm	wfm_shift_master	read	backend/src/modules/wfm/roster.actual.secure.routes.ts
wfm	branch_master	read	backend/src/modules/wfm/roster.actual.secure.routes.ts
wfm	shiftId	read	backend/src/modules/wfm/roster.service.ts
wfm	wfm_roster_assignment	read	backend/src/modules/wfm/roster.service.ts
wfm	employees	read	backend/src/modules/wfm/roster.service.ts
wfm	process_master	read	backend/src/modules/wfm/roster.service.ts
wfm	wfm_roster_plan	read	backend/src/modules/wfm/roster.service.ts
wfm	before	read	backend/src/modules/wfm/roster.service.ts
wfm	wfm_shift_master	read	backend/src/modules/wfm/roster.service.ts
wfm	branch_master	read	backend/src/modules/wfm/roster.service.ts
wfm	column	write	backend/src/modules/wfm/roster.service.ts
wfm	wfm_roster_plan	write	backend/src/modules/wfm/roster.service.ts
wfm	wfm_roster_assignment	write	backend/src/modules/wfm/roster.service.ts
wfm	wfm_rta_exception	read	backend/src/modules/wfm/rta-exception.service.ts
wfm	wfm_rta_exception	write	backend/src/modules/wfm/rta-exception.service.ts
wfm	state	write	backend/src/modules/wfm/rta-exception.service.ts
wfm	alias	read	backend/src/modules/wfm/shift-alias.routes.ts
wfm	shift	write	backend/src/modules/wfm/shift-alias.routes.ts
wfm	wfm_shift_alias	read	backend/src/modules/wfm/shift-alias.service.ts
wfm	alias	read	backend/src/modules/wfm/shift-alias.service.ts
wfm	wfm_shift_alias	write	backend/src/modules/wfm/shift-alias.service.ts
wfm	roster	read	backend/src/modules/wfm/shift-parser.service.ts
wfm	minutes	read	backend/src/modules/wfm/shift-parser.service.ts
wfm	wfm_slot_requirement	read	backend/src/modules/wfm/slotRequirement.service.ts
wfm	process_master	read	backend/src/modules/wfm/slotRequirement.service.ts
wfm	planning	read	backend/src/modules/wfm/slotRequirement.service.ts
wfm	wfm_slot_requirement	write	backend/src/modules/wfm/slotRequirement.service.ts
wfm	employees	read	backend/src/modules/wfm/team-attendance-month.routes.ts
wfm	designation_master	read	backend/src/modules/wfm/team-attendance-month.routes.ts
wfm	department_master	read	backend/src/modules/wfm/team-attendance-month.routes.ts
wfm	process_master	read	backend/src/modules/wfm/team-attendance-month.routes.ts
wfm	branch_master	read	backend/src/modules/wfm/team-attendance-month.routes.ts
wfm	record_date	read	backend/src/modules/wfm/team-attendance-month.routes.ts
wfm	attendance_daily_record	read	backend/src/modules/wfm/team-attendance-month.routes.ts
wfm	attendance_regularization	read	backend/src/modules/wfm/team-attendance-month.routes.ts
wfm	manager_raised_request	read	backend/src/modules/wfm/team-attendance-month.routes.ts
wfm	leave_type_master	read	backend/src/modules/wfm/team-attendance-month.routes.ts
wfm	manager_raised_request	write	backend/src/modules/wfm/team-attendance-month.routes.ts
wfm	process_master	read	backend/src/modules/wfm/weekoff-default-config.service.ts
wfm	branch_master	read	backend/src/modules/wfm/weekoff-default-config.service.ts
wfm	week_off_policy_default	read	backend/src/modules/wfm/weekoff-default-config.service.ts
wfm	week_off_policy_default	write	backend/src/modules/wfm/weekoff-default-config.service.ts
wfm	employees	read	backend/src/modules/wfm/weekoff-fairness.service.ts
wfm	weekoff_fairness_score	read	backend/src/modules/wfm/weekoff-fairness.service.ts
wfm	week_off_preference	read	backend/src/modules/wfm/weekoff-fairness.service.ts
wfm	weekoff_fairness_score	write	backend/src/modules/wfm/weekoff-fairness.service.ts
wfm	consecutives	write	backend/src/modules/wfm/weekoff-fairness.service.ts
wfm	attendance_daily_record	read	backend/src/modules/wfm/weekoff-worked-impact-simulator.service.ts
wfm	employees	read	backend/src/modules/wfm/weekoff-worked-impact-simulator.service.ts
wfm	branches	read	backend/src/modules/wfm/weekoff-worked-impact-simulator.service.ts
wfm	process_master	read	backend/src/modules/wfm/weekoff-worked-impact-simulator.service.ts
wfm	wfm_roster_assignment	read	backend/src/modules/wfm/weekoff-worked-impact-simulator.service.ts
wfm	salary_prep_run	read	backend/src/modules/wfm/weekoff-worked-impact-simulator.service.ts
wfm	salary_prep_line	read	backend/src/modules/wfm/weekoff-worked-impact-simulator.service.ts
wfm	finalized	read	backend/src/modules/wfm/weekoff-worked-impact-simulator.service.ts
wfm	process_weekoff_day_rule	read	backend/src/modules/wfm/weekoffDayRule.service.ts
wfm	weekoff_allocation_log	read	backend/src/modules/wfm/weekoffDayRule.service.ts
wfm	process_master	read	backend/src/modules/wfm/weekoffDayRule.service.ts
wfm	wfm_roster_assignment	read	backend/src/modules/wfm/weekoffDayRule.service.ts
wfm	process_weekoff_capacity	read	backend/src/modules/wfm/weekoffDayRule.service.ts
wfm	process_weekoff_day_rule	write	backend/src/modules/wfm/weekoffDayRule.service.ts
wfm	employees	read	backend/src/modules/wfm/wfm-compliance-analytics.routes.ts
wfm	wfm_roster_assignment	read	backend/src/modules/wfm/wfm-compliance-analytics.routes.ts
wfm	attendance_daily_record	read	backend/src/modules/wfm/wfm-compliance-analytics.routes.ts
wfm	wfm_shift_master	read	backend/src/modules/wfm/wfm-compliance-analytics.routes.ts
wfm	process_master	read	backend/src/modules/wfm/wfm-compliance-analytics.routes.ts
wfm	branch_master	read	backend/src/modules/wfm/wfm-compliance-analytics.routes.ts
wfm	employees	read	backend/src/modules/wfm/wfm-compliance-analytics.service.ts
wfm	branch_master	read	backend/src/modules/wfm/wfm-compliance-analytics.service.ts
wfm	process_master	read	backend/src/modules/wfm/wfm-compliance-analytics.service.ts
wfm	wfm_roster_assignment	read	backend/src/modules/wfm/wfm-compliance-analytics.service.ts
wfm	wfm_shift_master	read	backend/src/modules/wfm/wfm-compliance-analytics.service.ts
wfm	wfm_attendance_session	read	backend/src/modules/wfm/wfm-compliance-analytics.service.ts
wfm	wfm_break_log	read	backend/src/modules/wfm/wfm-compliance-analytics.service.ts
wfm	authenticated	read	backend/src/modules/wfm/wfm.controller.ts
wfm	employees	read	backend/src/modules/wfm/wfm.regularization.secure.routes.ts
wfm	leave_request	read	backend/src/modules/wfm/wfm.regularization.secure.routes.ts
wfm	attendance_daily_record	read	backend/src/modules/wfm/wfm.regularization.secure.routes.ts
wfm	salary_prep_run	read	backend/src/modules/wfm/wfm.regularization.secure.routes.ts
wfm	attendance_regularization	read	backend/src/modules/wfm/wfm.regularization.secure.routes.ts
wfm	integration_biometric_daily	read	backend/src/modules/wfm/wfm.regularization.secure.routes.ts
wfm	wfm_roster_assignment	read	backend/src/modules/wfm/wfm.regularization.secure.routes.ts
wfm	biometric_attendance_log	read	backend/src/modules/wfm/wfm.regularization.secure.routes.ts
wfm	branch_master	read	backend/src/modules/wfm/wfm.regularization.secure.routes.ts
wfm	process_master	read	backend/src/modules/wfm/wfm.regularization.secure.routes.ts
wfm	attendance_reason_master	read	backend/src/modules/wfm/wfm.regularization.secure.routes.ts
wfm	attendance_daily_record	read	backend/src/modules/wfm/wfm.routes.ts
wfm	wfm_break_log	read	backend/src/modules/wfm/wfm.routes.ts
wfm	user_assignment_scope	read	backend/src/modules/wfm/wfm.routes.ts
wfm	employees	read	backend/src/modules/wfm/wfm.routes.ts
wfm	week_off_preference	read	backend/src/modules/wfm/wfm.routes.ts
wfm	branch_master	read	backend/src/modules/wfm/wfm.routes.ts
wfm	designation_master	read	backend/src/modules/wfm/wfm.routes.ts
wfm	wfm_roster_assignment	read	backend/src/modules/wfm/wfm.routes.ts
wfm	process_master	read	backend/src/modules/wfm/wfm.routes.ts
wfm	wfm_shift_template	read	backend/src/modules/wfm/wfm.routes.ts
wfm	weekly_roster_cycle	read	backend/src/modules/wfm/wfm.routes.ts
wfm	discards	read	backend/src/modules/wfm/wfm.routes.ts
wfm	wfm_shift_master	read	backend/src/modules/wfm/wfm.routes.ts
wfm	being	read	backend/src/modules/wfm/wfm.routes.ts
wfm	draft	read	backend/src/modules/wfm/wfm.routes.ts
wfm	happens	read	backend/src/modules/wfm/wfm.routes.ts
wfm	auth_user	read	backend/src/modules/wfm/wfm.routes.ts
wfm	work_inbox_item	read	backend/src/modules/wfm/wfm.routes.ts
wfm	biometric_attendance_log	read	backend/src/modules/wfm/wfm.routes.ts
wfm	cosec_punch_sync	read	backend/src/modules/wfm/wfm.routes.ts
wfm	cosec_daily_agg	read	backend/src/modules/wfm/wfm.routes.ts
wfm	shared	read	backend/src/modules/wfm/wfm.routes.ts
wfm	clause	read	backend/src/modules/wfm/wfm.routes.ts
wfm	break_daily_summary	read	backend/src/modules/wfm/wfm.routes.ts
wfm	week_off_preference	write	backend/src/modules/wfm/wfm.routes.ts
wfm	employees	write	backend/src/modules/wfm/wfm.routes.ts
wfm	wfm_roster_assignment	write	backend/src/modules/wfm/wfm.routes.ts
wfm	roster_decision_audit	write	backend/src/modules/wfm/wfm.routes.ts
wfm	work_inbox_item	write	backend/src/modules/wfm/wfm.routes.ts
wfm	weekly_roster_cycle	write	backend/src/modules/wfm/wfm.routes.ts
wfm	wfm_shift_master	read	backend/src/modules/wfm/wfm.service.ts
wfm	wfm_roster_assignment	read	backend/src/modules/wfm/wfm.service.ts
wfm	wfm_attendance_session	read	backend/src/modules/wfm/wfm.service.ts
wfm	wfm_break_log	read	backend/src/modules/wfm/wfm.service.ts
wfm	attendance_reason_master	read	backend/src/modules/wfm/wfm.service.ts
wfm	attendance_regularization	read	backend/src/modules/wfm/wfm.service.ts
wfm	employees	read	backend/src/modules/wfm/wfm.service.ts
wfm	user_assignment_scope	read	backend/src/modules/wfm/wfm.service.ts
wfm	attendance_daily_record	read	backend/src/modules/wfm/wfm.service.ts
wfm	branch_master	read	backend/src/modules/wfm/wfm.service.ts
wfm	process_master	read	backend/src/modules/wfm/wfm.service.ts
wfm	wfm_shift_master	write	backend/src/modules/wfm/wfm.service.ts
wfm	route	write	backend/src/modules/wfm/wfm.service.ts
wfm	wfm_attendance_session	write	backend/src/modules/wfm/wfm.service.ts
wfm	wfm_break_log	write	backend/src/modules/wfm/wfm.service.ts
wfm	attendance_regularization	write	backend/src/modules/wfm/wfm.service.ts
wfm	attendance_daily_record	write	backend/src/modules/wfm/wfm.service.ts
wfm	work_inbox_item	write	backend/src/modules/wfm/wfm.service.ts
wfm-extensions	wfm_roster_assignment	read	backend/src/modules/wfm-extensions/wfm-ext.routes.ts
wfm-extensions	employees	read	backend/src/modules/wfm-extensions/wfm-ext.routes.ts
wfm-extensions	attendance_daily_record	read	backend/src/modules/wfm-extensions/wfm-ext.routes.ts
wfm-extensions	wfm_roster_swap_request	read	backend/src/modules/wfm-extensions/wfm-ext.service.ts
wfm-extensions	employees	read	backend/src/modules/wfm-extensions/wfm-ext.service.ts
wfm-extensions	wfm_roster_assignment	read	backend/src/modules/wfm-extensions/wfm-ext.service.ts
wfm-extensions	wfm_roster_conflict_log	read	backend/src/modules/wfm-extensions/wfm-ext.service.ts
wfm-extensions	wfm_coverage_snapshot	read	backend/src/modules/wfm-extensions/wfm-ext.service.ts
wfm-extensions	process_master	read	backend/src/modules/wfm-extensions/wfm-ext.service.ts
wfm-extensions	branch_master	read	backend/src/modules/wfm-extensions/wfm-ext.service.ts
wfm-extensions	attendance_daily_record	read	backend/src/modules/wfm-extensions/wfm-ext.service.ts
wfm-extensions	roster	read	backend/src/modules/wfm-extensions/wfm-ext.service.ts
wfm-extensions	attrition_record	read	backend/src/modules/wfm-extensions/wfm-ext.service.ts
wfm-extensions	wfm_roster_swap_request	write	backend/src/modules/wfm-extensions/wfm-ext.service.ts
wfm-extensions	wfm_roster_assignment	write	backend/src/modules/wfm-extensions/wfm-ext.service.ts
wfm-extensions	wfm_roster_conflict_log	write	backend/src/modules/wfm-extensions/wfm-ext.service.ts
wfm-extensions	wfm_coverage_snapshot	write	backend/src/modules/wfm-extensions/wfm-ext.service.ts
wfm-extensions	attrition_record	write	backend/src/modules/wfm-extensions/wfm-ext.service.ts
work-inbox	peopleos	read	backend/src/modules/work-inbox/action-item-registry.ts
work-inbox	work_item	write	backend/src/modules/work-inbox/work-inbox.routes.ts
work-inbox	work_item	read	backend/src/modules/work-inbox/work-inbox.service.ts
work-inbox	their	read	backend/src/modules/work-inbox/work-inbox.service.ts
work-inbox	before	read	backend/src/modules/work-inbox/work-inbox.service.ts
work-inbox	COALESCE	read	backend/src/modules/work-inbox/work-inbox.service.ts
work-inbox	leave_request	read	backend/src/modules/work-inbox/work-inbox.service.ts
work-inbox	employees	read	backend/src/modules/work-inbox/work-inbox.service.ts
work-inbox	exit_clearance_task	read	backend/src/modules/work-inbox/work-inbox.service.ts
work-inbox	candidate_bgv_check	read	backend/src/modules/work-inbox/work-inbox.service.ts
work-inbox	ats_candidate	read	backend/src/modules/work-inbox/work-inbox.service.ts
work-inbox	work_inbox_item	read	backend/src/modules/work-inbox/work-inbox.service.ts
work-inbox	getUnifiedInboxSummary	read	backend/src/modules/work-inbox/work-inbox.service.ts
work-inbox	work_item	write	backend/src/modules/work-inbox/work-inbox.service.ts
work-inbox	work_item_audit_log	write	backend/src/modules/work-inbox/work-inbox.service.ts
workflow	approval_workflow_master	read	backend/src/modules/workflow/workflow.service.ts
workflow	approval_workflow_step	read	backend/src/modules/workflow/workflow.service.ts
workflow	approval_request	read	backend/src/modules/workflow/workflow.service.ts
workflow	auth_user	read	backend/src/modules/workflow/workflow.service.ts
workflow	employees	read	backend/src/modules/workflow/workflow.service.ts
workflow	approval_action_log	read	backend/src/modules/workflow/workflow.service.ts
workflow	approval_request	write	backend/src/modules/workflow/workflow.service.ts
workflow	approval_action_log	write	backend/src/modules/workflow/workflow.service.ts
workforce-mandate	employees	read	backend/src/modules/workforce-mandate/hc-formula.service.ts
workforce-mandate	exit_request	read	backend/src/modules/workforce-mandate/hc-formula.service.ts
workforce-mandate	leave_request	read	backend/src/modules/workforce-mandate/hc-formula.service.ts
workforce-mandate	ats_candidate	read	backend/src/modules/workforce-mandate/hc-formula.service.ts
workforce-mandate	attendance_daily_record	read	backend/src/modules/workforce-mandate/hc-formula.service.ts
workforce-mandate	workforce_mandate	read	backend/src/modules/workforce-mandate/hc-formula.service.ts
workforce-mandate	process_master	read	backend/src/modules/workforce-mandate/hc-formula.service.ts
workforce-mandate	branch_master	read	backend/src/modules/workforce-mandate/hc-formula.service.ts
workforce-mandate	mas_hrms	read	backend/src/modules/workforce-mandate/hc-gap-alert.cron.ts
workforce-mandate	live_counts	read	backend/src/modules/workforce-mandate/hc-gap-alert.cron.ts
workforce-mandate	formula	read	backend/src/modules/workforce-mandate/hc-gap-alert.cron.ts
workforce-mandate	mas_hrms	write	backend/src/modules/workforce-mandate/hc-gap-alert.cron.ts
workforce-mandate	workforce_mandate	read	backend/src/modules/workforce-mandate/manpower-risk.routes.ts
workforce-mandate	process_master	read	backend/src/modules/workforce-mandate/manpower-risk.routes.ts
workforce-mandate	branch_master	read	backend/src/modules/workforce-mandate/manpower-risk.routes.ts
workforce-mandate	employees	read	backend/src/modules/workforce-mandate/manpower-risk.routes.ts
workforce-mandate	exit_request	read	backend/src/modules/workforce-mandate/manpower-risk.routes.ts
workforce-mandate	departments	read	backend/src/modules/workforce-mandate/manpower-risk.routes.ts
workforce-mandate	designations	read	backend/src/modules/workforce-mandate/manpower-risk.routes.ts
workforce-mandate	workforce_mandate	read	backend/src/modules/workforce-mandate/workforce.mandate.routes.ts
workforce-mandate	process_master	read	backend/src/modules/workforce-mandate/workforce.mandate.routes.ts
workforce-mandate	branch_master	read	backend/src/modules/workforce-mandate/workforce.mandate.routes.ts
workforce-mandate	employees	read	backend/src/modules/workforce-mandate/workforce.mandate.routes.ts
workforce-mandate	exit_request	read	backend/src/modules/workforce-mandate/workforce.mandate.routes.ts
workforce-mandate	leave_request	read	backend/src/modules/workforce-mandate/workforce.mandate.routes.ts
workforce-mandate	ats_candidate	read	backend/src/modules/workforce-mandate/workforce.mandate.routes.ts
workforce-mandate	workforce_mandate	read	backend/src/modules/workforce-mandate/workforce.mandate.service.ts
workforce-mandate	process_master	read	backend/src/modules/workforce-mandate/workforce.mandate.service.ts
workforce-mandate	branch_master	read	backend/src/modules/workforce-mandate/workforce.mandate.service.ts
workforce-mandate	employees	read	backend/src/modules/workforce-mandate/workforce.mandate.service.ts
workforce-mandate	exit_request	read	backend/src/modules/workforce-mandate/workforce.mandate.service.ts
workforce-mandate	leave_request	read	backend/src/modules/workforce-mandate/workforce.mandate.service.ts
workforce-mandate	ats_candidate	read	backend/src/modules/workforce-mandate/workforce.mandate.service.ts
workforce-mandate	ats_onboarding_bridge	read	backend/src/modules/workforce-mandate/workforce.mandate.service.ts
workforce-mandate	support_role_ratio	read	backend/src/modules/workforce-mandate/workforce.mandate.service.ts
workforce-mandate	designation_master	read	backend/src/modules/workforce-mandate/workforce.mandate.service.ts
workforce-mandate	workforce_mandate	write	backend/src/modules/workforce-mandate/workforce.mandate.service.ts
_platform	PeopleOS	read	backend/src/platform/data-governance.ts
_platform	upstream	read	backend/src/platform/data-governance.ts
_platform	COSEC	read	backend/src/platform/data-governance.ts
_platform	PAYROLL_ROLES	read	backend/src/platform/data-governance.ts
_platform	requireRole	read	backend/src/platform/policy/permissions.ts
_platform	shared	read	backend/src/platform/policy/roles.ts
_routes	memory	read	backend/src/routes/health.routes.ts
_routes	different	read	backend/src/routes/health.routes.ts
_scripts	whether	read	backend/src/scripts/apply-master-activity-status.ts
_scripts	salary_data	read	backend/src/scripts/apply-master-activity-status.ts
_scripts	inv_particulars	read	backend/src/scripts/apply-master-activity-status.ts
_scripts	cost_master	read	backend/src/scripts/apply-master-activity-status.ts
_scripts	cost_centre_master	read	backend/src/scripts/apply-master-activity-status.ts
_scripts	branch_master	read	backend/src/scripts/apply-master-activity-status.ts
_scripts	employees	read	backend/src/scripts/apply-master-activity-status.ts
_scripts	inv_particulars	read	backend/src/scripts/close-unruled-cost-centres.ts
_scripts	cost_master	read	backend/src/scripts/close-unruled-cost-centres.ts
_scripts	cost_centre_master	read	backend/src/scripts/close-unruled-cost-centres.ts
_scripts	cost_centre_master	write	backend/src/scripts/close-unruled-cost-centres.ts
_scripts	COLUMNS	read	backend/src/scripts/privacy-encryption-coverage.ts
_scripts	COLUMNS	read	backend/src/scripts/privacy-inventory-scan.ts
_scripts	salary_data	read	backend/src/scripts/reconcile-cost-centre-activity.ts
_scripts	inv_particulars	read	backend/src/scripts/reconcile-cost-centre-activity.ts
_scripts	cost_master	read	backend/src/scripts/reconcile-cost-centre-activity.ts
_scripts	silently	read	backend/src/scripts/reconcile-cost-centre-activity.ts
_scripts	cost_centre_master	read	backend/src/scripts/reconcile-cost-centre-activity.ts
_scripts	branch_master	read	backend/src/scripts/reconcile-cost-centre-activity.ts
_scripts	employees	read	backend/src/scripts/reconcile-cost-centre-activity.ts
_scripts	billing	read	backend/src/scripts/reconcile-cost-centre-activity.ts
_scripts	employee_joining_document_file	read	backend/src/scripts/reconcile-pending-esign.ts
_scripts	employee_document_esign_transaction	read	backend/src/scripts/reconcile-pending-esign.ts
_scripts	employees	read	backend/src/scripts/reconcile-pending-esign.ts
_scripts	employee_joining_document_checklist	read	backend/src/scripts/reconcile-pending-esign.ts
_server.ts	production	read	backend/src/server.ts
_services	ats_recruiter_roster	read	backend/src/services/ats-notification.helper.ts
_services	employees	read	backend/src/services/ats-notification.helper.ts
_services	auth_user	read	backend/src/services/ats-notification.helper.ts
_services	user_roles	read	backend/src/services/ats-notification.helper.ts
_services	config	read	backend/src/services/ats-notification.helper.ts
_services	database	read	backend/src/services/notification.service.ts
_services	smtp_config	read	backend/src/services/notification.service.ts
_services	sms_config	read	backend/src/services/notification.service.ts
_services	notification_template	read	backend/src/services/notification.service.ts
_services	push_subscriptions	read	backend/src/services/notification.service.ts
_services	notification_log	write	backend/src/services/notification.service.ts
_services	notification	write	backend/src/services/notification.service.ts
_services	push_subscriptions	write	backend/src/services/notification.service.ts
_services	process_master	read	backend/src/services/roi-efficiency.service.ts
_services	employees	read	backend/src/services/roi-efficiency.service.ts
_services	integration_call_daily	read	backend/src/services/roi-efficiency.service.ts
_services	salary_prep_line	read	backend/src/services/roi-efficiency.service.ts
_services	salary_prep_run	read	backend/src/services/roi-efficiency.service.ts
_services	kpi_daily_actual	read	backend/src/services/roi-efficiency.service.ts
_services	kpi_metric_master	read	backend/src/services/roi-efficiency.service.ts
_services	snake_case	read	backend/src/services/roi-efficiency.service.ts
_shared	absence_penalty_config	read	backend/src/shared/absencePenaltyConfig.ts
_shared	absence_penalty_config	write	backend/src/shared/absencePenaltyConfig.ts
_shared	employees	read	backend/src/shared/accessGuard.ts
_shared	employee_salary_assignment	read	backend/src/shared/accessGuard.ts
_shared	user_roles	read	backend/src/shared/accessGuard.ts
_shared	MySQL	read	backend/src/shared/accessGuard.ts
_shared	user_assignment_scope	read	backend/src/shared/accessGuard.ts
_shared	refreshAccess	read	backend/src/shared/accountStatus.ts
_shared	employees	read	backend/src/shared/accountStatus.ts
_shared	auth_user	read	backend/src/shared/accountStatus.ts
_shared	alert_cooldown	read	backend/src/shared/alert-cooldown.ts
_shared	alert_cooldown	write	backend/src/shared/alert-cooldown.ts
_shared	employees	read	backend/src/shared/approvalEscalation.ts
_shared	leave_request	read	backend/src/shared/approvalEscalation.ts
_shared	existing	read	backend/src/shared/attendanceRestore.ts
_shared	source	read	backend/src/shared/attendanceRestore.ts
_shared	biometric	read	backend/src/shared/attendanceRestore.ts
_shared	attendance_daily_record	read	backend/src/shared/attendanceRestore.ts
_shared	attendance_daily_record	write	backend/src/shared/attendanceRestore.ts
_shared	attendance_daily_record	read	backend/src/shared/attendanceSnapshot.ts
_shared	attendance_state_snapshot	read	backend/src/shared/attendanceSnapshot.ts
_shared	wfm_attendance_session	read	backend/src/shared/attendanceStatus.ts
_shared	attendance_status	read	backend/src/shared/attendanceStatus.ts
_shared	attendance_daily_record	read	backend/src/shared/attendanceStatus.ts
_shared	audit_action_log	write	backend/src/shared/auditLog.ts
_shared	sensitive_action_log	write	backend/src/shared/auditLog.ts
_shared	every	read	backend/src/shared/bankAccountDuplicate.ts
_shared	employee_bank_detail	read	backend/src/shared/bankAccountDuplicate.ts
_shared	employees	read	backend/src/shared/bankAccountDuplicate.ts
_shared	costCentreService	read	backend/src/shared/cost-centre-sync.ts
_shared	branch_master	read	backend/src/shared/cost-centre-sync.ts
_shared	client_master	read	backend/src/shared/cost-centre-sync.ts
_shared	process_master	read	backend/src/shared/cost-centre-sync.ts
_shared	salary_cost_centre	write	backend/src/shared/cost-centre-sync.ts
_shared	process_master	write	backend/src/shared/cost-centre-sync.ts
_shared	variant	read	backend/src/shared/dashboardAccessRegistry.ts
_shared	allowedRoleKeys	read	backend/src/shared/dashboardAccessRegistry.ts
_shared	TARGET	read	backend/src/shared/dashboardMetricContract.ts
_shared	variancePct	read	backend/src/shared/dashboardMetricContract.ts
_shared	ORG_ALL_ROLES	read	backend/src/shared/dashboardScope.ts
_shared	user_assignment_scope	read	backend/src/shared/dashboardScope.ts
_shared	employees	read	backend/src/shared/dashboardScope.ts
_shared	their	read	backend/src/shared/dashboardScope.ts
_shared	branch_master	read	backend/src/shared/dashboardScope.ts
_shared	process_master	read	backend/src/shared/dashboardScope.ts
_shared	employees	read	backend/src/shared/dashboardSqlManifest.ts
_shared	carries	write	backend/src/shared/deadlockRetry.ts
_shared	user_roles	read	backend/src/shared/demoAuth.ts
_shared	modules	read	backend/src/shared/email-domains.ts
_shared	payroll	read	backend/src/shared/employeeDeprovisioning.ts
_shared	leave_request	read	backend/src/shared/employeeDeprovisioning.ts
_shared	being	read	backend/src/shared/employeeDeprovisioning.ts
_shared	asset_assignment	read	backend/src/shared/employeeDeprovisioning.ts
_shared	employee_asset_assignment	write	backend/src/shared/employeeDeprovisioning.ts
_shared	lms_employee_mapping	write	backend/src/shared/employeeDeprovisioning.ts
_shared	leave_requests	write	backend/src/shared/employeeDeprovisioning.ts
_shared	flipped	write	backend/src/shared/employeeDeprovisioning.ts
_shared	employees	read	backend/src/shared/employeeIdentifierRedaction.ts
_shared	every	read	backend/src/shared/employeeIdentifierRedaction.ts
_shared	cryptoColumnHygiene	read	backend/src/shared/employeeIdentifierRedaction.ts
_shared	employees	read	backend/src/shared/enterpriseScope.ts
_shared	user_roles	read	backend/src/shared/enterpriseScope.ts
_shared	user_assignment_scope	read	backend/src/shared/enterpriseScope.ts
_shared	resolveFinanceStageRole	read	backend/src/shared/financeApprovalEvent.ts
_shared	finance_approval_event	read	backend/src/shared/financeApprovalEvent.ts
_shared	finance_approval_event	write	backend/src/shared/financeApprovalEvent.ts
_shared	ats_onboarding_bridge	read	backend/src/shared/identityVerificationPropagation.ts
_shared	default	write	backend/src/shared/identityVerificationPropagation.ts
_shared	employees	write	backend/src/shared/identityVerificationPropagation.ts
_shared	employees	read	backend/src/shared/leaveChargeableDays.ts
_shared	leave_holiday_master	read	backend/src/shared/leaveChargeableDays.ts
_shared	holiday_cost_centre_mapping	read	backend/src/shared/leaveChargeableDays.ts
_shared	holiday_designation_mapping	read	backend/src/shared/leaveChargeableDays.ts
_shared	wfm_roster_assignment	read	backend/src/shared/leaveChargeableDays.ts
_shared	appearing	read	backend/src/shared/logRedaction.ts
_shared	logSensitiveAction	read	backend/src/shared/moneyEventAudit.ts
_shared	sensitive_action_log	write	backend/src/shared/moneyEventAudit.ts
_shared	notification_dispatch_block	read	backend/src/shared/notification-dispatch-block.ts
_shared	being	read	backend/src/shared/piiCiphertext.ts
_shared	individual	read	backend/src/shared/portalMask.ts
_shared	designation	read	backend/src/shared/positionHierarchy.ts
_shared	user_roles	read	backend/src/shared/rbacPageMatrix.ts
_shared	every	read	backend/src/shared/rbacPageMatrix.ts
_shared	role_page_access	read	backend/src/shared/rbacPageMatrix.ts
_shared	ROLE_SPECIFIC_PAGE_CODES	read	backend/src/shared/rbacPageMatrix.ts
_shared	finance_head	read	backend/src/shared/rbacPageMatrix.ts
_shared	page_catalog	read	backend/src/shared/rbacPageMatrix.ts
_shared	employees	read	backend/src/shared/recipient-resolver.ts
_shared	branch_head_assignments	read	backend/src/shared/recipient-resolver.ts
_shared	branch_master	read	backend/src/shared/recipient-resolver.ts
_shared	task_tat_instance	read	backend/src/shared/recipient-resolver.ts
_shared	auth_user	read	backend/src/shared/recipient-resolver.ts
_shared	user_roles	read	backend/src/shared/recipient-resolver.ts
_shared	user_assignment_scope	read	backend/src/shared/recipient-resolver.ts
_shared	branch_wfm_spoc_config	read	backend/src/shared/recipient-resolver.ts
_shared	client_user	read	backend/src/shared/recipient-resolver.ts
_shared	user_roles	read	backend/src/shared/roleResolver.ts
_shared	user_assignment_scope	read	backend/src/shared/roleResolver.ts
_shared	auth_user	read	backend/src/shared/roleResolver.ts
_shared	employees	read	backend/src/shared/roleResolver.ts
_shared	user_roles	read	backend/src/shared/scopeAccess.ts
_shared	user_assignment_scope	read	backend/src/shared/scopeAccess.ts
_shared	employees	read	backend/src/shared/scopeAccess.ts
_shared	wfm_roster_plan	read	backend/src/shared/scopeAccess.ts
_shared	wfm_roster_assignment	read	backend/src/shared/scopeAccess.ts
_shared	employees	read	backend/src/shared/sessionRevocation.ts
_shared	auth_refresh_token	write	backend/src/shared/sessionRevocation.ts
_shared	user_device_sessions	write	backend/src/shared/sessionRevocation.ts
_shared	employee	read	backend/src/shared/statutoryFormat.ts
_shared	legacy	read	backend/src/shared/syncPiiEncryption.ts
_shared	work_item	read	backend/src/shared/workItem.ts
_shared	work_item	write	backend/src/shared/workItem.ts
_shared	worker_config	read	backend/src/shared/worker-config.ts
_shared	worker_config	write	backend/src/shared/worker-config.ts
_shared	mas_hrms	read	backend/src/shared/workforceRoleCatalog.ts
_shared	security_audit_event	write	backend/src/shared/writeSecurityEvent.ts
_utils	BANK_ENCRYPTION_KEY	read	backend/src/utils/encryption.ts
_workers	user_page_access	read	backend/src/workers/access-expiry.worker.ts
_workers	const	write	backend/src/workers/access-expiry.worker.ts
_workers	user_page_access	write	backend/src/workers/access-expiry.worker.ts
_workers	user_page_access_audit	write	backend/src/workers/access-expiry.worker.ts
_workers	payroll	read	backend/src/workers/all-workers.ts
_workers	server	read	backend/src/workers/all-workers.ts
_workers	dialer_db	read	backend/src/workers/apr-vicidial-sync.worker.ts
_workers	integration_config	read	backend/src/workers/apr-vicidial-sync.worker.ts
_workers	employees	read	backend/src/workers/apr-vicidial-sync.worker.ts
_workers	process_master	read	backend/src/workers/apr-vicidial-sync.worker.ts
_workers	branch_master	read	backend/src/workers/apr-vicidial-sync.worker.ts
_workers	cost_centre_master	read	backend/src/workers/apr-vicidial-sync.worker.ts
_workers	configured	read	backend/src/workers/apr-vicidial-sync.worker.ts
_workers	legacy	read	backend/src/workers/apr-vicidial-sync.worker.ts
_workers	wfm_roster_plan	read	backend/src/workers/auto-roster-scheduler.worker.ts
_workers	wfm_client_slot_requirement	read	backend/src/workers/auto-roster-scheduler.worker.ts
_workers	process_master	read	backend/src/workers/auto-roster-scheduler.worker.ts
_workers	wfm_process_planning_rule	read	backend/src/workers/auto-roster-scheduler.worker.ts
_workers	finance_budget_header	read	backend/src/workers/budget-closure-reminder.worker.ts
_workers	finance_budget_line	read	backend/src/workers/budget-closure-reminder.worker.ts
_workers	branch_master	read	backend/src/workers/budget-closure-reminder.worker.ts
_workers	finance_budget_subhead_closure	read	backend/src/workers/budget-closure-reminder.worker.ts
_workers	user_assignment_scope	read	backend/src/workers/budget-closure-reminder.worker.ts
_workers	auth_user	read	backend/src/workers/budget-closure-reminder.worker.ts
_workers	user_roles	read	backend/src/workers/budget-closure-reminder.worker.ts
_workers	employees	read	backend/src/workers/budget-closure-reminder.worker.ts
_workers	mirroring	read	backend/src/workers/db-bill-finance-sync.worker.ts
_workers	dialer	read	backend/src/workers/domains/agent-status-sync.ts
_workers	vicidial_agent_log_11_5	read	backend/src/workers/domains/agent-status-sync.ts
_workers	db_bill	read	backend/src/workers/domains/attendance-sync-handler.ts
_workers	wfm_attendance_session	write	backend/src/workers/domains/attendance-sync-handler.ts
_workers	db_bill	read	backend/src/workers/domains/bank-detail-sync-handler.ts
_workers	employee_bank_detail	write	backend/src/workers/domains/bank-detail-sync-handler.ts
_workers	staging	write	backend/src/workers/domains/base-sync-handler.ts
_workers	vw_inbound_cdr	read	backend/src/workers/domains/call-data-sync.ts
_workers	vw_outbound_cdr	read	backend/src/workers/domains/call-data-sync.ts
_workers	dialer_db	read	backend/src/workers/domains/dialer-kpi-sync.ts
_workers	vw_inbound_cdr	read	backend/src/workers/domains/dialer-kpi-sync.ts
_workers	vw_outbound_cdr	read	backend/src/workers/domains/dialer-kpi-sync.ts
_workers	employees	read	backend/src/workers/domains/dialer-kpi-sync.ts
_workers	employee_code	read	backend/src/workers/domains/dialer-kpi-sync.ts
_workers	metric_code	read	backend/src/workers/domains/dialer-kpi-sync.ts
_workers	kpi_metric	read	backend/src/workers/domains/dialer-kpi-sync.ts
_workers	kpi_process_config	read	backend/src/workers/domains/dialer-kpi-sync.ts
_workers	process_master	read	backend/src/workers/domains/dialer-kpi-sync.ts
_workers	kpi_score	write	backend/src/workers/domains/dialer-kpi-sync.ts
_workers	legacy_sync_checkpoint	read	backend/src/workers/domains/domain-sync-base.ts
_workers	mas_hrms	read	backend/src/workers/domains/domain-sync-base.ts
_workers	employees	read	backend/src/workers/domains/domain-sync-base.ts
_workers	legacy_sync_checkpoint	write	backend/src/workers/domains/domain-sync-base.ts
_workers	legacy_sync_run_log	write	backend/src/workers/domains/domain-sync-base.ts
_workers	db_bill	read	backend/src/workers/domains/employee-master-sync-handler.ts
_workers	employees	write	backend/src/workers/domains/employee-master-sync-handler.ts
_workers	legacy	read	backend/src/workers/domains/employee-sync-handler.ts
_workers	masjclrentry	read	backend/src/workers/domains/employee-sync-handler.ts
_workers	legacy_sync_checkpoint	read	backend/src/workers/domains/employee-sync-handler.ts
_workers	existing	write	backend/src/workers/domains/employee-sync-handler.ts
_workers	employees	write	backend/src/workers/domains/employee-sync-handler.ts
_workers	based	write	backend/src/workers/domains/employee-sync-handler.ts
_workers	legacy_sync_checkpoint	write	backend/src/workers/domains/employee-sync-handler.ts
_workers	legacy_sync_run_log	write	backend/src/workers/domains/employee-sync-handler.ts
_workers	db_bill	read	backend/src/workers/domains/leave-balance-sync-handler.ts
_workers	leave_request	read	backend/src/workers/domains/leave-balance-sync-handler.ts
_workers	legacy	read	backend/src/workers/domains/leave-balance-sync-handler.ts
_workers	leave_type_master	read	backend/src/workers/domains/leave-balance-sync-handler.ts
_workers	leave_balance_ledger	write	backend/src/workers/domains/leave-balance-sync-handler.ts
_workers	legacy	read	backend/src/workers/domains/leave-sync-handler.ts
_workers	leave_management	read	backend/src/workers/domains/leave-sync-handler.ts
_workers	employees	read	backend/src/workers/domains/leave-sync-handler.ts
_workers	leave_request	read	backend/src/workers/domains/leave-sync-handler.ts
_workers	existing	write	backend/src/workers/domains/leave-sync-handler.ts
_workers	leave_request	write	backend/src/workers/domains/leave-sync-handler.ts
_workers	db_bill	read	backend/src/workers/domains/salary-snapshot-sync-handler.ts
_workers	employee_salary_snapshot	write	backend/src/workers/domains/salary-snapshot-sync-handler.ts
_workers	db_bill	read	backend/src/workers/domains/statutory-sync-handler.ts
_workers	different	read	backend/src/workers/domains/statutory-sync-handler.ts
_workers	employee_statutory_info	write	backend/src/workers/domains/statutory-sync-handler.ts
_workers	esign_notification_cooldown	read	backend/src/workers/esign-compliance.worker.ts
_workers	employee_joining_document_checklist	read	backend/src/workers/esign-compliance.worker.ts
_workers	employee_joining_document_public_token	read	backend/src/workers/esign-compliance.worker.ts
_workers	employees	read	backend/src/workers/esign-compliance.worker.ts
_workers	user_roles	read	backend/src/workers/esign-compliance.worker.ts
_workers	there	read	backend/src/workers/esign-compliance.worker.ts
_workers	esign_notification_cooldown	write	backend/src/workers/esign-compliance.worker.ts
_workers	employee_document_esign_transaction	read	backend/src/workers/esign-reconciliation.worker.ts
_workers	employee_document_esign_transaction	write	backend/src/workers/esign-reconciliation.worker.ts
_workers	branch_master	read	backend/src/workers/gst-export-auto.worker.ts
_workers	gst_export_batch	read	backend/src/workers/gst-export-auto.worker.ts
_workers	integration_schedule	read	backend/src/workers/integration-scheduler.worker.ts
_workers	integration_config	read	backend/src/workers/integration-scheduler.worker.ts
_workers	claiming	read	backend/src/workers/integration-scheduler.worker.ts
_workers	integration_event_log	write	backend/src/workers/integration-scheduler.worker.ts
_workers	integration_schedule	write	backend/src/workers/integration-scheduler.worker.ts
_workers	ats_queue_token	read	backend/src/workers/interview-delay-alert.worker.ts
_workers	ats_candidate	read	backend/src/workers/interview-delay-alert.worker.ts
_workers	ats_recruiter_roster	read	backend/src/workers/interview-delay-alert.worker.ts
_workers	employees	read	backend/src/workers/interview-delay-alert.worker.ts
_workers	auth_user	read	backend/src/workers/interview-delay-alert.worker.ts
_workers	leave_type_master	read	backend/src/workers/leave-annual-el-credit.worker.ts
_workers	employees	read	backend/src/workers/leave-annual-el-credit.worker.ts
_workers	leave_el_accrual_ledger	read	backend/src/workers/leave-annual-el-credit.worker.ts
_workers	leave_el_credit_log	read	backend/src/workers/leave-annual-el-credit.worker.ts
_workers	leave_balance_ledger	write	backend/src/workers/leave-annual-el-credit.worker.ts
_workers	leave_el_credit_log	write	backend/src/workers/leave-annual-el-credit.worker.ts
_workers	leave_el_accrual_ledger	write	backend/src/workers/leave-annual-el-credit.worker.ts
_workers	leave_type_master	read	backend/src/workers/leave-monthly-credit.worker.ts
_workers	salary_start_date	read	backend/src/workers/leave-monthly-credit.worker.ts
_workers	employees	read	backend/src/workers/leave-monthly-credit.worker.ts
_workers	leave_credit_schedule	read	backend/src/workers/leave-monthly-credit.worker.ts
_workers	schedule	read	backend/src/workers/leave-monthly-credit.worker.ts
_workers	leave_el_credit_log	read	backend/src/workers/leave-monthly-credit.worker.ts
_workers	leave_balance_ledger	write	backend/src/workers/leave-monthly-credit.worker.ts
_workers	leave_el_credit_log	write	backend/src/workers/leave-monthly-credit.worker.ts
_workers	leave_el_accrual_ledger	write	backend/src/workers/leave-monthly-credit.worker.ts
_workers	legacy	read	backend/src/workers/legacy-sync-worker.ts
_workers	batch	read	backend/src/workers/legacy-sync-worker.ts
_workers	checkpoint	write	backend/src/workers/legacy-sync-worker.ts
_workers	integration_schedule	read	backend/src/workers/lms-sync.worker.ts
_workers	integration_schedule	write	backend/src/workers/lms-sync.worker.ts
_workers	last_run_at	write	backend/src/workers/lms-sync.worker.ts
_workers	employees	read	backend/src/workers/official-email-compliance.worker.ts
_workers	work_inbox_item	read	backend/src/workers/official-email-compliance.worker.ts
_workers	work_inbox_item	write	backend/src/workers/official-email-compliance.worker.ts
_workers	salary_prep_run	read	backend/src/workers/payroll-nightly-recalc.worker.ts
_workers	user_assignment_scope	read	backend/src/workers/payroll-prep-reminder.worker.ts
_workers	salary_prep_run	read	backend/src/workers/payroll-readiness-refresh.worker.ts
_workers	attendance_regularization	read	backend/src/workers/payroll-recalc-drainer.worker.ts
_workers	payroll_recalculation_queue	read	backend/src/workers/payroll-recalc-drainer.worker.ts
_workers	server	read	backend/src/workers/privacy-retention.worker.ts
_workers	ats_candidate	read	backend/src/workers/privacy-retention.worker.ts
_workers	employees	read	backend/src/workers/privacy-retention.worker.ts
_workers	data_consent	read	backend/src/workers/privacy-retention.worker.ts
_workers	data_rights_request	read	backend/src/workers/privacy-retention.worker.ts
_workers	dpdp_processing_hold	read	backend/src/workers/privacy-retention.worker.ts
_workers	privacy_retention_approval	read	backend/src/workers/privacy-retention.worker.ts
_workers	data_retention_policy	read	backend/src/workers/privacy-retention.worker.ts
_workers	ats_candidate	write	backend/src/workers/privacy-retention.worker.ts
_workers	privacy_retention_run	write	backend/src/workers/privacy-retention.worker.ts
_workers	privacy_retention_candidate	write	backend/src/workers/privacy-retention.worker.ts
_workers	privacy_disposal_certificate	write	backend/src/workers/privacy-retention.worker.ts
_workers	report_email_delivery	read	backend/src/workers/report-email-delivery.worker.ts
_workers	report_request	read	backend/src/workers/report-email-delivery.worker.ts
_workers	report_generated_file	read	backend/src/workers/report-email-delivery.worker.ts
_workers	report	read	backend/src/workers/report-email-delivery.worker.ts
_workers	report_email_delivery	write	backend/src/workers/report-email-delivery.worker.ts
_workers	report_request	write	backend/src/workers/report-email-delivery.worker.ts
_workers	report_request	read	backend/src/workers/report-generation.worker.ts
_workers	report_generated_file	read	backend/src/workers/report-generation.worker.ts
_workers	filesystem	read	backend/src/workers/report-generation.worker.ts
_workers	stale	read	backend/src/workers/report-generation.worker.ts
_workers	report_download_token	write	backend/src/workers/report-generation.worker.ts
_workers	report_generated_file	write	backend/src/workers/report-generation.worker.ts
_workers	raised	write	backend/src/workers/report-generation.worker.ts
_workers	report_request	write	backend/src/workers/report-generation.worker.ts
_workers	report_email_delivery	write	backend/src/workers/report-generation.worker.ts
_workers	report_request	read	backend/src/workers/report-stale-recovery.worker.ts
_workers	stale	read	backend/src/workers/report-stale-recovery.worker.ts
_workers	report_email_delivery	read	backend/src/workers/report-stale-recovery.worker.ts
_workers	report_generated_file	read	backend/src/workers/report-stale-recovery.worker.ts
_workers	report_request	write	backend/src/workers/report-stale-recovery.worker.ts
_workers	report_email_delivery	write	backend/src/workers/report-stale-recovery.worker.ts
_workers	user_roles	read	backend/src/workers/report-subscription.worker.ts
_workers	user_assignment_scope	read	backend/src/workers/report-subscription.worker.ts
_workers	report_subscription	read	backend/src/workers/report-subscription.worker.ts
_workers	report_subscription_run	write	backend/src/workers/report-subscription.worker.ts
_workers	report_request	write	backend/src/workers/report-subscription.worker.ts
_workers	report_subscription	write	backend/src/workers/report-subscription.worker.ts
_workers	tat_matrix_master	read	backend/src/workers/sla-breach-worker.ts
_workers	ats_candidate	read	backend/src/workers/sla-breach-worker.ts
_workers	ats_queue_token	read	backend/src/workers/sla-breach-worker.ts
_workers	ats_recruiter_roster	read	backend/src/workers/sla-breach-worker.ts
_workers	employees	read	backend/src/workers/sla-breach-worker.ts
_workers	checkpoint	read	backend/src/workers/sync-engine/change-tracking-engine.ts
_workers	CHANGETABLE	read	backend/src/workers/sync-engine/change-tracking-engine.ts
_workers	notification_event_config	read	backend/src/workers/tat-escalation.worker.ts
_workers	arrival	read	backend/src/workers/walkin-sla.cron.ts
_workers	ats_queue_token	read	backend/src/workers/walkin-sla.cron.ts
_workers	ats_candidate	read	backend/src/workers/walkin-sla.cron.ts
_workers	ats_recruiter_roster	read	backend/src/workers/walkin-sla.cron.ts
_workers	employees	read	backend/src/workers/walkin-sla.cron.ts
_workers	ats_interview_result	read	backend/src/workers/walkin-sla.cron.ts
_workers	worker_job_run	write	backend/src/workers/worker-utils.ts
